ISO-10303-21;
HEADER;
FILE_DESCRIPTION(('Open CASCADE Model'),'2;1');
FILE_NAME('Open CASCADE Shape Model','2026-06-11T22:47:32',('Author'),(
    'Open CASCADE'),'Open CASCADE STEP processor 7.8','build123d',
  'Unknown');
FILE_SCHEMA(('AUTOMOTIVE_DESIGN { 1 0 10303 214 1 1 1 1 }'));
ENDSEC;
DATA;
#1 = APPLICATION_PROTOCOL_DEFINITION('international standard',
  'automotive_design',2000,#2);
#2 = APPLICATION_CONTEXT(
  'core data for automotive mechanical design processes');
#3 = SHAPE_DEFINITION_REPRESENTATION(#4,#10);
#4 = PRODUCT_DEFINITION_SHAPE('','',#5);
#5 = PRODUCT_DEFINITION('design','',#6,#9);
#6 = PRODUCT_DEFINITION_FORMATION('','',#7);
#7 = PRODUCT('SOLID','SOLID','',(#8));
#8 = PRODUCT_CONTEXT('',#2,'mechanical');
#9 = PRODUCT_DEFINITION_CONTEXT('part definition',#2,'design');
#10 = ADVANCED_BREP_SHAPE_REPRESENTATION('',(#11,#15),#5771);
#11 = AXIS2_PLACEMENT_3D('',#12,#13,#14);
#12 = CARTESIAN_POINT('',(0.,0.,0.));
#13 = DIRECTION('',(0.,0.,1.));
#14 = DIRECTION('',(1.,0.,-0.));
#15 = MANIFOLD_SOLID_BREP('',#16);
#16 = CLOSED_SHELL('',(#17,#579,#804,#851,#1039,#1455,#1551,#1644,#1691,
    #1759,#1787,#1838,#2486,#2667,#2921,#3022,#3069,#3158,#3261,#3340,
    #3474,#3554,#3631,#3680,#3730,#3807,#3856,#3906,#3933,#3938,#4441,
    #4448,#4711,#4761,#4832,#4857,#4862,#4891,#4939,#4987,#5012,#5023,
    #5051,#5185,#5265,#5292,#5341,#5390,#5417,#5424,#5466,#5508,#5513,
    #5562,#5611,#5638,#5645,#5704,#5763,#5767));
#17 = ADVANCED_FACE('',(#18),#32,.F.);
#18 = FACE_BOUND('',#19,.F.);
#19 = EDGE_LOOP('',(#20,#55,#84,#112,#140,#168,#197,#223,#249,#275,#304,
    #325,#346,#372,#398,#425,#453,#480,#501,#525,#553));
#20 = ORIENTED_EDGE('',*,*,#21,.F.);
#21 = EDGE_CURVE('',#22,#24,#26,.T.);
#22 = VERTEX_POINT('',#23);
#23 = CARTESIAN_POINT('',(-28.,-3.,8.485281374239));
#24 = VERTEX_POINT('',#25);
#25 = CARTESIAN_POINT('',(-28.,-3.,24.));
#26 = SURFACE_CURVE('',#27,(#31,#43),.PCURVE_S1.);
#27 = LINE('',#28,#29);
#28 = CARTESIAN_POINT('',(-28.,-3.,7.));
#29 = VECTOR('',#30,1.);
#30 = DIRECTION('',(0.,0.,1.));
#31 = PCURVE('',#32,#37);
#32 = PLANE('',#33);
#33 = AXIS2_PLACEMENT_3D('',#34,#35,#36);
#34 = CARTESIAN_POINT('',(-28.,0.,0.));
#35 = DIRECTION('',(1.,0.,2.22044604925E-16));
#36 = DIRECTION('',(2.22044604925E-16,0.,-1.));
#37 = DEFINITIONAL_REPRESENTATION('',(#38),#42);
#38 = LINE('',#39,#40);
#39 = CARTESIAN_POINT('',(-7.,-3.));
#40 = VECTOR('',#41,1.);
#41 = DIRECTION('',(-1.,0.));
#42 = ( GEOMETRIC_REPRESENTATION_CONTEXT(2) 
PARAMETRIC_REPRESENTATION_CONTEXT() REPRESENTATION_CONTEXT('2D SPACE',''
  ) );
#43 = PCURVE('',#44,#49);
#44 = PLANE('',#45);
#45 = AXIS2_PLACEMENT_3D('',#46,#47,#48);
#46 = CARTESIAN_POINT('',(-28.,-3.,7.));
#47 = DIRECTION('',(0.,1.,0.));
#48 = DIRECTION('',(0.,0.,1.));
#49 = DEFINITIONAL_REPRESENTATION('',(#50),#54);
#50 = LINE('',#51,#52);
#51 = CARTESIAN_POINT('',(0.,0.));
#52 = VECTOR('',#53,1.);
#53 = DIRECTION('',(1.,0.));
#54 = ( GEOMETRIC_REPRESENTATION_CONTEXT(2) 
PARAMETRIC_REPRESENTATION_CONTEXT() REPRESENTATION_CONTEXT('2D SPACE',''
  ) );
#55 = ORIENTED_EDGE('',*,*,#56,.T.);
#56 = EDGE_CURVE('',#22,#57,#59,.T.);
#57 = VERTEX_POINT('',#58);
#58 = CARTESIAN_POINT('',(-28.,-3.,-8.485281374238));
#59 = SURFACE_CURVE('',#60,(#65,#72),.PCURVE_S1.);
#60 = CIRCLE('',#61,9.);
#61 = AXIS2_PLACEMENT_3D('',#62,#63,#64);
#62 = CARTESIAN_POINT('',(-28.,0.,0.));
#63 = DIRECTION('',(1.,-1.757905800877E-17,3.947459643112E-16));
#64 = DIRECTION('',(-3.947459643112E-16,-8.888888888889E-02,
    0.996041548045));
#65 = PCURVE('',#32,#66);
#66 = DEFINITIONAL_REPRESENTATION('',(#67),#71);
#67 = CIRCLE('',#68,9.);
#68 = AXIS2_PLACEMENT_2D('',#69,#70);
#69 = CARTESIAN_POINT('',(0.,0.));
#70 = DIRECTION('',(-0.996041548045,-8.888888888889E-02));
#71 = ( GEOMETRIC_REPRESENTATION_CONTEXT(2) 
PARAMETRIC_REPRESENTATION_CONTEXT() REPRESENTATION_CONTEXT('2D SPACE',''
  ) );
#72 = PCURVE('',#73,#78);
#73 = CYLINDRICAL_SURFACE('',#74,9.);
#74 = AXIS2_PLACEMENT_3D('',#75,#76,#77);
#75 = CARTESIAN_POINT('',(-28.,0.,0.));
#76 = DIRECTION('',(1.,0.,2.22044604925E-16));
#77 = DIRECTION('',(2.22044604925E-16,0.,-1.));
#78 = DEFINITIONAL_REPRESENTATION('',(#79),#83);
#79 = LINE('',#80,#81);
#80 = CARTESIAN_POINT('',(3.23059901597,0.));
#81 = VECTOR('',#82,1.);
#82 = DIRECTION('',(1.,0.));
#83 = ( GEOMETRIC_REPRESENTATION_CONTEXT(2) 
PARAMETRIC_REPRESENTATION_CONTEXT() REPRESENTATION_CONTEXT('2D SPACE',''
  ) );
#84 = ORIENTED_EDGE('',*,*,#85,.F.);
#85 = EDGE_CURVE('',#86,#57,#88,.T.);
#86 = VERTEX_POINT('',#87);
#87 = CARTESIAN_POINT('',(-28.,-3.,-39.));
#88 = SURFACE_CURVE('',#89,(#93,#100),.PCURVE_S1.);
#89 = LINE('',#90,#91);
#90 = CARTESIAN_POINT('',(-28.,-3.,-39.));
#91 = VECTOR('',#92,1.);
#92 = DIRECTION('',(0.,0.,1.));
#93 = PCURVE('',#32,#94);
#94 = DEFINITIONAL_REPRESENTATION('',(#95),#99);
#95 = LINE('',#96,#97);
#96 = CARTESIAN_POINT('',(39.,-3.));
#97 = VECTOR('',#98,1.);
#98 = DIRECTION('',(-1.,0.));
#99 = ( GEOMETRIC_REPRESENTATION_CONTEXT(2) 
PARAMETRIC_REPRESENTATION_CONTEXT() REPRESENTATION_CONTEXT('2D SPACE',''
  ) );
#100 = PCURVE('',#101,#106);
#101 = PLANE('',#102);
#102 = AXIS2_PLACEMENT_3D('',#103,#104,#105);
#103 = CARTESIAN_POINT('',(-28.,-3.,-39.));
#104 = DIRECTION('',(0.,1.,0.));
#105 = DIRECTION('',(0.,0.,1.));
#106 = DEFINITIONAL_REPRESENTATION('',(#107),#111);
#107 = LINE('',#108,#109);
#108 = CARTESIAN_POINT('',(0.,0.));
#109 = VECTOR('',#110,1.);
#110 = DIRECTION('',(1.,0.));
#111 = ( GEOMETRIC_REPRESENTATION_CONTEXT(2) 
PARAMETRIC_REPRESENTATION_CONTEXT() REPRESENTATION_CONTEXT('2D SPACE',''
  ) );
#112 = ORIENTED_EDGE('',*,*,#113,.T.);
#113 = EDGE_CURVE('',#86,#114,#116,.T.);
#114 = VERTEX_POINT('',#115);
#115 = CARTESIAN_POINT('',(-28.,3.,-39.));
#116 = SURFACE_CURVE('',#117,(#121,#128),.PCURVE_S1.);
#117 = LINE('',#118,#119);
#118 = CARTESIAN_POINT('',(-28.,-3.,-39.));
#119 = VECTOR('',#120,1.);
#120 = DIRECTION('',(0.,1.,0.));
#121 = PCURVE('',#32,#122);
#122 = DEFINITIONAL_REPRESENTATION('',(#123),#127);
#123 = LINE('',#124,#125);
#124 = CARTESIAN_POINT('',(39.,-3.));
#125 = VECTOR('',#126,1.);
#126 = DIRECTION('',(0.,1.));
#127 = ( GEOMETRIC_REPRESENTATION_CONTEXT(2) 
PARAMETRIC_REPRESENTATION_CONTEXT() REPRESENTATION_CONTEXT('2D SPACE',''
  ) );
#128 = PCURVE('',#129,#134);
#129 = PLANE('',#130);
#130 = AXIS2_PLACEMENT_3D('',#131,#132,#133);
#131 = CARTESIAN_POINT('',(-28.,-3.,-39.));
#132 = DIRECTION('',(0.,0.,1.));
#133 = DIRECTION('',(1.,0.,0.));
#134 = DEFINITIONAL_REPRESENTATION('',(#135),#139);
#135 = LINE('',#136,#137);
#136 = CARTESIAN_POINT('',(0.,0.));
#137 = VECTOR('',#138,1.);
#138 = DIRECTION('',(0.,1.));
#139 = ( GEOMETRIC_REPRESENTATION_CONTEXT(2) 
PARAMETRIC_REPRESENTATION_CONTEXT() REPRESENTATION_CONTEXT('2D SPACE',''
  ) );
#140 = ORIENTED_EDGE('',*,*,#141,.T.);
#141 = EDGE_CURVE('',#114,#142,#144,.T.);
#142 = VERTEX_POINT('',#143);
#143 = CARTESIAN_POINT('',(-28.,3.,-8.485281374238));
#144 = SURFACE_CURVE('',#145,(#149,#156),.PCURVE_S1.);
#145 = LINE('',#146,#147);
#146 = CARTESIAN_POINT('',(-28.,3.,-39.));
#147 = VECTOR('',#148,1.);
#148 = DIRECTION('',(0.,0.,1.));
#149 = PCURVE('',#32,#150);
#150 = DEFINITIONAL_REPRESENTATION('',(#151),#155);
#151 = LINE('',#152,#153);
#152 = CARTESIAN_POINT('',(39.,3.));
#153 = VECTOR('',#154,1.);
#154 = DIRECTION('',(-1.,0.));
#155 = ( GEOMETRIC_REPRESENTATION_CONTEXT(2) 
PARAMETRIC_REPRESENTATION_CONTEXT() REPRESENTATION_CONTEXT('2D SPACE',''
  ) );
#156 = PCURVE('',#157,#162);
#157 = PLANE('',#158);
#158 = AXIS2_PLACEMENT_3D('',#159,#160,#161);
#159 = CARTESIAN_POINT('',(-28.,3.,-39.));
#160 = DIRECTION('',(0.,1.,0.));
#161 = DIRECTION('',(0.,0.,1.));
#162 = DEFINITIONAL_REPRESENTATION('',(#163),#167);
#163 = LINE('',#164,#165);
#164 = CARTESIAN_POINT('',(0.,0.));
#165 = VECTOR('',#166,1.);
#166 = DIRECTION('',(1.,0.));
#167 = ( GEOMETRIC_REPRESENTATION_CONTEXT(2) 
PARAMETRIC_REPRESENTATION_CONTEXT() REPRESENTATION_CONTEXT('2D SPACE',''
  ) );
#168 = ORIENTED_EDGE('',*,*,#169,.T.);
#169 = EDGE_CURVE('',#142,#170,#172,.T.);
#170 = VERTEX_POINT('',#171);
#171 = CARTESIAN_POINT('',(-28.,8.062257748299,-4.));
#172 = SURFACE_CURVE('',#173,(#178,#185),.PCURVE_S1.);
#173 = CIRCLE('',#174,9.);
#174 = AXIS2_PLACEMENT_3D('',#175,#176,#177);
#175 = CARTESIAN_POINT('',(-28.,0.,0.));
#176 = DIRECTION('',(1.,-1.757905800877E-17,3.947459643112E-16));
#177 = DIRECTION('',(-3.947459643112E-16,-8.888888888889E-02,
    0.996041548045));
#178 = PCURVE('',#32,#179);
#179 = DEFINITIONAL_REPRESENTATION('',(#180),#184);
#180 = CIRCLE('',#181,9.);
#181 = AXIS2_PLACEMENT_2D('',#182,#183);
#182 = CARTESIAN_POINT('',(0.,0.));
#183 = DIRECTION('',(-0.996041548045,-8.888888888889E-02));
#184 = ( GEOMETRIC_REPRESENTATION_CONTEXT(2) 
PARAMETRIC_REPRESENTATION_CONTEXT() REPRESENTATION_CONTEXT('2D SPACE',''
  ) );
#185 = PCURVE('',#186,#191);
#186 = CYLINDRICAL_SURFACE('',#187,9.);
#187 = AXIS2_PLACEMENT_3D('',#188,#189,#190);
#188 = CARTESIAN_POINT('',(-28.,0.,0.));
#189 = DIRECTION('',(1.,0.,2.22044604925E-16));
#190 = DIRECTION('',(2.22044604925E-16,0.,-1.));
#191 = DEFINITIONAL_REPRESENTATION('',(#192),#196);
#192 = LINE('',#193,#194);
#193 = CARTESIAN_POINT('',(3.23059901597,0.));
#194 = VECTOR('',#195,1.);
#195 = DIRECTION('',(1.,0.));
#196 = ( GEOMETRIC_REPRESENTATION_CONTEXT(2) 
PARAMETRIC_REPRESENTATION_CONTEXT() REPRESENTATION_CONTEXT('2D SPACE',''
  ) );
#197 = ORIENTED_EDGE('',*,*,#198,.T.);
#198 = EDGE_CURVE('',#170,#199,#201,.T.);
#199 = VERTEX_POINT('',#200);
#200 = CARTESIAN_POINT('',(-28.,7.272135955,-4.));
#201 = SURFACE_CURVE('',#202,(#206,#212),.PCURVE_S1.);
#202 = LINE('',#203,#204);
#203 = CARTESIAN_POINT('',(-28.,1.4,-4.));
#204 = VECTOR('',#205,1.);
#205 = DIRECTION('',(0.,-1.,0.));
#206 = PCURVE('',#32,#207);
#207 = DEFINITIONAL_REPRESENTATION('',(#208),#211);
#208 = B_SPLINE_CURVE_WITH_KNOTS('',1,(#209,#210),.UNSPECIFIED.,.F.,.F.,
  (2,2),(-7.6,7.6),.PIECEWISE_BEZIER_KNOTS.);
#209 = CARTESIAN_POINT('',(4.,9.));
#210 = CARTESIAN_POINT('',(4.,-6.2));
#211 = ( GEOMETRIC_REPRESENTATION_CONTEXT(2) 
PARAMETRIC_REPRESENTATION_CONTEXT() REPRESENTATION_CONTEXT('2D SPACE',''
  ) );
#212 = PCURVE('',#213,#218);
#213 = PLANE('',#214);
#214 = AXIS2_PLACEMENT_3D('',#215,#216,#217);
#215 = CARTESIAN_POINT('',(-24.,2.8,-4.));
#216 = DIRECTION('',(0.,0.,1.));
#217 = DIRECTION('',(1.,0.,0.));
#218 = DEFINITIONAL_REPRESENTATION('',(#219),#222);
#219 = B_SPLINE_CURVE_WITH_KNOTS('',1,(#220,#221),.UNSPECIFIED.,.F.,.F.,
  (2,2),(-7.6,7.6),.PIECEWISE_BEZIER_KNOTS.);
#220 = CARTESIAN_POINT('',(-4.,6.2));
#221 = CARTESIAN_POINT('',(-4.,-9.));
#222 = ( GEOMETRIC_REPRESENTATION_CONTEXT(2) 
PARAMETRIC_REPRESENTATION_CONTEXT() REPRESENTATION_CONTEXT('2D SPACE',''
  ) );
#223 = ORIENTED_EDGE('',*,*,#224,.T.);
#224 = EDGE_CURVE('',#199,#225,#227,.T.);
#225 = VERTEX_POINT('',#226);
#226 = CARTESIAN_POINT('',(-28.,7.272135955,0.));
#227 = SURFACE_CURVE('',#228,(#232,#238),.PCURVE_S1.);
#228 = LINE('',#229,#230);
#229 = CARTESIAN_POINT('',(-28.,7.272135955,-4.));
#230 = VECTOR('',#231,1.);
#231 = DIRECTION('',(0.,0.,1.));
#232 = PCURVE('',#32,#233);
#233 = DEFINITIONAL_REPRESENTATION('',(#234),#237);
#234 = B_SPLINE_CURVE_WITH_KNOTS('',1,(#235,#236),.UNSPECIFIED.,.F.,.F.,
  (2,2),(-5.999999990181E-07,4.0000006),.PIECEWISE_BEZIER_KNOTS.);
#235 = CARTESIAN_POINT('',(4.0000006,7.272135955));
#236 = CARTESIAN_POINT('',(-6.000000007944E-07,7.272135955));
#237 = ( GEOMETRIC_REPRESENTATION_CONTEXT(2) 
PARAMETRIC_REPRESENTATION_CONTEXT() REPRESENTATION_CONTEXT('2D SPACE',''
  ) );
#238 = PCURVE('',#239,#244);
#239 = CYLINDRICAL_SURFACE('',#240,6.);
#240 = AXIS2_PLACEMENT_3D('',#241,#242,#243);
#241 = CARTESIAN_POINT('',(-24.,2.8,-4.));
#242 = DIRECTION('',(0.,0.,1.));
#243 = DIRECTION('',(1.,0.,0.));
#244 = DEFINITIONAL_REPRESENTATION('',(#245),#248);
#245 = B_SPLINE_CURVE_WITH_KNOTS('',1,(#246,#247),.UNSPECIFIED.,.F.,.F.,
  (2,2),(8.881784197001E-16,4.),.PIECEWISE_BEZIER_KNOTS.);
#246 = CARTESIAN_POINT('',(2.300523983022,0.));
#247 = CARTESIAN_POINT('',(2.300523983022,4.));
#248 = ( GEOMETRIC_REPRESENTATION_CONTEXT(2) 
PARAMETRIC_REPRESENTATION_CONTEXT() REPRESENTATION_CONTEXT('2D SPACE',''
  ) );
#249 = ORIENTED_EDGE('',*,*,#250,.T.);
#250 = EDGE_CURVE('',#225,#251,#253,.T.);
#251 = VERTEX_POINT('',#252);
#252 = CARTESIAN_POINT('',(-28.,4.,-9.992007221626E-16));
#253 = SURFACE_CURVE('',#254,(#258,#264),.PCURVE_S1.);
#254 = LINE('',#255,#256);
#255 = CARTESIAN_POINT('',(-28.,1.4,0.));
#256 = VECTOR('',#257,1.);
#257 = DIRECTION('',(0.,-1.,0.));
#258 = PCURVE('',#32,#259);
#259 = DEFINITIONAL_REPRESENTATION('',(#260),#263);
#260 = B_SPLINE_CURVE_WITH_KNOTS('',1,(#261,#262),.UNSPECIFIED.,.F.,.F.,
  (2,2),(-7.4,3.796152422707),.PIECEWISE_BEZIER_KNOTS.);
#261 = CARTESIAN_POINT('',(0.,8.8));
#262 = CARTESIAN_POINT('',(0.,-2.396152422707));
#263 = ( GEOMETRIC_REPRESENTATION_CONTEXT(2) 
PARAMETRIC_REPRESENTATION_CONTEXT() REPRESENTATION_CONTEXT('2D SPACE',''
  ) );
#264 = PCURVE('',#265,#270);
#265 = PLANE('',#266);
#266 = AXIS2_PLACEMENT_3D('',#267,#268,#269);
#267 = CARTESIAN_POINT('',(-24.,2.8,0.));
#268 = DIRECTION('',(0.,0.,1.));
#269 = DIRECTION('',(1.,0.,0.));
#270 = DEFINITIONAL_REPRESENTATION('',(#271),#274);
#271 = B_SPLINE_CURVE_WITH_KNOTS('',1,(#272,#273),.UNSPECIFIED.,.F.,.F.,
  (2,2),(-7.4,3.796152422707),.PIECEWISE_BEZIER_KNOTS.);
#272 = CARTESIAN_POINT('',(-4.,6.));
#273 = CARTESIAN_POINT('',(-4.,-5.196152422707));
#274 = ( GEOMETRIC_REPRESENTATION_CONTEXT(2) 
PARAMETRIC_REPRESENTATION_CONTEXT() REPRESENTATION_CONTEXT('2D SPACE',''
  ) );
#275 = ORIENTED_EDGE('',*,*,#276,.F.);
#276 = EDGE_CURVE('',#277,#251,#279,.T.);
#277 = VERTEX_POINT('',#278);
#278 = CARTESIAN_POINT('',(-28.,-1.672135955,-3.633725546598));
#279 = SURFACE_CURVE('',#280,(#285,#292),.PCURVE_S1.);
#280 = CIRCLE('',#281,4.);
#281 = AXIS2_PLACEMENT_3D('',#282,#283,#284);
#282 = CARTESIAN_POINT('',(-28.,0.,2.22044604925E-16));
#283 = DIRECTION('',(1.,0.,0.));
#284 = DIRECTION('',(0.,-0.2,0.979795897113));
#285 = PCURVE('',#32,#286);
#286 = DEFINITIONAL_REPRESENTATION('',(#287),#291);
#287 = CIRCLE('',#288,4.);
#288 = AXIS2_PLACEMENT_2D('',#289,#290);
#289 = CARTESIAN_POINT('',(-2.22044604925E-16,0.));
#290 = DIRECTION('',(-0.979795897113,-0.2));
#291 = ( GEOMETRIC_REPRESENTATION_CONTEXT(2) 
PARAMETRIC_REPRESENTATION_CONTEXT() REPRESENTATION_CONTEXT('2D SPACE',''
  ) );
#292 = PCURVE('',#293,#298);
#293 = CYLINDRICAL_SURFACE('',#294,4.);
#294 = AXIS2_PLACEMENT_3D('',#295,#296,#297);
#295 = CARTESIAN_POINT('',(-29.,0.,0.));
#296 = DIRECTION('',(1.,0.,2.22044604925E-16));
#297 = DIRECTION('',(2.22044604925E-16,0.,-1.));
#298 = DEFINITIONAL_REPRESENTATION('',(#299),#303);
#299 = LINE('',#300,#301);
#300 = CARTESIAN_POINT('',(3.34295057438,1.));
#301 = VECTOR('',#302,1.);
#302 = DIRECTION('',(1.,0.));
#303 = ( GEOMETRIC_REPRESENTATION_CONTEXT(2) 
PARAMETRIC_REPRESENTATION_CONTEXT() REPRESENTATION_CONTEXT('2D SPACE',''
  ) );
#304 = ORIENTED_EDGE('',*,*,#305,.F.);
#305 = EDGE_CURVE('',#306,#277,#308,.T.);
#306 = VERTEX_POINT('',#307);
#307 = CARTESIAN_POINT('',(-28.,-1.672135955,-4.));
#308 = SURFACE_CURVE('',#309,(#313,#319),.PCURVE_S1.);
#309 = LINE('',#310,#311);
#310 = CARTESIAN_POINT('',(-28.,-1.672135955,-4.));
#311 = VECTOR('',#312,1.);
#312 = DIRECTION('',(0.,0.,1.));
#313 = PCURVE('',#32,#314);
#314 = DEFINITIONAL_REPRESENTATION('',(#315),#318);
#315 = B_SPLINE_CURVE_WITH_KNOTS('',1,(#316,#317),.UNSPECIFIED.,.F.,.F.,
  (2,2),(-5.999999990181E-07,4.0000006),.PIECEWISE_BEZIER_KNOTS.);
#316 = CARTESIAN_POINT('',(4.0000006,-1.672135955));
#317 = CARTESIAN_POINT('',(-6.000000007944E-07,-1.672135955));
#318 = ( GEOMETRIC_REPRESENTATION_CONTEXT(2) 
PARAMETRIC_REPRESENTATION_CONTEXT() REPRESENTATION_CONTEXT('2D SPACE',''
  ) );
#319 = PCURVE('',#239,#320);
#320 = DEFINITIONAL_REPRESENTATION('',(#321),#324);
#321 = B_SPLINE_CURVE_WITH_KNOTS('',1,(#322,#323),.UNSPECIFIED.,.F.,.F.,
  (2,2),(8.881784197001E-16,0.366274453402),.PIECEWISE_BEZIER_KNOTS.);
#322 = CARTESIAN_POINT('',(3.982661324158,0.));
#323 = CARTESIAN_POINT('',(3.982661324158,0.366274453402));
#324 = ( GEOMETRIC_REPRESENTATION_CONTEXT(2) 
PARAMETRIC_REPRESENTATION_CONTEXT() REPRESENTATION_CONTEXT('2D SPACE',''
  ) );
#325 = ORIENTED_EDGE('',*,*,#326,.T.);
#326 = EDGE_CURVE('',#306,#327,#329,.T.);
#327 = VERTEX_POINT('',#328);
#328 = CARTESIAN_POINT('',(-28.,-5.262257748299,-4.));
#329 = SURFACE_CURVE('',#330,(#334,#340),.PCURVE_S1.);
#330 = LINE('',#331,#332);
#331 = CARTESIAN_POINT('',(-28.,1.4,-4.));
#332 = VECTOR('',#333,1.);
#333 = DIRECTION('',(0.,-1.,0.));
#334 = PCURVE('',#32,#335);
#335 = DEFINITIONAL_REPRESENTATION('',(#336),#339);
#336 = B_SPLINE_CURVE_WITH_KNOTS('',1,(#337,#338),.UNSPECIFIED.,.F.,.F.,
  (2,2),(-7.6,7.6),.PIECEWISE_BEZIER_KNOTS.);
#337 = CARTESIAN_POINT('',(4.,9.));
#338 = CARTESIAN_POINT('',(4.,-6.2));
#339 = ( GEOMETRIC_REPRESENTATION_CONTEXT(2) 
PARAMETRIC_REPRESENTATION_CONTEXT() REPRESENTATION_CONTEXT('2D SPACE',''
  ) );
#340 = PCURVE('',#213,#341);
#341 = DEFINITIONAL_REPRESENTATION('',(#342),#345);
#342 = B_SPLINE_CURVE_WITH_KNOTS('',1,(#343,#344),.UNSPECIFIED.,.F.,.F.,
  (2,2),(-7.6,7.6),.PIECEWISE_BEZIER_KNOTS.);
#343 = CARTESIAN_POINT('',(-4.,6.2));
#344 = CARTESIAN_POINT('',(-4.,-9.));
#345 = ( GEOMETRIC_REPRESENTATION_CONTEXT(2) 
PARAMETRIC_REPRESENTATION_CONTEXT() REPRESENTATION_CONTEXT('2D SPACE',''
  ) );
#346 = ORIENTED_EDGE('',*,*,#347,.T.);
#347 = EDGE_CURVE('',#327,#348,#350,.T.);
#348 = VERTEX_POINT('',#349);
#349 = CARTESIAN_POINT('',(-28.,-5.262257748299,4.));
#350 = SURFACE_CURVE('',#351,(#355,#361),.PCURVE_S1.);
#351 = LINE('',#352,#353);
#352 = CARTESIAN_POINT('',(-28.,-5.262257748299,-4.));
#353 = VECTOR('',#354,1.);
#354 = DIRECTION('',(0.,0.,1.));
#355 = PCURVE('',#32,#356);
#356 = DEFINITIONAL_REPRESENTATION('',(#357),#360);
#357 = B_SPLINE_CURVE_WITH_KNOTS('',1,(#358,#359),.UNSPECIFIED.,.F.,.F.,
  (2,2),(-5.999999990181E-07,8.0000006),.PIECEWISE_BEZIER_KNOTS.);
#358 = CARTESIAN_POINT('',(4.0000006,-5.262257748299));
#359 = CARTESIAN_POINT('',(-4.0000006,-5.262257748299));
#360 = ( GEOMETRIC_REPRESENTATION_CONTEXT(2) 
PARAMETRIC_REPRESENTATION_CONTEXT() REPRESENTATION_CONTEXT('2D SPACE',''
  ) );
#361 = PCURVE('',#362,#367);
#362 = CYLINDRICAL_SURFACE('',#363,9.);
#363 = AXIS2_PLACEMENT_3D('',#364,#365,#366);
#364 = CARTESIAN_POINT('',(-24.,2.8,-4.));
#365 = DIRECTION('',(0.,0.,1.));
#366 = DIRECTION('',(1.,0.,0.));
#367 = DEFINITIONAL_REPRESENTATION('',(#368),#371);
#368 = B_SPLINE_CURVE_WITH_KNOTS('',1,(#369,#370),.UNSPECIFIED.,.F.,.F.,
  (2,2),(-5.999999990181E-07,8.0000006),.PIECEWISE_BEZIER_KNOTS.);
#369 = CARTESIAN_POINT('',(4.251834988703,-5.999999999062E-07));
#370 = CARTESIAN_POINT('',(4.251834988703,8.0000006));
#371 = ( GEOMETRIC_REPRESENTATION_CONTEXT(2) 
PARAMETRIC_REPRESENTATION_CONTEXT() REPRESENTATION_CONTEXT('2D SPACE',''
  ) );
#372 = ORIENTED_EDGE('',*,*,#373,.F.);
#373 = EDGE_CURVE('',#374,#348,#376,.T.);
#374 = VERTEX_POINT('',#375);
#375 = CARTESIAN_POINT('',(-28.,-0.8,4.));
#376 = SURFACE_CURVE('',#377,(#381,#387),.PCURVE_S1.);
#377 = LINE('',#378,#379);
#378 = CARTESIAN_POINT('',(-28.,1.4,4.));
#379 = VECTOR('',#380,1.);
#380 = DIRECTION('',(0.,-1.,0.));
#381 = PCURVE('',#32,#382);
#382 = DEFINITIONAL_REPRESENTATION('',(#383),#386);
#383 = B_SPLINE_CURVE_WITH_KNOTS('',1,(#384,#385),.UNSPECIFIED.,.F.,.F.,
  (2,2),(-7.6,7.6),.PIECEWISE_BEZIER_KNOTS.);
#384 = CARTESIAN_POINT('',(-4.,9.));
#385 = CARTESIAN_POINT('',(-4.,-6.2));
#386 = ( GEOMETRIC_REPRESENTATION_CONTEXT(2) 
PARAMETRIC_REPRESENTATION_CONTEXT() REPRESENTATION_CONTEXT('2D SPACE',''
  ) );
#387 = PCURVE('',#388,#393);
#388 = PLANE('',#389);
#389 = AXIS2_PLACEMENT_3D('',#390,#391,#392);
#390 = CARTESIAN_POINT('',(-24.,2.8,4.));
#391 = DIRECTION('',(0.,0.,1.));
#392 = DIRECTION('',(1.,0.,0.));
#393 = DEFINITIONAL_REPRESENTATION('',(#394),#397);
#394 = B_SPLINE_CURVE_WITH_KNOTS('',1,(#395,#396),.UNSPECIFIED.,.F.,.F.,
  (2,2),(-7.6,7.6),.PIECEWISE_BEZIER_KNOTS.);
#395 = CARTESIAN_POINT('',(-4.,6.2));
#396 = CARTESIAN_POINT('',(-4.,-9.));
#397 = ( GEOMETRIC_REPRESENTATION_CONTEXT(2) 
PARAMETRIC_REPRESENTATION_CONTEXT() REPRESENTATION_CONTEXT('2D SPACE',''
  ) );
#398 = ORIENTED_EDGE('',*,*,#399,.T.);
#399 = EDGE_CURVE('',#374,#400,#402,.T.);
#400 = VERTEX_POINT('',#401);
#401 = CARTESIAN_POINT('',(-28.,-0.8,7.));
#402 = SURFACE_CURVE('',#403,(#407,#414),.PCURVE_S1.);
#403 = LINE('',#404,#405);
#404 = CARTESIAN_POINT('',(-28.,-0.8,1.110223024625E-16));
#405 = VECTOR('',#406,1.);
#406 = DIRECTION('',(-2.22044604925E-16,0.,1.));
#407 = PCURVE('',#32,#408);
#408 = DEFINITIONAL_REPRESENTATION('',(#409),#413);
#409 = LINE('',#410,#411);
#410 = CARTESIAN_POINT('',(-1.110223024625E-16,-0.8));
#411 = VECTOR('',#412,1.);
#412 = DIRECTION('',(-1.,0.));
#413 = ( GEOMETRIC_REPRESENTATION_CONTEXT(2) 
PARAMETRIC_REPRESENTATION_CONTEXT() REPRESENTATION_CONTEXT('2D SPACE',''
  ) );
#414 = PCURVE('',#415,#420);
#415 = PLANE('',#416);
#416 = AXIS2_PLACEMENT_3D('',#417,#418,#419);
#417 = CARTESIAN_POINT('',(-29.,-0.8,0.));
#418 = DIRECTION('',(0.,1.,0.));
#419 = DIRECTION('',(0.,0.,1.));
#420 = DEFINITIONAL_REPRESENTATION('',(#421),#424);
#421 = B_SPLINE_CURVE_WITH_KNOTS('',1,(#422,#423),.UNSPECIFIED.,.F.,.F.,
  (2,2),(-1.110223024625E-16,9.),.PIECEWISE_BEZIER_KNOTS.);
#422 = CARTESIAN_POINT('',(0.,1.));
#423 = CARTESIAN_POINT('',(9.,1.));
#424 = ( GEOMETRIC_REPRESENTATION_CONTEXT(2) 
PARAMETRIC_REPRESENTATION_CONTEXT() REPRESENTATION_CONTEXT('2D SPACE',''
  ) );
#425 = ORIENTED_EDGE('',*,*,#426,.T.);
#426 = EDGE_CURVE('',#400,#427,#429,.T.);
#427 = VERTEX_POINT('',#428);
#428 = CARTESIAN_POINT('',(-28.,0.8,7.));
#429 = SURFACE_CURVE('',#430,(#434,#441),.PCURVE_S1.);
#430 = LINE('',#431,#432);
#431 = CARTESIAN_POINT('',(-28.,-3.,7.));
#432 = VECTOR('',#433,1.);
#433 = DIRECTION('',(0.,1.,0.));
#434 = PCURVE('',#32,#435);
#435 = DEFINITIONAL_REPRESENTATION('',(#436),#440);
#436 = LINE('',#437,#438);
#437 = CARTESIAN_POINT('',(-7.,-3.));
#438 = VECTOR('',#439,1.);
#439 = DIRECTION('',(0.,1.));
#440 = ( GEOMETRIC_REPRESENTATION_CONTEXT(2) 
PARAMETRIC_REPRESENTATION_CONTEXT() REPRESENTATION_CONTEXT('2D SPACE',''
  ) );
#441 = PCURVE('',#442,#447);
#442 = PLANE('',#443);
#443 = AXIS2_PLACEMENT_3D('',#444,#445,#446);
#444 = CARTESIAN_POINT('',(-28.,-3.,7.));
#445 = DIRECTION('',(0.,0.,1.));
#446 = DIRECTION('',(1.,0.,0.));
#447 = DEFINITIONAL_REPRESENTATION('',(#448),#452);
#448 = LINE('',#449,#450);
#449 = CARTESIAN_POINT('',(0.,0.));
#450 = VECTOR('',#451,1.);
#451 = DIRECTION('',(0.,1.));
#452 = ( GEOMETRIC_REPRESENTATION_CONTEXT(2) 
PARAMETRIC_REPRESENTATION_CONTEXT() REPRESENTATION_CONTEXT('2D SPACE',''
  ) );
#453 = ORIENTED_EDGE('',*,*,#454,.F.);
#454 = EDGE_CURVE('',#455,#427,#457,.T.);
#455 = VERTEX_POINT('',#456);
#456 = CARTESIAN_POINT('',(-28.,0.8,4.));
#457 = SURFACE_CURVE('',#458,(#462,#469),.PCURVE_S1.);
#458 = LINE('',#459,#460);
#459 = CARTESIAN_POINT('',(-28.,0.8,1.110223024625E-16));
#460 = VECTOR('',#461,1.);
#461 = DIRECTION('',(-2.22044604925E-16,0.,1.));
#462 = PCURVE('',#32,#463);
#463 = DEFINITIONAL_REPRESENTATION('',(#464),#468);
#464 = LINE('',#465,#466);
#465 = CARTESIAN_POINT('',(-1.110223024625E-16,0.8));
#466 = VECTOR('',#467,1.);
#467 = DIRECTION('',(-1.,0.));
#468 = ( GEOMETRIC_REPRESENTATION_CONTEXT(2) 
PARAMETRIC_REPRESENTATION_CONTEXT() REPRESENTATION_CONTEXT('2D SPACE',''
  ) );
#469 = PCURVE('',#470,#475);
#470 = PLANE('',#471);
#471 = AXIS2_PLACEMENT_3D('',#472,#473,#474);
#472 = CARTESIAN_POINT('',(-29.,0.8,0.));
#473 = DIRECTION('',(0.,1.,0.));
#474 = DIRECTION('',(0.,0.,1.));
#475 = DEFINITIONAL_REPRESENTATION('',(#476),#479);
#476 = B_SPLINE_CURVE_WITH_KNOTS('',1,(#477,#478),.UNSPECIFIED.,.F.,.F.,
  (2,2),(-1.110223024625E-16,9.),.PIECEWISE_BEZIER_KNOTS.);
#477 = CARTESIAN_POINT('',(0.,1.));
#478 = CARTESIAN_POINT('',(9.,1.));
#479 = ( GEOMETRIC_REPRESENTATION_CONTEXT(2) 
PARAMETRIC_REPRESENTATION_CONTEXT() REPRESENTATION_CONTEXT('2D SPACE',''
  ) );
#480 = ORIENTED_EDGE('',*,*,#481,.F.);
#481 = EDGE_CURVE('',#482,#455,#484,.T.);
#482 = VERTEX_POINT('',#483);
#483 = CARTESIAN_POINT('',(-28.,8.062257748299,4.));
#484 = SURFACE_CURVE('',#485,(#489,#495),.PCURVE_S1.);
#485 = LINE('',#486,#487);
#486 = CARTESIAN_POINT('',(-28.,1.4,4.));
#487 = VECTOR('',#488,1.);
#488 = DIRECTION('',(0.,-1.,0.));
#489 = PCURVE('',#32,#490);
#490 = DEFINITIONAL_REPRESENTATION('',(#491),#494);
#491 = B_SPLINE_CURVE_WITH_KNOTS('',1,(#492,#493),.UNSPECIFIED.,.F.,.F.,
  (2,2),(-7.6,7.6),.PIECEWISE_BEZIER_KNOTS.);
#492 = CARTESIAN_POINT('',(-4.,9.));
#493 = CARTESIAN_POINT('',(-4.,-6.2));
#494 = ( GEOMETRIC_REPRESENTATION_CONTEXT(2) 
PARAMETRIC_REPRESENTATION_CONTEXT() REPRESENTATION_CONTEXT('2D SPACE',''
  ) );
#495 = PCURVE('',#388,#496);
#496 = DEFINITIONAL_REPRESENTATION('',(#497),#500);
#497 = B_SPLINE_CURVE_WITH_KNOTS('',1,(#498,#499),.UNSPECIFIED.,.F.,.F.,
  (2,2),(-7.6,7.6),.PIECEWISE_BEZIER_KNOTS.);
#498 = CARTESIAN_POINT('',(-4.,6.2));
#499 = CARTESIAN_POINT('',(-4.,-9.));
#500 = ( GEOMETRIC_REPRESENTATION_CONTEXT(2) 
PARAMETRIC_REPRESENTATION_CONTEXT() REPRESENTATION_CONTEXT('2D SPACE',''
  ) );
#501 = ORIENTED_EDGE('',*,*,#502,.T.);
#502 = EDGE_CURVE('',#482,#503,#505,.T.);
#503 = VERTEX_POINT('',#504);
#504 = CARTESIAN_POINT('',(-28.,3.,8.485281374239));
#505 = SURFACE_CURVE('',#506,(#511,#518),.PCURVE_S1.);
#506 = CIRCLE('',#507,9.);
#507 = AXIS2_PLACEMENT_3D('',#508,#509,#510);
#508 = CARTESIAN_POINT('',(-28.,0.,0.));
#509 = DIRECTION('',(1.,-1.757905800877E-17,3.947459643112E-16));
#510 = DIRECTION('',(-3.947459643112E-16,-8.888888888889E-02,
    0.996041548045));
#511 = PCURVE('',#32,#512);
#512 = DEFINITIONAL_REPRESENTATION('',(#513),#517);
#513 = CIRCLE('',#514,9.);
#514 = AXIS2_PLACEMENT_2D('',#515,#516);
#515 = CARTESIAN_POINT('',(0.,0.));
#516 = DIRECTION('',(-0.996041548045,-8.888888888889E-02));
#517 = ( GEOMETRIC_REPRESENTATION_CONTEXT(2) 
PARAMETRIC_REPRESENTATION_CONTEXT() REPRESENTATION_CONTEXT('2D SPACE',''
  ) );
#518 = PCURVE('',#186,#519);
#519 = DEFINITIONAL_REPRESENTATION('',(#520),#524);
#520 = LINE('',#521,#522);
#521 = CARTESIAN_POINT('',(3.23059901597,0.));
#522 = VECTOR('',#523,1.);
#523 = DIRECTION('',(1.,0.));
#524 = ( GEOMETRIC_REPRESENTATION_CONTEXT(2) 
PARAMETRIC_REPRESENTATION_CONTEXT() REPRESENTATION_CONTEXT('2D SPACE',''
  ) );
#525 = ORIENTED_EDGE('',*,*,#526,.T.);
#526 = EDGE_CURVE('',#503,#527,#529,.T.);
#527 = VERTEX_POINT('',#528);
#528 = CARTESIAN_POINT('',(-28.,3.,24.));
#529 = SURFACE_CURVE('',#530,(#534,#541),.PCURVE_S1.);
#530 = LINE('',#531,#532);
#531 = CARTESIAN_POINT('',(-28.,3.,7.));
#532 = VECTOR('',#533,1.);
#533 = DIRECTION('',(0.,0.,1.));
#534 = PCURVE('',#32,#535);
#535 = DEFINITIONAL_REPRESENTATION('',(#536),#540);
#536 = LINE('',#537,#538);
#537 = CARTESIAN_POINT('',(-7.,3.));
#538 = VECTOR('',#539,1.);
#539 = DIRECTION('',(-1.,0.));
#540 = ( GEOMETRIC_REPRESENTATION_CONTEXT(2) 
PARAMETRIC_REPRESENTATION_CONTEXT() REPRESENTATION_CONTEXT('2D SPACE',''
  ) );
#541 = PCURVE('',#542,#547);
#542 = PLANE('',#543);
#543 = AXIS2_PLACEMENT_3D('',#544,#545,#546);
#544 = CARTESIAN_POINT('',(-28.,3.,7.));
#545 = DIRECTION('',(0.,1.,0.));
#546 = DIRECTION('',(0.,0.,1.));
#547 = DEFINITIONAL_REPRESENTATION('',(#548),#552);
#548 = LINE('',#549,#550);
#549 = CARTESIAN_POINT('',(0.,0.));
#550 = VECTOR('',#551,1.);
#551 = DIRECTION('',(1.,0.));
#552 = ( GEOMETRIC_REPRESENTATION_CONTEXT(2) 
PARAMETRIC_REPRESENTATION_CONTEXT() REPRESENTATION_CONTEXT('2D SPACE',''
  ) );
#553 = ORIENTED_EDGE('',*,*,#554,.F.);
#554 = EDGE_CURVE('',#24,#527,#555,.T.);
#555 = SURFACE_CURVE('',#556,(#560,#567),.PCURVE_S1.);
#556 = LINE('',#557,#558);
#557 = CARTESIAN_POINT('',(-28.,-3.,24.));
#558 = VECTOR('',#559,1.);
#559 = DIRECTION('',(0.,1.,0.));
#560 = PCURVE('',#32,#561);
#561 = DEFINITIONAL_REPRESENTATION('',(#562),#566);
#562 = LINE('',#563,#564);
#563 = CARTESIAN_POINT('',(-24.,-3.));
#564 = VECTOR('',#565,1.);
#565 = DIRECTION('',(0.,1.));
#566 = ( GEOMETRIC_REPRESENTATION_CONTEXT(2) 
PARAMETRIC_REPRESENTATION_CONTEXT() REPRESENTATION_CONTEXT('2D SPACE',''
  ) );
#567 = PCURVE('',#568,#573);
#568 = PLANE('',#569);
#569 = AXIS2_PLACEMENT_3D('',#570,#571,#572);
#570 = CARTESIAN_POINT('',(-28.,-3.,24.));
#571 = DIRECTION('',(0.,0.,1.));
#572 = DIRECTION('',(1.,0.,0.));
#573 = DEFINITIONAL_REPRESENTATION('',(#574),#578);
#574 = LINE('',#575,#576);
#575 = CARTESIAN_POINT('',(0.,0.));
#576 = VECTOR('',#577,1.);
#577 = DIRECTION('',(0.,1.));
#578 = ( GEOMETRIC_REPRESENTATION_CONTEXT(2) 
PARAMETRIC_REPRESENTATION_CONTEXT() REPRESENTATION_CONTEXT('2D SPACE',''
  ) );
#579 = ADVANCED_FACE('',(#580),#44,.F.);
#580 = FACE_BOUND('',#581,.F.);
#581 = EDGE_LOOP('',(#582,#612,#633,#659,#685,#711,#730,#731,#754,#780)
  );
#582 = ORIENTED_EDGE('',*,*,#583,.F.);
#583 = EDGE_CURVE('',#584,#586,#588,.T.);
#584 = VERTEX_POINT('',#585);
#585 = CARTESIAN_POINT('',(-2.,-3.,8.485281374239));
#586 = VERTEX_POINT('',#587);
#587 = CARTESIAN_POINT('',(-2.,-3.,20.));
#588 = SURFACE_CURVE('',#589,(#593,#600),.PCURVE_S1.);
#589 = LINE('',#590,#591);
#590 = CARTESIAN_POINT('',(-2.,-3.,7.));
#591 = VECTOR('',#592,1.);
#592 = DIRECTION('',(0.,0.,1.));
#593 = PCURVE('',#44,#594);
#594 = DEFINITIONAL_REPRESENTATION('',(#595),#599);
#595 = LINE('',#596,#597);
#596 = CARTESIAN_POINT('',(0.,26.));
#597 = VECTOR('',#598,1.);
#598 = DIRECTION('',(1.,0.));
#599 = ( GEOMETRIC_REPRESENTATION_CONTEXT(2) 
PARAMETRIC_REPRESENTATION_CONTEXT() REPRESENTATION_CONTEXT('2D SPACE',''
  ) );
#600 = PCURVE('',#601,#606);
#601 = PLANE('',#602);
#602 = AXIS2_PLACEMENT_3D('',#603,#604,#605);
#603 = CARTESIAN_POINT('',(-2.,-3.,7.));
#604 = DIRECTION('',(1.,0.,0.));
#605 = DIRECTION('',(0.,0.,1.));
#606 = DEFINITIONAL_REPRESENTATION('',(#607),#611);
#607 = LINE('',#608,#609);
#608 = CARTESIAN_POINT('',(0.,0.));
#609 = VECTOR('',#610,1.);
#610 = DIRECTION('',(1.,0.));
#611 = ( GEOMETRIC_REPRESENTATION_CONTEXT(2) 
PARAMETRIC_REPRESENTATION_CONTEXT() REPRESENTATION_CONTEXT('2D SPACE',''
  ) );
#612 = ORIENTED_EDGE('',*,*,#613,.F.);
#613 = EDGE_CURVE('',#614,#584,#616,.T.);
#614 = VERTEX_POINT('',#615);
#615 = CARTESIAN_POINT('',(-8.,-3.,8.485281374239));
#616 = SURFACE_CURVE('',#617,(#621,#627),.PCURVE_S1.);
#617 = LINE('',#618,#619);
#618 = CARTESIAN_POINT('',(-28.,-3.,8.485281374239));
#619 = VECTOR('',#620,1.);
#620 = DIRECTION('',(1.,0.,2.22044604925E-16));
#621 = PCURVE('',#44,#622);
#622 = DEFINITIONAL_REPRESENTATION('',(#623),#626);
#623 = B_SPLINE_CURVE_WITH_KNOTS('',1,(#624,#625),.UNSPECIFIED.,.F.,.F.,
  (2,2),(-5.999999999062E-07,26.0000006),.PIECEWISE_BEZIER_KNOTS.);
#624 = CARTESIAN_POINT('',(1.485281374239,-6.000000034589E-07));
#625 = CARTESIAN_POINT('',(1.485281374239,26.0000006));
#626 = ( GEOMETRIC_REPRESENTATION_CONTEXT(2) 
PARAMETRIC_REPRESENTATION_CONTEXT() REPRESENTATION_CONTEXT('2D SPACE',''
  ) );
#627 = PCURVE('',#73,#628);
#628 = DEFINITIONAL_REPRESENTATION('',(#629),#632);
#629 = B_SPLINE_CURVE_WITH_KNOTS('',1,(#630,#631),.UNSPECIFIED.,.F.,.F.,
  (2,2),(-5.999999999062E-07,26.0000006),.PIECEWISE_BEZIER_KNOTS.);
#630 = CARTESIAN_POINT('',(3.481429563044,-6.000000015748E-07));
#631 = CARTESIAN_POINT('',(3.481429563044,26.0000006));
#632 = ( GEOMETRIC_REPRESENTATION_CONTEXT(2) 
PARAMETRIC_REPRESENTATION_CONTEXT() REPRESENTATION_CONTEXT('2D SPACE',''
  ) );
#633 = ORIENTED_EDGE('',*,*,#634,.T.);
#634 = EDGE_CURVE('',#614,#635,#637,.T.);
#635 = VERTEX_POINT('',#636);
#636 = CARTESIAN_POINT('',(-8.,-3.,16.));
#637 = SURFACE_CURVE('',#638,(#642,#648),.PCURVE_S1.);
#638 = LINE('',#639,#640);
#639 = CARTESIAN_POINT('',(-8.,-3.,7.5));
#640 = VECTOR('',#641,1.);
#641 = DIRECTION('',(0.,0.,1.));
#642 = PCURVE('',#44,#643);
#643 = DEFINITIONAL_REPRESENTATION('',(#644),#647);
#644 = B_SPLINE_CURVE_WITH_KNOTS('',1,(#645,#646),.UNSPECIFIED.,.F.,.F.,
  (2,2),(0.5,8.5),.PIECEWISE_BEZIER_KNOTS.);
#645 = CARTESIAN_POINT('',(1.,20.));
#646 = CARTESIAN_POINT('',(9.,20.));
#647 = ( GEOMETRIC_REPRESENTATION_CONTEXT(2) 
PARAMETRIC_REPRESENTATION_CONTEXT() REPRESENTATION_CONTEXT('2D SPACE',''
  ) );
#648 = PCURVE('',#649,#654);
#649 = PLANE('',#650);
#650 = AXIS2_PLACEMENT_3D('',#651,#652,#653);
#651 = CARTESIAN_POINT('',(-8.,-6.,8.));
#652 = DIRECTION('',(1.,0.,0.));
#653 = DIRECTION('',(0.,0.,1.));
#654 = DEFINITIONAL_REPRESENTATION('',(#655),#658);
#655 = B_SPLINE_CURVE_WITH_KNOTS('',1,(#656,#657),.UNSPECIFIED.,.F.,.F.,
  (2,2),(0.5,8.5),.PIECEWISE_BEZIER_KNOTS.);
#656 = CARTESIAN_POINT('',(-2.6645352591E-15,-3.));
#657 = CARTESIAN_POINT('',(8.,-3.));
#658 = ( GEOMETRIC_REPRESENTATION_CONTEXT(2) 
PARAMETRIC_REPRESENTATION_CONTEXT() REPRESENTATION_CONTEXT('2D SPACE',''
  ) );
#659 = ORIENTED_EDGE('',*,*,#660,.T.);
#660 = EDGE_CURVE('',#635,#661,#663,.T.);
#661 = VERTEX_POINT('',#662);
#662 = CARTESIAN_POINT('',(-22.,-3.,16.));
#663 = SURFACE_CURVE('',#664,(#668,#674),.PCURVE_S1.);
#664 = LINE('',#665,#666);
#665 = CARTESIAN_POINT('',(-25.,-3.,16.));
#666 = VECTOR('',#667,1.);
#667 = DIRECTION('',(-1.,0.,0.));
#668 = PCURVE('',#44,#669);
#669 = DEFINITIONAL_REPRESENTATION('',(#670),#673);
#670 = B_SPLINE_CURVE_WITH_KNOTS('',1,(#671,#672),.UNSPECIFIED.,.F.,.F.,
  (2,2),(-17.,-3.),.PIECEWISE_BEZIER_KNOTS.);
#671 = CARTESIAN_POINT('',(9.,20.));
#672 = CARTESIAN_POINT('',(9.,6.));
#673 = ( GEOMETRIC_REPRESENTATION_CONTEXT(2) 
PARAMETRIC_REPRESENTATION_CONTEXT() REPRESENTATION_CONTEXT('2D SPACE',''
  ) );
#674 = PCURVE('',#675,#680);
#675 = PLANE('',#676);
#676 = AXIS2_PLACEMENT_3D('',#677,#678,#679);
#677 = CARTESIAN_POINT('',(-22.,-6.,16.));
#678 = DIRECTION('',(0.,0.,1.));
#679 = DIRECTION('',(1.,0.,0.));
#680 = DEFINITIONAL_REPRESENTATION('',(#681),#684);
#681 = B_SPLINE_CURVE_WITH_KNOTS('',1,(#682,#683),.UNSPECIFIED.,.F.,.F.,
  (2,2),(-17.,-3.),.PIECEWISE_BEZIER_KNOTS.);
#682 = CARTESIAN_POINT('',(14.,3.));
#683 = CARTESIAN_POINT('',(0.,3.));
#684 = ( GEOMETRIC_REPRESENTATION_CONTEXT(2) 
PARAMETRIC_REPRESENTATION_CONTEXT() REPRESENTATION_CONTEXT('2D SPACE',''
  ) );
#685 = ORIENTED_EDGE('',*,*,#686,.F.);
#686 = EDGE_CURVE('',#687,#661,#689,.T.);
#687 = VERTEX_POINT('',#688);
#688 = CARTESIAN_POINT('',(-22.,-3.,8.485281374239));
#689 = SURFACE_CURVE('',#690,(#694,#700),.PCURVE_S1.);
#690 = LINE('',#691,#692);
#691 = CARTESIAN_POINT('',(-22.,-3.,7.5));
#692 = VECTOR('',#693,1.);
#693 = DIRECTION('',(0.,0.,1.));
#694 = PCURVE('',#44,#695);
#695 = DEFINITIONAL_REPRESENTATION('',(#696),#699);
#696 = B_SPLINE_CURVE_WITH_KNOTS('',1,(#697,#698),.UNSPECIFIED.,.F.,.F.,
  (2,2),(0.5,8.5),.PIECEWISE_BEZIER_KNOTS.);
#697 = CARTESIAN_POINT('',(1.,6.));
#698 = CARTESIAN_POINT('',(9.,6.));
#699 = ( GEOMETRIC_REPRESENTATION_CONTEXT(2) 
PARAMETRIC_REPRESENTATION_CONTEXT() REPRESENTATION_CONTEXT('2D SPACE',''
  ) );
#700 = PCURVE('',#701,#706);
#701 = PLANE('',#702);
#702 = AXIS2_PLACEMENT_3D('',#703,#704,#705);
#703 = CARTESIAN_POINT('',(-22.,-6.,8.));
#704 = DIRECTION('',(1.,0.,0.));
#705 = DIRECTION('',(0.,0.,1.));
#706 = DEFINITIONAL_REPRESENTATION('',(#707),#710);
#707 = B_SPLINE_CURVE_WITH_KNOTS('',1,(#708,#709),.UNSPECIFIED.,.F.,.F.,
  (2,2),(0.5,8.5),.PIECEWISE_BEZIER_KNOTS.);
#708 = CARTESIAN_POINT('',(-1.7763568394E-15,-3.));
#709 = CARTESIAN_POINT('',(8.,-3.));
#710 = ( GEOMETRIC_REPRESENTATION_CONTEXT(2) 
PARAMETRIC_REPRESENTATION_CONTEXT() REPRESENTATION_CONTEXT('2D SPACE',''
  ) );
#711 = ORIENTED_EDGE('',*,*,#712,.F.);
#712 = EDGE_CURVE('',#22,#687,#713,.T.);
#713 = SURFACE_CURVE('',#714,(#718,#724),.PCURVE_S1.);
#714 = LINE('',#715,#716);
#715 = CARTESIAN_POINT('',(-28.,-3.,8.485281374239));
#716 = VECTOR('',#717,1.);
#717 = DIRECTION('',(1.,0.,2.22044604925E-16));
#718 = PCURVE('',#44,#719);
#719 = DEFINITIONAL_REPRESENTATION('',(#720),#723);
#720 = B_SPLINE_CURVE_WITH_KNOTS('',1,(#721,#722),.UNSPECIFIED.,.F.,.F.,
  (2,2),(-5.999999999062E-07,26.0000006),.PIECEWISE_BEZIER_KNOTS.);
#721 = CARTESIAN_POINT('',(1.485281374239,-6.000000034589E-07));
#722 = CARTESIAN_POINT('',(1.485281374239,26.0000006));
#723 = ( GEOMETRIC_REPRESENTATION_CONTEXT(2) 
PARAMETRIC_REPRESENTATION_CONTEXT() REPRESENTATION_CONTEXT('2D SPACE',''
  ) );
#724 = PCURVE('',#73,#725);
#725 = DEFINITIONAL_REPRESENTATION('',(#726),#729);
#726 = B_SPLINE_CURVE_WITH_KNOTS('',1,(#727,#728),.UNSPECIFIED.,.F.,.F.,
  (2,2),(-5.999999999062E-07,26.0000006),.PIECEWISE_BEZIER_KNOTS.);
#727 = CARTESIAN_POINT('',(3.481429563044,-6.000000015748E-07));
#728 = CARTESIAN_POINT('',(3.481429563044,26.0000006));
#729 = ( GEOMETRIC_REPRESENTATION_CONTEXT(2) 
PARAMETRIC_REPRESENTATION_CONTEXT() REPRESENTATION_CONTEXT('2D SPACE',''
  ) );
#730 = ORIENTED_EDGE('',*,*,#21,.T.);
#731 = ORIENTED_EDGE('',*,*,#732,.T.);
#732 = EDGE_CURVE('',#24,#733,#735,.T.);
#733 = VERTEX_POINT('',#734);
#734 = CARTESIAN_POINT('',(-6.,-3.,24.));
#735 = SURFACE_CURVE('',#736,(#740,#747),.PCURVE_S1.);
#736 = LINE('',#737,#738);
#737 = CARTESIAN_POINT('',(-28.,-3.,24.));
#738 = VECTOR('',#739,1.);
#739 = DIRECTION('',(1.,0.,0.));
#740 = PCURVE('',#44,#741);
#741 = DEFINITIONAL_REPRESENTATION('',(#742),#746);
#742 = LINE('',#743,#744);
#743 = CARTESIAN_POINT('',(17.,0.));
#744 = VECTOR('',#745,1.);
#745 = DIRECTION('',(0.,1.));
#746 = ( GEOMETRIC_REPRESENTATION_CONTEXT(2) 
PARAMETRIC_REPRESENTATION_CONTEXT() REPRESENTATION_CONTEXT('2D SPACE',''
  ) );
#747 = PCURVE('',#568,#748);
#748 = DEFINITIONAL_REPRESENTATION('',(#749),#753);
#749 = LINE('',#750,#751);
#750 = CARTESIAN_POINT('',(0.,0.));
#751 = VECTOR('',#752,1.);
#752 = DIRECTION('',(1.,0.));
#753 = ( GEOMETRIC_REPRESENTATION_CONTEXT(2) 
PARAMETRIC_REPRESENTATION_CONTEXT() REPRESENTATION_CONTEXT('2D SPACE',''
  ) );
#754 = ORIENTED_EDGE('',*,*,#755,.T.);
#755 = EDGE_CURVE('',#733,#756,#758,.T.);
#756 = VERTEX_POINT('',#757);
#757 = CARTESIAN_POINT('',(-6.,-3.,20.));
#758 = SURFACE_CURVE('',#759,(#763,#769),.PCURVE_S1.);
#759 = LINE('',#760,#761);
#760 = CARTESIAN_POINT('',(-6.,-3.,13.5));
#761 = VECTOR('',#762,1.);
#762 = DIRECTION('',(0.,0.,-1.));
#763 = PCURVE('',#44,#764);
#764 = DEFINITIONAL_REPRESENTATION('',(#765),#768);
#765 = B_SPLINE_CURVE_WITH_KNOTS('',1,(#766,#767),.UNSPECIFIED.,.F.,.F.,
  (2,2),(-10.5,-6.5),.PIECEWISE_BEZIER_KNOTS.);
#766 = CARTESIAN_POINT('',(17.,22.));
#767 = CARTESIAN_POINT('',(13.,22.));
#768 = ( GEOMETRIC_REPRESENTATION_CONTEXT(2) 
PARAMETRIC_REPRESENTATION_CONTEXT() REPRESENTATION_CONTEXT('2D SPACE',''
  ) );
#769 = PCURVE('',#770,#775);
#770 = PLANE('',#771);
#771 = AXIS2_PLACEMENT_3D('',#772,#773,#774);
#772 = CARTESIAN_POINT('',(-6.,-16.,20.));
#773 = DIRECTION('',(1.,0.,0.));
#774 = DIRECTION('',(0.,0.,1.));
#775 = DEFINITIONAL_REPRESENTATION('',(#776),#779);
#776 = B_SPLINE_CURVE_WITH_KNOTS('',1,(#777,#778),.UNSPECIFIED.,.F.,.F.,
  (2,2),(-10.5,-6.5),.PIECEWISE_BEZIER_KNOTS.);
#777 = CARTESIAN_POINT('',(4.,-13.));
#778 = CARTESIAN_POINT('',(0.,-13.));
#779 = ( GEOMETRIC_REPRESENTATION_CONTEXT(2) 
PARAMETRIC_REPRESENTATION_CONTEXT() REPRESENTATION_CONTEXT('2D SPACE',''
  ) );
#780 = ORIENTED_EDGE('',*,*,#781,.T.);
#781 = EDGE_CURVE('',#756,#586,#782,.T.);
#782 = SURFACE_CURVE('',#783,(#787,#793),.PCURVE_S1.);
#783 = LINE('',#784,#785);
#784 = CARTESIAN_POINT('',(-17.,-3.,20.));
#785 = VECTOR('',#786,1.);
#786 = DIRECTION('',(1.,0.,0.));
#787 = PCURVE('',#44,#788);
#788 = DEFINITIONAL_REPRESENTATION('',(#789),#792);
#789 = B_SPLINE_CURVE_WITH_KNOTS('',1,(#790,#791),.UNSPECIFIED.,.F.,.F.,
  (2,2),(11.,15.),.PIECEWISE_BEZIER_KNOTS.);
#790 = CARTESIAN_POINT('',(13.,22.));
#791 = CARTESIAN_POINT('',(13.,26.));
#792 = ( GEOMETRIC_REPRESENTATION_CONTEXT(2) 
PARAMETRIC_REPRESENTATION_CONTEXT() REPRESENTATION_CONTEXT('2D SPACE',''
  ) );
#793 = PCURVE('',#794,#799);
#794 = PLANE('',#795);
#795 = AXIS2_PLACEMENT_3D('',#796,#797,#798);
#796 = CARTESIAN_POINT('',(-6.,-16.,20.));
#797 = DIRECTION('',(0.,0.,1.));
#798 = DIRECTION('',(1.,0.,0.));
#799 = DEFINITIONAL_REPRESENTATION('',(#800),#803);
#800 = B_SPLINE_CURVE_WITH_KNOTS('',1,(#801,#802),.UNSPECIFIED.,.F.,.F.,
  (2,2),(11.,15.),.PIECEWISE_BEZIER_KNOTS.);
#801 = CARTESIAN_POINT('',(0.,13.));
#802 = CARTESIAN_POINT('',(4.,13.));
#803 = ( GEOMETRIC_REPRESENTATION_CONTEXT(2) 
PARAMETRIC_REPRESENTATION_CONTEXT() REPRESENTATION_CONTEXT('2D SPACE',''
  ) );
#804 = ADVANCED_FACE('',(#805),#568,.T.);
#805 = FACE_BOUND('',#806,.T.);
#806 = EDGE_LOOP('',(#807,#830,#831,#832));
#807 = ORIENTED_EDGE('',*,*,#808,.F.);
#808 = EDGE_CURVE('',#527,#809,#811,.T.);
#809 = VERTEX_POINT('',#810);
#810 = CARTESIAN_POINT('',(-6.,3.,24.));
#811 = SURFACE_CURVE('',#812,(#816,#823),.PCURVE_S1.);
#812 = LINE('',#813,#814);
#813 = CARTESIAN_POINT('',(-28.,3.,24.));
#814 = VECTOR('',#815,1.);
#815 = DIRECTION('',(1.,0.,0.));
#816 = PCURVE('',#568,#817);
#817 = DEFINITIONAL_REPRESENTATION('',(#818),#822);
#818 = LINE('',#819,#820);
#819 = CARTESIAN_POINT('',(0.,6.));
#820 = VECTOR('',#821,1.);
#821 = DIRECTION('',(1.,0.));
#822 = ( GEOMETRIC_REPRESENTATION_CONTEXT(2) 
PARAMETRIC_REPRESENTATION_CONTEXT() REPRESENTATION_CONTEXT('2D SPACE',''
  ) );
#823 = PCURVE('',#542,#824);
#824 = DEFINITIONAL_REPRESENTATION('',(#825),#829);
#825 = LINE('',#826,#827);
#826 = CARTESIAN_POINT('',(17.,0.));
#827 = VECTOR('',#828,1.);
#828 = DIRECTION('',(0.,1.));
#829 = ( GEOMETRIC_REPRESENTATION_CONTEXT(2) 
PARAMETRIC_REPRESENTATION_CONTEXT() REPRESENTATION_CONTEXT('2D SPACE',''
  ) );
#830 = ORIENTED_EDGE('',*,*,#554,.F.);
#831 = ORIENTED_EDGE('',*,*,#732,.T.);
#832 = ORIENTED_EDGE('',*,*,#833,.T.);
#833 = EDGE_CURVE('',#733,#809,#834,.T.);
#834 = SURFACE_CURVE('',#835,(#839,#845),.PCURVE_S1.);
#835 = LINE('',#836,#837);
#836 = CARTESIAN_POINT('',(-6.,-9.5,24.));
#837 = VECTOR('',#838,1.);
#838 = DIRECTION('',(0.,1.,0.));
#839 = PCURVE('',#568,#840);
#840 = DEFINITIONAL_REPRESENTATION('',(#841),#844);
#841 = B_SPLINE_CURVE_WITH_KNOTS('',1,(#842,#843),.UNSPECIFIED.,.F.,.F.,
  (2,2),(6.5,12.5),.PIECEWISE_BEZIER_KNOTS.);
#842 = CARTESIAN_POINT('',(22.,0.));
#843 = CARTESIAN_POINT('',(22.,6.));
#844 = ( GEOMETRIC_REPRESENTATION_CONTEXT(2) 
PARAMETRIC_REPRESENTATION_CONTEXT() REPRESENTATION_CONTEXT('2D SPACE',''
  ) );
#845 = PCURVE('',#770,#846);
#846 = DEFINITIONAL_REPRESENTATION('',(#847),#850);
#847 = B_SPLINE_CURVE_WITH_KNOTS('',1,(#848,#849),.UNSPECIFIED.,.F.,.F.,
  (2,2),(6.5,12.5),.PIECEWISE_BEZIER_KNOTS.);
#848 = CARTESIAN_POINT('',(4.,-13.));
#849 = CARTESIAN_POINT('',(4.,-19.));
#850 = ( GEOMETRIC_REPRESENTATION_CONTEXT(2) 
PARAMETRIC_REPRESENTATION_CONTEXT() REPRESENTATION_CONTEXT('2D SPACE',''
  ) );
#851 = ADVANCED_FACE('',(#852),#542,.T.);
#852 = FACE_BOUND('',#853,.T.);
#853 = EDGE_LOOP('',(#854,#879,#900,#926,#952,#978,#997,#998,#999,#1020)
  );
#854 = ORIENTED_EDGE('',*,*,#855,.F.);
#855 = EDGE_CURVE('',#856,#858,#860,.T.);
#856 = VERTEX_POINT('',#857);
#857 = CARTESIAN_POINT('',(-2.,3.,8.485281374239));
#858 = VERTEX_POINT('',#859);
#859 = CARTESIAN_POINT('',(-2.,3.,20.));
#860 = SURFACE_CURVE('',#861,(#865,#872),.PCURVE_S1.);
#861 = LINE('',#862,#863);
#862 = CARTESIAN_POINT('',(-2.,3.,7.));
#863 = VECTOR('',#864,1.);
#864 = DIRECTION('',(0.,0.,1.));
#865 = PCURVE('',#542,#866);
#866 = DEFINITIONAL_REPRESENTATION('',(#867),#871);
#867 = LINE('',#868,#869);
#868 = CARTESIAN_POINT('',(0.,26.));
#869 = VECTOR('',#870,1.);
#870 = DIRECTION('',(1.,0.));
#871 = ( GEOMETRIC_REPRESENTATION_CONTEXT(2) 
PARAMETRIC_REPRESENTATION_CONTEXT() REPRESENTATION_CONTEXT('2D SPACE',''
  ) );
#872 = PCURVE('',#601,#873);
#873 = DEFINITIONAL_REPRESENTATION('',(#874),#878);
#874 = LINE('',#875,#876);
#875 = CARTESIAN_POINT('',(0.,-6.));
#876 = VECTOR('',#877,1.);
#877 = DIRECTION('',(1.,0.));
#878 = ( GEOMETRIC_REPRESENTATION_CONTEXT(2) 
PARAMETRIC_REPRESENTATION_CONTEXT() REPRESENTATION_CONTEXT('2D SPACE',''
  ) );
#879 = ORIENTED_EDGE('',*,*,#880,.F.);
#880 = EDGE_CURVE('',#881,#856,#883,.T.);
#881 = VERTEX_POINT('',#882);
#882 = CARTESIAN_POINT('',(-8.,3.,8.485281374239));
#883 = SURFACE_CURVE('',#884,(#888,#894),.PCURVE_S1.);
#884 = LINE('',#885,#886);
#885 = CARTESIAN_POINT('',(-28.,3.,8.485281374239));
#886 = VECTOR('',#887,1.);
#887 = DIRECTION('',(1.,0.,2.22044604925E-16));
#888 = PCURVE('',#542,#889);
#889 = DEFINITIONAL_REPRESENTATION('',(#890),#893);
#890 = B_SPLINE_CURVE_WITH_KNOTS('',1,(#891,#892),.UNSPECIFIED.,.F.,.F.,
  (2,2),(-5.999999999062E-07,26.0000006),.PIECEWISE_BEZIER_KNOTS.);
#891 = CARTESIAN_POINT('',(1.485281374239,-6.000000034589E-07));
#892 = CARTESIAN_POINT('',(1.485281374239,26.0000006));
#893 = ( GEOMETRIC_REPRESENTATION_CONTEXT(2) 
PARAMETRIC_REPRESENTATION_CONTEXT() REPRESENTATION_CONTEXT('2D SPACE',''
  ) );
#894 = PCURVE('',#186,#895);
#895 = DEFINITIONAL_REPRESENTATION('',(#896),#899);
#896 = B_SPLINE_CURVE_WITH_KNOTS('',1,(#897,#898),.UNSPECIFIED.,.F.,.F.,
  (2,2),(-5.999999999062E-07,26.0000006),.PIECEWISE_BEZIER_KNOTS.);
#897 = CARTESIAN_POINT('',(9.084941051315,-6.000000015748E-07));
#898 = CARTESIAN_POINT('',(9.084941051315,26.0000006));
#899 = ( GEOMETRIC_REPRESENTATION_CONTEXT(2) 
PARAMETRIC_REPRESENTATION_CONTEXT() REPRESENTATION_CONTEXT('2D SPACE',''
  ) );
#900 = ORIENTED_EDGE('',*,*,#901,.T.);
#901 = EDGE_CURVE('',#881,#902,#904,.T.);
#902 = VERTEX_POINT('',#903);
#903 = CARTESIAN_POINT('',(-8.,3.,16.));
#904 = SURFACE_CURVE('',#905,(#909,#915),.PCURVE_S1.);
#905 = LINE('',#906,#907);
#906 = CARTESIAN_POINT('',(-8.,3.,7.5));
#907 = VECTOR('',#908,1.);
#908 = DIRECTION('',(0.,0.,1.));
#909 = PCURVE('',#542,#910);
#910 = DEFINITIONAL_REPRESENTATION('',(#911),#914);
#911 = B_SPLINE_CURVE_WITH_KNOTS('',1,(#912,#913),.UNSPECIFIED.,.F.,.F.,
  (2,2),(0.5,8.5),.PIECEWISE_BEZIER_KNOTS.);
#912 = CARTESIAN_POINT('',(1.,20.));
#913 = CARTESIAN_POINT('',(9.,20.));
#914 = ( GEOMETRIC_REPRESENTATION_CONTEXT(2) 
PARAMETRIC_REPRESENTATION_CONTEXT() REPRESENTATION_CONTEXT('2D SPACE',''
  ) );
#915 = PCURVE('',#916,#921);
#916 = PLANE('',#917);
#917 = AXIS2_PLACEMENT_3D('',#918,#919,#920);
#918 = CARTESIAN_POINT('',(-8.,-6.,8.));
#919 = DIRECTION('',(1.,0.,0.));
#920 = DIRECTION('',(0.,0.,1.));
#921 = DEFINITIONAL_REPRESENTATION('',(#922),#925);
#922 = B_SPLINE_CURVE_WITH_KNOTS('',1,(#923,#924),.UNSPECIFIED.,.F.,.F.,
  (2,2),(0.5,8.5),.PIECEWISE_BEZIER_KNOTS.);
#923 = CARTESIAN_POINT('',(-2.6645352591E-15,-9.));
#924 = CARTESIAN_POINT('',(8.,-9.));
#925 = ( GEOMETRIC_REPRESENTATION_CONTEXT(2) 
PARAMETRIC_REPRESENTATION_CONTEXT() REPRESENTATION_CONTEXT('2D SPACE',''
  ) );
#926 = ORIENTED_EDGE('',*,*,#927,.T.);
#927 = EDGE_CURVE('',#902,#928,#930,.T.);
#928 = VERTEX_POINT('',#929);
#929 = CARTESIAN_POINT('',(-22.,3.,16.));
#930 = SURFACE_CURVE('',#931,(#935,#941),.PCURVE_S1.);
#931 = LINE('',#932,#933);
#932 = CARTESIAN_POINT('',(-25.,3.,16.));
#933 = VECTOR('',#934,1.);
#934 = DIRECTION('',(-1.,0.,0.));
#935 = PCURVE('',#542,#936);
#936 = DEFINITIONAL_REPRESENTATION('',(#937),#940);
#937 = B_SPLINE_CURVE_WITH_KNOTS('',1,(#938,#939),.UNSPECIFIED.,.F.,.F.,
  (2,2),(-17.,-3.),.PIECEWISE_BEZIER_KNOTS.);
#938 = CARTESIAN_POINT('',(9.,20.));
#939 = CARTESIAN_POINT('',(9.,6.));
#940 = ( GEOMETRIC_REPRESENTATION_CONTEXT(2) 
PARAMETRIC_REPRESENTATION_CONTEXT() REPRESENTATION_CONTEXT('2D SPACE',''
  ) );
#941 = PCURVE('',#942,#947);
#942 = PLANE('',#943);
#943 = AXIS2_PLACEMENT_3D('',#944,#945,#946);
#944 = CARTESIAN_POINT('',(-22.,-6.,16.));
#945 = DIRECTION('',(0.,0.,1.));
#946 = DIRECTION('',(1.,0.,0.));
#947 = DEFINITIONAL_REPRESENTATION('',(#948),#951);
#948 = B_SPLINE_CURVE_WITH_KNOTS('',1,(#949,#950),.UNSPECIFIED.,.F.,.F.,
  (2,2),(-17.,-3.),.PIECEWISE_BEZIER_KNOTS.);
#949 = CARTESIAN_POINT('',(14.,9.));
#950 = CARTESIAN_POINT('',(0.,9.));
#951 = ( GEOMETRIC_REPRESENTATION_CONTEXT(2) 
PARAMETRIC_REPRESENTATION_CONTEXT() REPRESENTATION_CONTEXT('2D SPACE',''
  ) );
#952 = ORIENTED_EDGE('',*,*,#953,.F.);
#953 = EDGE_CURVE('',#954,#928,#956,.T.);
#954 = VERTEX_POINT('',#955);
#955 = CARTESIAN_POINT('',(-22.,3.,8.485281374239));
#956 = SURFACE_CURVE('',#957,(#961,#967),.PCURVE_S1.);
#957 = LINE('',#958,#959);
#958 = CARTESIAN_POINT('',(-22.,3.,7.5));
#959 = VECTOR('',#960,1.);
#960 = DIRECTION('',(0.,0.,1.));
#961 = PCURVE('',#542,#962);
#962 = DEFINITIONAL_REPRESENTATION('',(#963),#966);
#963 = B_SPLINE_CURVE_WITH_KNOTS('',1,(#964,#965),.UNSPECIFIED.,.F.,.F.,
  (2,2),(0.5,8.5),.PIECEWISE_BEZIER_KNOTS.);
#964 = CARTESIAN_POINT('',(1.,6.));
#965 = CARTESIAN_POINT('',(9.,6.));
#966 = ( GEOMETRIC_REPRESENTATION_CONTEXT(2) 
PARAMETRIC_REPRESENTATION_CONTEXT() REPRESENTATION_CONTEXT('2D SPACE',''
  ) );
#967 = PCURVE('',#968,#973);
#968 = PLANE('',#969);
#969 = AXIS2_PLACEMENT_3D('',#970,#971,#972);
#970 = CARTESIAN_POINT('',(-22.,-6.,8.));
#971 = DIRECTION('',(1.,0.,0.));
#972 = DIRECTION('',(0.,0.,1.));
#973 = DEFINITIONAL_REPRESENTATION('',(#974),#977);
#974 = B_SPLINE_CURVE_WITH_KNOTS('',1,(#975,#976),.UNSPECIFIED.,.F.,.F.,
  (2,2),(0.5,8.5),.PIECEWISE_BEZIER_KNOTS.);
#975 = CARTESIAN_POINT('',(-1.7763568394E-15,-9.));
#976 = CARTESIAN_POINT('',(8.,-9.));
#977 = ( GEOMETRIC_REPRESENTATION_CONTEXT(2) 
PARAMETRIC_REPRESENTATION_CONTEXT() REPRESENTATION_CONTEXT('2D SPACE',''
  ) );
#978 = ORIENTED_EDGE('',*,*,#979,.F.);
#979 = EDGE_CURVE('',#503,#954,#980,.T.);
#980 = SURFACE_CURVE('',#981,(#985,#991),.PCURVE_S1.);
#981 = LINE('',#982,#983);
#982 = CARTESIAN_POINT('',(-28.,3.,8.485281374239));
#983 = VECTOR('',#984,1.);
#984 = DIRECTION('',(1.,0.,2.22044604925E-16));
#985 = PCURVE('',#542,#986);
#986 = DEFINITIONAL_REPRESENTATION('',(#987),#990);
#987 = B_SPLINE_CURVE_WITH_KNOTS('',1,(#988,#989),.UNSPECIFIED.,.F.,.F.,
  (2,2),(-5.999999999062E-07,26.0000006),.PIECEWISE_BEZIER_KNOTS.);
#988 = CARTESIAN_POINT('',(1.485281374239,-6.000000034589E-07));
#989 = CARTESIAN_POINT('',(1.485281374239,26.0000006));
#990 = ( GEOMETRIC_REPRESENTATION_CONTEXT(2) 
PARAMETRIC_REPRESENTATION_CONTEXT() REPRESENTATION_CONTEXT('2D SPACE',''
  ) );
#991 = PCURVE('',#186,#992);
#992 = DEFINITIONAL_REPRESENTATION('',(#993),#996);
#993 = B_SPLINE_CURVE_WITH_KNOTS('',1,(#994,#995),.UNSPECIFIED.,.F.,.F.,
  (2,2),(-5.999999999062E-07,26.0000006),.PIECEWISE_BEZIER_KNOTS.);
#994 = CARTESIAN_POINT('',(9.084941051315,-6.000000015748E-07));
#995 = CARTESIAN_POINT('',(9.084941051315,26.0000006));
#996 = ( GEOMETRIC_REPRESENTATION_CONTEXT(2) 
PARAMETRIC_REPRESENTATION_CONTEXT() REPRESENTATION_CONTEXT('2D SPACE',''
  ) );
#997 = ORIENTED_EDGE('',*,*,#526,.T.);
#998 = ORIENTED_EDGE('',*,*,#808,.T.);
#999 = ORIENTED_EDGE('',*,*,#1000,.T.);
#1000 = EDGE_CURVE('',#809,#1001,#1003,.T.);
#1001 = VERTEX_POINT('',#1002);
#1002 = CARTESIAN_POINT('',(-6.,3.,20.));
#1003 = SURFACE_CURVE('',#1004,(#1008,#1014),.PCURVE_S1.);
#1004 = LINE('',#1005,#1006);
#1005 = CARTESIAN_POINT('',(-6.,3.,13.5));
#1006 = VECTOR('',#1007,1.);
#1007 = DIRECTION('',(0.,0.,-1.));
#1008 = PCURVE('',#542,#1009);
#1009 = DEFINITIONAL_REPRESENTATION('',(#1010),#1013);
#1010 = B_SPLINE_CURVE_WITH_KNOTS('',1,(#1011,#1012),.UNSPECIFIED.,.F.,
  .F.,(2,2),(-10.5,-6.5),.PIECEWISE_BEZIER_KNOTS.);
#1011 = CARTESIAN_POINT('',(17.,22.));
#1012 = CARTESIAN_POINT('',(13.,22.));
#1013 = ( GEOMETRIC_REPRESENTATION_CONTEXT(2) 
PARAMETRIC_REPRESENTATION_CONTEXT() REPRESENTATION_CONTEXT('2D SPACE',''
  ) );
#1014 = PCURVE('',#770,#1015);
#1015 = DEFINITIONAL_REPRESENTATION('',(#1016),#1019);
#1016 = B_SPLINE_CURVE_WITH_KNOTS('',1,(#1017,#1018),.UNSPECIFIED.,.F.,
  .F.,(2,2),(-10.5,-6.5),.PIECEWISE_BEZIER_KNOTS.);
#1017 = CARTESIAN_POINT('',(4.,-19.));
#1018 = CARTESIAN_POINT('',(0.,-19.));
#1019 = ( GEOMETRIC_REPRESENTATION_CONTEXT(2) 
PARAMETRIC_REPRESENTATION_CONTEXT() REPRESENTATION_CONTEXT('2D SPACE',''
  ) );
#1020 = ORIENTED_EDGE('',*,*,#1021,.T.);
#1021 = EDGE_CURVE('',#1001,#858,#1022,.T.);
#1022 = SURFACE_CURVE('',#1023,(#1027,#1033),.PCURVE_S1.);
#1023 = LINE('',#1024,#1025);
#1024 = CARTESIAN_POINT('',(-17.,3.,20.));
#1025 = VECTOR('',#1026,1.);
#1026 = DIRECTION('',(1.,0.,0.));
#1027 = PCURVE('',#542,#1028);
#1028 = DEFINITIONAL_REPRESENTATION('',(#1029),#1032);
#1029 = B_SPLINE_CURVE_WITH_KNOTS('',1,(#1030,#1031),.UNSPECIFIED.,.F.,
  .F.,(2,2),(11.,15.),.PIECEWISE_BEZIER_KNOTS.);
#1030 = CARTESIAN_POINT('',(13.,22.));
#1031 = CARTESIAN_POINT('',(13.,26.));
#1032 = ( GEOMETRIC_REPRESENTATION_CONTEXT(2) 
PARAMETRIC_REPRESENTATION_CONTEXT() REPRESENTATION_CONTEXT('2D SPACE',''
  ) );
#1033 = PCURVE('',#794,#1034);
#1034 = DEFINITIONAL_REPRESENTATION('',(#1035),#1038);
#1035 = B_SPLINE_CURVE_WITH_KNOTS('',1,(#1036,#1037),.UNSPECIFIED.,.F.,
  .F.,(2,2),(11.,15.),.PIECEWISE_BEZIER_KNOTS.);
#1036 = CARTESIAN_POINT('',(0.,19.));
#1037 = CARTESIAN_POINT('',(4.,19.));
#1038 = ( GEOMETRIC_REPRESENTATION_CONTEXT(2) 
PARAMETRIC_REPRESENTATION_CONTEXT() REPRESENTATION_CONTEXT('2D SPACE',''
  ) );
#1039 = ADVANCED_FACE('',(#1040),#186,.T.);
#1040 = FACE_BOUND('',#1041,.T.);
#1041 = EDGE_LOOP('',(#1042,#1063,#1064,#1085,#1236,#1257,#1337,#1356,
    #1357,#1358,#1381,#1407,#1428,#1429));
#1042 = ORIENTED_EDGE('',*,*,#1043,.F.);
#1043 = EDGE_CURVE('',#142,#1044,#1046,.T.);
#1044 = VERTEX_POINT('',#1045);
#1045 = CARTESIAN_POINT('',(-2.,3.,-8.485281374238));
#1046 = SURFACE_CURVE('',#1047,(#1051,#1057),.PCURVE_S1.);
#1047 = LINE('',#1048,#1049);
#1048 = CARTESIAN_POINT('',(-28.,3.,-8.485281374239));
#1049 = VECTOR('',#1050,1.);
#1050 = DIRECTION('',(1.,0.,2.22044604925E-16));
#1051 = PCURVE('',#186,#1052);
#1052 = DEFINITIONAL_REPRESENTATION('',(#1053),#1056);
#1053 = B_SPLINE_CURVE_WITH_KNOTS('',1,(#1054,#1055),.UNSPECIFIED.,.F.,
  .F.,(2,2),(-5.999999999062E-07,26.0000006),.PIECEWISE_BEZIER_KNOTS.);
#1054 = CARTESIAN_POINT('',(6.623022216634,-5.999999982376E-07));
#1055 = CARTESIAN_POINT('',(6.623022216634,26.0000006));
#1056 = ( GEOMETRIC_REPRESENTATION_CONTEXT(2) 
PARAMETRIC_REPRESENTATION_CONTEXT() REPRESENTATION_CONTEXT('2D SPACE',''
  ) );
#1057 = PCURVE('',#157,#1058);
#1058 = DEFINITIONAL_REPRESENTATION('',(#1059),#1062);
#1059 = B_SPLINE_CURVE_WITH_KNOTS('',1,(#1060,#1061),.UNSPECIFIED.,.F.,
  .F.,(2,2),(-5.999999999062E-07,26.0000006),.PIECEWISE_BEZIER_KNOTS.);
#1060 = CARTESIAN_POINT('',(30.514718625761,-5.999999963535E-07));
#1061 = CARTESIAN_POINT('',(30.514718625761,26.0000006));
#1062 = ( GEOMETRIC_REPRESENTATION_CONTEXT(2) 
PARAMETRIC_REPRESENTATION_CONTEXT() REPRESENTATION_CONTEXT('2D SPACE',''
  ) );
#1063 = ORIENTED_EDGE('',*,*,#169,.T.);
#1064 = ORIENTED_EDGE('',*,*,#1065,.T.);
#1065 = EDGE_CURVE('',#170,#1066,#1068,.T.);
#1066 = VERTEX_POINT('',#1067);
#1067 = CARTESIAN_POINT('',(-26.88247175016,8.062257748299,-4.));
#1068 = SURFACE_CURVE('',#1069,(#1073,#1079),.PCURVE_S1.);
#1069 = LINE('',#1070,#1071);
#1070 = CARTESIAN_POINT('',(-28.,8.062257748299,-4.));
#1071 = VECTOR('',#1072,1.);
#1072 = DIRECTION('',(1.,0.,2.22044604925E-16));
#1073 = PCURVE('',#186,#1074);
#1074 = DEFINITIONAL_REPRESENTATION('',(#1075),#1078);
#1075 = B_SPLINE_CURVE_WITH_KNOTS('',1,(#1076,#1077),.UNSPECIFIED.,.F.,
  .F.,(2,2),(-5.999999999062E-07,14.8),.PIECEWISE_BEZIER_KNOTS.);
#1076 = CARTESIAN_POINT('',(7.393427642293,-6.000000007944E-07));
#1077 = CARTESIAN_POINT('',(7.393427642293,14.8));
#1078 = ( GEOMETRIC_REPRESENTATION_CONTEXT(2) 
PARAMETRIC_REPRESENTATION_CONTEXT() REPRESENTATION_CONTEXT('2D SPACE',''
  ) );
#1079 = PCURVE('',#213,#1080);
#1080 = DEFINITIONAL_REPRESENTATION('',(#1081),#1084);
#1081 = B_SPLINE_CURVE_WITH_KNOTS('',1,(#1082,#1083),.UNSPECIFIED.,.F.,
  .F.,(2,2),(-5.999999999062E-07,14.8),.PIECEWISE_BEZIER_KNOTS.);
#1082 = CARTESIAN_POINT('',(-4.0000006,5.262257748299));
#1083 = CARTESIAN_POINT('',(10.8,5.262257748299));
#1084 = ( GEOMETRIC_REPRESENTATION_CONTEXT(2) 
PARAMETRIC_REPRESENTATION_CONTEXT() REPRESENTATION_CONTEXT('2D SPACE',''
  ) );
#1085 = ORIENTED_EDGE('',*,*,#1086,.F.);
#1086 = EDGE_CURVE('',#1087,#1066,#1089,.T.);
#1087 = VERTEX_POINT('',#1088);
#1088 = CARTESIAN_POINT('',(-21.11752824984,8.062257748299,-4.));
#1089 = SURFACE_CURVE('',#1090,(#1135,#1183),.PCURVE_S1.);
#1090 = B_SPLINE_CURVE_WITH_KNOTS('',8,(#1091,#1092,#1093,#1094,#1095,
    #1096,#1097,#1098,#1099,#1100,#1101,#1102,#1103,#1104,#1105,#1106,
    #1107,#1108,#1109,#1110,#1111,#1112,#1113,#1114,#1115,#1116,#1117,
    #1118,#1119,#1120,#1121,#1122,#1123,#1124,#1125,#1126,#1127,#1128,
    #1129,#1130,#1131,#1132,#1133,#1134),.UNSPECIFIED.,.F.,.F.,(9,7,7,7,
    7,7,9),(0.,0.317813781713,0.415424700283,0.497344962146,
    0.598123636273,0.734299215215,1.),.UNSPECIFIED.);
#1091 = CARTESIAN_POINT('',(-21.11752770638,8.062257450615,-4.0000006));
#1092 = CARTESIAN_POINT('',(-21.31418066236,8.169976752145,
    -3.782885447234));
#1093 = CARTESIAN_POINT('',(-21.50936712508,8.265974066514,
    -3.572612870252));
#1094 = CARTESIAN_POINT('',(-21.70703216145,8.353587765741,
    -3.365205092886));
#1095 = CARTESIAN_POINT('',(-21.91068564489,8.434396029003,
    -3.15800224779));
#1096 = CARTESIAN_POINT('',(-22.12265642377,8.508541310616,
    -2.950729293546));
#1097 = CARTESIAN_POINT('',(-22.34313487762,8.574814203416,
    -2.746665729052));
#1098 = CARTESIAN_POINT('',(-22.57049799067,8.632065308668,
    -2.553340897681));
#1099 = CARTESIAN_POINT('',(-22.87485458311,8.694011693843,
    -2.327485507403));
#1100 = CARTESIAN_POINT('',(-22.94744411069,8.707750706752,
    -2.275939399932));
#1101 = CARTESIAN_POINT('',(-23.02132711553,8.720673472092,
    -2.226071913963));
#1102 = CARTESIAN_POINT('',(-23.096660696,8.732748962852,-2.178165855674
    ));
#1103 = CARTESIAN_POINT('',(-23.17356186232,8.743926365106,
    -2.132620564352));
#1104 = CARTESIAN_POINT('',(-23.25212800133,8.754142037825,
    -2.089941113544));
#1105 = CARTESIAN_POINT('',(-23.33245741696,8.763322122964,
    -2.050726724699));
#1106 = CARTESIAN_POINT('',(-23.48366706347,8.77814408012,
    -1.986227189001));
#1107 = CARTESIAN_POINT('',(-23.55449261497,8.784166755553,
    -1.95950202786));
#1108 = CARTESIAN_POINT('',(-23.62671189215,8.789324804678,
    -1.936189211762));
#1109 = CARTESIAN_POINT('',(-23.70000008511,8.793535127083,
    -1.916867708276));
#1110 = CARTESIAN_POINT('',(-23.77412114068,8.796741943894,
    -1.901992122525));
#1111 = CARTESIAN_POINT('',(-23.84890632317,8.798906489422,
    -1.891896109436));
#1112 = CARTESIAN_POINT('',(-23.92423247827,8.8,-1.886796226411));
#1113 = CARTESIAN_POINT('',(-24.09320954557,8.8,-1.886796226411));
#1114 = CARTESIAN_POINT('',(-24.18539039025,8.798345020515,
    -1.89451420791));
#1115 = CARTESIAN_POINT('',(-24.27651794116,8.795099505904,
    -1.909653289193));
#1116 = CARTESIAN_POINT('',(-24.36650228795,8.790325490586,
    -1.931733472365));
#1117 = CARTESIAN_POINT('',(-24.45514924448,8.784095426543,-1.9600842838
    ));
#1118 = CARTESIAN_POINT('',(-24.54212266208,8.776511084211,
    -1.993838398452));
#1119 = CARTESIAN_POINT('',(-24.62690801446,8.767728526761,
    -2.031926248021));
#1120 = CARTESIAN_POINT('',(-24.81940176085,8.744828990458,
    -2.128668632317));
#1121 = CARTESIAN_POINT('',(-24.9269297422,8.729657023336,
    -2.190967387224));
#1122 = CARTESIAN_POINT('',(-25.03154121657,8.712661736833,
    -2.25839187339));
#1123 = CARTESIAN_POINT('',(-25.13335310104,8.694013999046,
    -2.329612682209));
#1124 = CARTESIAN_POINT('',(-25.23254239123,8.673854747554,
    -2.403627814063));
#1125 = CARTESIAN_POINT('',(-25.32943610978,8.652268541462,
    -2.479817451959));
#1126 = CARTESIAN_POINT('',(-25.42456802351,8.629242983649,
    -2.557972695488));
#1127 = CARTESIAN_POINT('',(-25.70237313654,8.556558871373,
    -2.795026534952));
#1128 = CARTESIAN_POINT('',(-25.88238714709,8.502364603275,
    -2.960139610639));
#1129 = CARTESIAN_POINT('',(-26.05813900363,8.442444433991,
    -3.129829303873));
#1130 = CARTESIAN_POINT('',(-26.2293540672,8.377237874504,
    -3.301546665911));
#1131 = CARTESIAN_POINT('',(-26.3963792974,8.306982389986,
    -3.474142769885));
#1132 = CARTESIAN_POINT('',(-26.56010006077,8.231543841737,
    -3.647577161065));
#1133 = CARTESIAN_POINT('',(-26.72169887458,8.15032325322,
    -3.822498333326));
#1134 = CARTESIAN_POINT('',(-26.88247229361,8.062257450615,-4.0000006));
#1135 = PCURVE('',#186,#1136);
#1136 = DEFINITIONAL_REPRESENTATION('',(#1137),#1182);
#1137 = B_SPLINE_CURVE_WITH_KNOTS('',8,(#1138,#1139,#1140,#1141,#1142,
    #1143,#1144,#1145,#1146,#1147,#1148,#1149,#1150,#1151,#1152,#1153,
    #1154,#1155,#1156,#1157,#1158,#1159,#1160,#1161,#1162,#1163,#1164,
    #1165,#1166,#1167,#1168,#1169,#1170,#1171,#1172,#1173,#1174,#1175,
    #1176,#1177,#1178,#1179,#1180,#1181),.UNSPECIFIED.,.F.,.F.,(9,7,7,7,
    7,7,9),(0.,0.317813781713,0.415424700283,0.497344962146,
    0.598123636273,0.734299215215,1.),.UNSPECIFIED.);
#1138 = CARTESIAN_POINT('',(7.393427567872,6.882472293613));
#1139 = CARTESIAN_POINT('',(7.420357389215,6.685819337639));
#1140 = CARTESIAN_POINT('',(7.446027314242,6.490632874919));
#1141 = CARTESIAN_POINT('',(7.471027590112,6.292967838554));
#1142 = CARTESIAN_POINT('',(7.495720135385,6.089314355097));
#1143 = CARTESIAN_POINT('',(7.520158575907,5.877343576229));
#1144 = CARTESIAN_POINT('',(7.543984314641,5.656865122377));
#1145 = CARTESIAN_POINT('',(7.566382420284,5.429502009326));
#1146 = CARTESIAN_POINT('',(7.592404256308,5.125145416889));
#1147 = CARTESIAN_POINT('',(7.598331401641,5.052555889307));
#1148 = CARTESIAN_POINT('',(7.604055030145,4.978672884464));
#1149 = CARTESIAN_POINT('',(7.609544196474,4.903339303994));
#1150 = CARTESIAN_POINT('',(7.614754772329,4.826438137673));
#1151 = CARTESIAN_POINT('',(7.619630780084,4.74787199867));
#1152 = CARTESIAN_POINT('',(7.624105698165,4.667542583032));
#1153 = CARTESIAN_POINT('',(7.631459105471,4.516332936529));
#1154 = CARTESIAN_POINT('',(7.634503008039,4.445507385025));
#1155 = CARTESIAN_POINT('',(7.63715593898,4.373288107842));
#1156 = CARTESIAN_POINT('',(7.639353136827,4.299999914882));
#1157 = CARTESIAN_POINT('',(7.641043947132,4.225878859317));
#1158 = CARTESIAN_POINT('',(7.642191221435,4.151093676828));
#1159 = CARTESIAN_POINT('',(7.642770753615,4.075767521729));
#1160 = CARTESIAN_POINT('',(7.642770753615,3.906790454423));
#1161 = CARTESIAN_POINT('',(7.641893710361,3.814609609747));
#1162 = CARTESIAN_POINT('',(7.640173359379,3.72348205884));
#1163 = CARTESIAN_POINT('',(7.637663326162,3.63349771205));
#1164 = CARTESIAN_POINT('',(7.634438124896,3.54485075552));
#1165 = CARTESIAN_POINT('',(7.630594238829,3.457877337914));
#1166 = CARTESIAN_POINT('',(7.626251282299,3.373091985533));
#1167 = CARTESIAN_POINT('',(7.615205095492,3.180598239141));
#1168 = CARTESIAN_POINT('',(7.608080833284,3.073070257791));
#1169 = CARTESIAN_POINT('',(7.600355342896,2.968458783424));
#1170 = CARTESIAN_POINT('',(7.592175863519,2.866646898956));
#1171 = CARTESIAN_POINT('',(7.583653213261,2.767457608766));
#1172 = CARTESIAN_POINT('',(7.574855295871,2.670563890214));
#1173 = CARTESIAN_POINT('',(7.565802889347,2.575431976486));
#1174 = CARTESIAN_POINT('',(7.538253270143,2.29762686346));
#1175 = CARTESIAN_POINT('',(7.51894813437,2.117612852909));
#1176 = CARTESIAN_POINT('',(7.498961191714,1.941860996362));
#1177 = CARTESIAN_POINT('',(7.478563405323,1.770645932794));
#1178 = CARTESIAN_POINT('',(7.457869828394,1.603620702591));
#1179 = CARTESIAN_POINT('',(7.436865499632,1.439899939223));
#1180 = CARTESIAN_POINT('',(7.415444015221,1.278301125417));
#1181 = CARTESIAN_POINT('',(7.393427567872,1.117527706387));
#1182 = ( GEOMETRIC_REPRESENTATION_CONTEXT(2) 
PARAMETRIC_REPRESENTATION_CONTEXT() REPRESENTATION_CONTEXT('2D SPACE',''
  ) );
#1183 = PCURVE('',#1184,#1189);
#1184 = CYLINDRICAL_SURFACE('',#1185,6.);
#1185 = AXIS2_PLACEMENT_3D('',#1186,#1187,#1188);
#1186 = CARTESIAN_POINT('',(-24.,2.8,-4.));
#1187 = DIRECTION('',(0.,0.,1.));
#1188 = DIRECTION('',(1.,0.,0.));
#1189 = DEFINITIONAL_REPRESENTATION('',(#1190),#1235);
#1190 = B_SPLINE_CURVE_WITH_KNOTS('',8,(#1191,#1192,#1193,#1194,#1195,
    #1196,#1197,#1198,#1199,#1200,#1201,#1202,#1203,#1204,#1205,#1206,
    #1207,#1208,#1209,#1210,#1211,#1212,#1213,#1214,#1215,#1216,#1217,
    #1218,#1219,#1220,#1221,#1222,#1223,#1224,#1225,#1226,#1227,#1228,
    #1229,#1230,#1231,#1232,#1233,#1234),.UNSPECIFIED.,.F.,.F.,(9,7,7,7,
    7,7,9),(0.,0.317813781713,0.415424700283,0.497344962146,
    0.598123636273,0.734299215215,1.),.UNSPECIFIED.);
#1191 = CARTESIAN_POINT('',(1.069671858646,-6.E-07));
#1192 = CARTESIAN_POINT('',(1.107042313782,0.217114552766));
#1193 = CARTESIAN_POINT('',(1.143259900663,0.427387129748));
#1194 = CARTESIAN_POINT('',(1.179247638472,0.634794907114));
#1195 = CARTESIAN_POINT('',(1.215705741575,0.84199775221));
#1196 = CARTESIAN_POINT('',(1.253062878423,1.049270706454));
#1197 = CARTESIAN_POINT('',(1.291368206784,1.253334270948));
#1198 = CARTESIAN_POINT('',(1.330403875987,1.446659102319));
#1199 = CARTESIAN_POINT('',(1.382169987273,1.672514492597));
#1200 = CARTESIAN_POINT('',(1.394481876103,1.724060600068));
#1201 = CARTESIAN_POINT('',(1.406980610576,1.773928086037));
#1202 = CARTESIAN_POINT('',(1.419693866425,1.821834144326));
#1203 = CARTESIAN_POINT('',(1.432642550975,1.867379435648));
#1204 = CARTESIAN_POINT('',(1.445844514524,1.910058886456));
#1205 = CARTESIAN_POINT('',(1.459318154623,1.949273275301));
#1206 = CARTESIAN_POINT('',(1.484640546783,2.013772810999));
#1207 = CARTESIAN_POINT('',(1.496486422392,2.04049797214));
#1208 = CARTESIAN_POINT('',(1.50855177664,2.063810788238));
#1209 = CARTESIAN_POINT('',(1.520784218298,2.083132291724));
#1210 = CARTESIAN_POINT('',(1.533146778585,2.098007877475));
#1211 = CARTESIAN_POINT('',(1.545614048966,2.108103890564));
#1212 = CARTESIAN_POINT('',(1.558168406507,2.113203773589));
#1213 = CARTESIAN_POINT('',(1.586331251058,2.113203773589));
#1214 = CARTESIAN_POINT('',(1.601694722489,2.10548579209));
#1215 = CARTESIAN_POINT('',(1.616888369035,2.090346710807));
#1216 = CARTESIAN_POINT('',(1.631902359807,2.068266527635));
#1217 = CARTESIAN_POINT('',(1.646709046948,2.0399157162));
#1218 = CARTESIAN_POINT('',(1.661256404561,2.006161601548));
#1219 = CARTESIAN_POINT('',(1.675461264698,1.968073751979));
#1220 = CARTESIAN_POINT('',(1.70776977371,1.871331367683));
#1221 = CARTESIAN_POINT('',(1.725864350218,1.809032612776));
#1222 = CARTESIAN_POINT('',(1.743521828504,1.74160812661));
#1223 = CARTESIAN_POINT('',(1.760766025993,1.670387317791));
#1224 = CARTESIAN_POINT('',(1.777629516548,1.596372185937));
#1225 = CARTESIAN_POINT('',(1.794169671673,1.520182548041));
#1226 = CARTESIAN_POINT('',(1.810480055357,1.442027304512));
#1227 = CARTESIAN_POINT('',(1.858339415582,1.204973465048));
#1228 = CARTESIAN_POINT('',(1.889650998989,1.039860389361));
#1229 = CARTESIAN_POINT('',(1.920565143773,0.870170696127));
#1230 = CARTESIAN_POINT('',(1.951063262699,0.698453334089));
#1231 = CARTESIAN_POINT('',(1.981228413369,0.525857230115));
#1232 = CARTESIAN_POINT('',(2.011243897969,0.352422838935));
#1233 = CARTESIAN_POINT('',(2.041368618328,0.177501666674));
#1234 = CARTESIAN_POINT('',(2.071920794944,-6.E-07));
#1235 = ( GEOMETRIC_REPRESENTATION_CONTEXT(2) 
PARAMETRIC_REPRESENTATION_CONTEXT() REPRESENTATION_CONTEXT('2D SPACE',''
  ) );
#1236 = ORIENTED_EDGE('',*,*,#1237,.T.);
#1237 = EDGE_CURVE('',#1087,#1238,#1240,.T.);
#1238 = VERTEX_POINT('',#1239);
#1239 = CARTESIAN_POINT('',(-16.69872316711,8.062257748299,-4.));
#1240 = SURFACE_CURVE('',#1241,(#1245,#1251),.PCURVE_S1.);
#1241 = LINE('',#1242,#1243);
#1242 = CARTESIAN_POINT('',(-28.,8.062257748299,-4.));
#1243 = VECTOR('',#1244,1.);
#1244 = DIRECTION('',(1.,0.,2.22044604925E-16));
#1245 = PCURVE('',#186,#1246);
#1246 = DEFINITIONAL_REPRESENTATION('',(#1247),#1250);
#1247 = B_SPLINE_CURVE_WITH_KNOTS('',1,(#1248,#1249),.UNSPECIFIED.,.F.,
  .F.,(2,2),(-5.999999999062E-07,14.8),.PIECEWISE_BEZIER_KNOTS.);
#1248 = CARTESIAN_POINT('',(7.393427642293,-6.000000007944E-07));
#1249 = CARTESIAN_POINT('',(7.393427642293,14.8));
#1250 = ( GEOMETRIC_REPRESENTATION_CONTEXT(2) 
PARAMETRIC_REPRESENTATION_CONTEXT() REPRESENTATION_CONTEXT('2D SPACE',''
  ) );
#1251 = PCURVE('',#213,#1252);
#1252 = DEFINITIONAL_REPRESENTATION('',(#1253),#1256);
#1253 = B_SPLINE_CURVE_WITH_KNOTS('',1,(#1254,#1255),.UNSPECIFIED.,.F.,
  .F.,(2,2),(-5.999999999062E-07,14.8),.PIECEWISE_BEZIER_KNOTS.);
#1254 = CARTESIAN_POINT('',(-4.0000006,5.262257748299));
#1255 = CARTESIAN_POINT('',(10.8,5.262257748299));
#1256 = ( GEOMETRIC_REPRESENTATION_CONTEXT(2) 
PARAMETRIC_REPRESENTATION_CONTEXT() REPRESENTATION_CONTEXT('2D SPACE',''
  ) );
#1257 = ORIENTED_EDGE('',*,*,#1258,.T.);
#1258 = EDGE_CURVE('',#1238,#1259,#1261,.T.);
#1259 = VERTEX_POINT('',#1260);
#1260 = CARTESIAN_POINT('',(-16.69872316711,8.062257748299,4.));
#1261 = SURFACE_CURVE('',#1262,(#1285,#1311),.PCURVE_S1.);
#1262 = B_SPLINE_CURVE_WITH_KNOTS('',6,(#1263,#1264,#1265,#1266,#1267,
    #1268,#1269,#1270,#1271,#1272,#1273,#1274,#1275,#1276,#1277,#1278,
    #1279,#1280,#1281,#1282,#1283,#1284),.UNSPECIFIED.,.F.,.F.,(7,5,5,5,
    7),(0.,0.230660059487,0.499999999999,0.769339940512,1.),
  .UNSPECIFIED.);
#1263 = CARTESIAN_POINT('',(-16.69872295256,8.062257450615,-4.0000006));
#1264 = CARTESIAN_POINT('',(-16.80098117239,8.204138687018,
    -3.714029879072));
#1265 = CARTESIAN_POINT('',(-16.8991005532,8.333302343114,
    -3.423119399237));
#1266 = CARTESIAN_POINT('',(-16.9917378608,8.449789561823,
    -3.127626950373));
#1267 = CARTESIAN_POINT('',(-17.07756177255,8.553603409568,
    -2.827831160636));
#1268 = CARTESIAN_POINT('',(-17.15527219382,8.644698245814,
    -2.523915828593));
#1269 = CARTESIAN_POINT('',(-17.30350003387,8.814283751752,
    -1.856356610246));
#1270 = CARTESIAN_POINT('',(-17.3707139716,8.888199903083,
    -1.490845681886));
#1271 = CARTESIAN_POINT('',(-17.42292865213,8.943949356583,
    -1.12122420922));
#1272 = CARTESIAN_POINT('',(-17.45840021763,8.981273260107,
    -0.748840303489));
#1273 = CARTESIAN_POINT('',(-17.47619742788,9.,-0.374769304635));
#1274 = CARTESIAN_POINT('',(-17.47619742788,9.,0.374769304635));
#1275 = CARTESIAN_POINT('',(-17.45840021763,8.981273260107,
    0.748840303489));
#1276 = CARTESIAN_POINT('',(-17.42292865213,8.943949356583,1.12122420922
    ));
#1277 = CARTESIAN_POINT('',(-17.3707139716,8.888199903083,1.490845681886
    ));
#1278 = CARTESIAN_POINT('',(-17.30350003387,8.814283751752,
    1.856356610247));
#1279 = CARTESIAN_POINT('',(-17.15527219382,8.644698245813,
    2.523915828595));
#1280 = CARTESIAN_POINT('',(-17.07756177255,8.553603409568,
    2.827831160635));
#1281 = CARTESIAN_POINT('',(-16.9917378608,8.449789561823,3.127626950373
    ));
#1282 = CARTESIAN_POINT('',(-16.8991005532,8.333302343115,3.423119399236
    ));
#1283 = CARTESIAN_POINT('',(-16.80098117239,8.204138687018,
    3.714029879073));
#1284 = CARTESIAN_POINT('',(-16.69872295256,8.062257450615,4.0000006));
#1285 = PCURVE('',#186,#1286);
#1286 = DEFINITIONAL_REPRESENTATION('',(#1287),#1310);
#1287 = B_SPLINE_CURVE_WITH_KNOTS('',6,(#1288,#1289,#1290,#1291,#1292,
    #1293,#1294,#1295,#1296,#1297,#1298,#1299,#1300,#1301,#1302,#1303,
    #1304,#1305,#1306,#1307,#1308,#1309),.UNSPECIFIED.,.F.,.F.,(7,5,5,5,
    7),(0.,0.230660059487,0.499999999999,0.769339940512,1.),
  .UNSPECIFIED.);
#1288 = CARTESIAN_POINT('',(7.393427567872,11.301277047438));
#1289 = CARTESIAN_POINT('',(7.428897871653,11.199018827607));
#1290 = CARTESIAN_POINT('',(7.464231824035,11.100899446791));
#1291 = CARTESIAN_POINT('',(7.499476150053,11.008262139197));
#1292 = CARTESIAN_POINT('',(7.534680588072,10.92243822745));
#1293 = CARTESIAN_POINT('',(7.569901516141,10.844727806171));
#1294 = CARTESIAN_POINT('',(7.646430745111,10.696499966124));
#1295 = CARTESIAN_POINT('',(7.687814939974,10.6292860284));
#1296 = CARTESIAN_POINT('',(7.729271071815,10.577071347861));
#1297 = CARTESIAN_POINT('',(7.770777191251,10.541599782368));
#1298 = CARTESIAN_POINT('',(7.812340600126,10.52380257212));
#1299 = CARTESIAN_POINT('',(7.895622667823,10.52380257212));
#1300 = CARTESIAN_POINT('',(7.937186076698,10.541599782368));
#1301 = CARTESIAN_POINT('',(7.978692196134,10.577071347861));
#1302 = CARTESIAN_POINT('',(8.020148327975,10.6292860284));
#1303 = CARTESIAN_POINT('',(8.061532522838,10.696499966124));
#1304 = CARTESIAN_POINT('',(8.138061751808,10.844727806171));
#1305 = CARTESIAN_POINT('',(8.173282679877,10.92243822745));
#1306 = CARTESIAN_POINT('',(8.208487117896,11.008262139197));
#1307 = CARTESIAN_POINT('',(8.243731443914,11.100899446791));
#1308 = CARTESIAN_POINT('',(8.279065396297,11.199018827607));
#1309 = CARTESIAN_POINT('',(8.314535700077,11.301277047438));
#1310 = ( GEOMETRIC_REPRESENTATION_CONTEXT(2) 
PARAMETRIC_REPRESENTATION_CONTEXT() REPRESENTATION_CONTEXT('2D SPACE',''
  ) );
#1311 = PCURVE('',#362,#1312);
#1312 = DEFINITIONAL_REPRESENTATION('',(#1313),#1336);
#1313 = B_SPLINE_CURVE_WITH_KNOTS('',6,(#1314,#1315,#1316,#1317,#1318,
    #1319,#1320,#1321,#1322,#1323,#1324,#1325,#1326,#1327,#1328,#1329,
    #1330,#1331,#1332,#1333,#1334,#1335),.UNSPECIFIED.,.F.,.F.,(7,5,5,5,
    7),(0.,0.230660059487,0.499999999999,0.769339940512,1.),
  .UNSPECIFIED.);
#1314 = CARTESIAN_POINT('',(0.624504380908,-6.E-07));
#1315 = CARTESIAN_POINT('',(0.643936767253,0.285970120928));
#1316 = CARTESIAN_POINT('',(0.661953916647,0.576880600763));
#1317 = CARTESIAN_POINT('',(0.678485479067,0.872373049627));
#1318 = CARTESIAN_POINT('',(0.693448840506,1.172168839364));
#1319 = CARTESIAN_POINT('',(0.70675209656,1.476084171407));
#1320 = CARTESIAN_POINT('',(0.731778190692,2.143643389754));
#1321 = CARTESIAN_POINT('',(0.742876749029,2.509154318114));
#1322 = CARTESIAN_POINT('',(0.75136327498,2.87877579078));
#1323 = CARTESIAN_POINT('',(0.757084588812,3.251159696511));
#1324 = CARTESIAN_POINT('',(0.759955085666,3.625230695365));
#1325 = CARTESIAN_POINT('',(0.759955085666,4.374769304635));
#1326 = CARTESIAN_POINT('',(0.757084588812,4.748840303489));
#1327 = CARTESIAN_POINT('',(0.75136327498,5.12122420922));
#1328 = CARTESIAN_POINT('',(0.742876749029,5.490845681886));
#1329 = CARTESIAN_POINT('',(0.731778190692,5.856356610247));
#1330 = CARTESIAN_POINT('',(0.70675209656,6.523915828595));
#1331 = CARTESIAN_POINT('',(0.693448840506,6.827831160635));
#1332 = CARTESIAN_POINT('',(0.678485479067,7.127626950374));
#1333 = CARTESIAN_POINT('',(0.661953916647,7.423119399236));
#1334 = CARTESIAN_POINT('',(0.643936767253,7.714029879073));
#1335 = CARTESIAN_POINT('',(0.624504380908,8.0000006));
#1336 = ( GEOMETRIC_REPRESENTATION_CONTEXT(2) 
PARAMETRIC_REPRESENTATION_CONTEXT() REPRESENTATION_CONTEXT('2D SPACE',''
  ) );
#1337 = ORIENTED_EDGE('',*,*,#1338,.F.);
#1338 = EDGE_CURVE('',#482,#1259,#1339,.T.);
#1339 = SURFACE_CURVE('',#1340,(#1344,#1350),.PCURVE_S1.);
#1340 = LINE('',#1341,#1342);
#1341 = CARTESIAN_POINT('',(-28.,8.062257748299,4.));
#1342 = VECTOR('',#1343,1.);
#1343 = DIRECTION('',(1.,0.,2.22044604925E-16));
#1344 = PCURVE('',#186,#1345);
#1345 = DEFINITIONAL_REPRESENTATION('',(#1346),#1349);
#1346 = B_SPLINE_CURVE_WITH_KNOTS('',1,(#1347,#1348),.UNSPECIFIED.,.F.,
  .F.,(2,2),(-6.000000034589E-07,14.8),.PIECEWISE_BEZIER_KNOTS.);
#1347 = CARTESIAN_POINT('',(8.314535625656,-6.000000025708E-07));
#1348 = CARTESIAN_POINT('',(8.314535625656,14.8));
#1349 = ( GEOMETRIC_REPRESENTATION_CONTEXT(2) 
PARAMETRIC_REPRESENTATION_CONTEXT() REPRESENTATION_CONTEXT('2D SPACE',''
  ) );
#1350 = PCURVE('',#388,#1351);
#1351 = DEFINITIONAL_REPRESENTATION('',(#1352),#1355);
#1352 = B_SPLINE_CURVE_WITH_KNOTS('',1,(#1353,#1354),.UNSPECIFIED.,.F.,
  .F.,(2,2),(-6.000000034589E-07,14.8),.PIECEWISE_BEZIER_KNOTS.);
#1353 = CARTESIAN_POINT('',(-4.0000006,5.262257748299));
#1354 = CARTESIAN_POINT('',(10.8,5.262257748299));
#1355 = ( GEOMETRIC_REPRESENTATION_CONTEXT(2) 
PARAMETRIC_REPRESENTATION_CONTEXT() REPRESENTATION_CONTEXT('2D SPACE',''
  ) );
#1356 = ORIENTED_EDGE('',*,*,#502,.T.);
#1357 = ORIENTED_EDGE('',*,*,#979,.T.);
#1358 = ORIENTED_EDGE('',*,*,#1359,.F.);
#1359 = EDGE_CURVE('',#1360,#954,#1362,.T.);
#1360 = VERTEX_POINT('',#1361);
#1361 = CARTESIAN_POINT('',(-22.,4.123105625618,8.));
#1362 = SURFACE_CURVE('',#1363,(#1368,#1374),.PCURVE_S1.);
#1363 = CIRCLE('',#1364,9.);
#1364 = AXIS2_PLACEMENT_3D('',#1365,#1366,#1367);
#1365 = CARTESIAN_POINT('',(-22.,0.,1.33226762955E-15));
#1366 = DIRECTION('',(1.,0.,2.22044604925E-16));
#1367 = DIRECTION('',(2.22044604925E-16,0.,-1.));
#1368 = PCURVE('',#186,#1369);
#1369 = DEFINITIONAL_REPRESENTATION('',(#1370),#1373);
#1370 = B_SPLINE_CURVE_WITH_KNOTS('',1,(#1371,#1372),.UNSPECIFIED.,.F.,
  .F.,(2,2),(2.665710403929,3.052586291209),.PIECEWISE_BEZIER_KNOTS.);
#1371 = CARTESIAN_POINT('',(8.948895711109,6.));
#1372 = CARTESIAN_POINT('',(9.335771598389,6.));
#1373 = ( GEOMETRIC_REPRESENTATION_CONTEXT(2) 
PARAMETRIC_REPRESENTATION_CONTEXT() REPRESENTATION_CONTEXT('2D SPACE',''
  ) );
#1374 = PCURVE('',#968,#1375);
#1375 = DEFINITIONAL_REPRESENTATION('',(#1376),#1380);
#1376 = CIRCLE('',#1377,9.);
#1377 = AXIS2_PLACEMENT_2D('',#1378,#1379);
#1378 = CARTESIAN_POINT('',(-8.,-6.));
#1379 = DIRECTION('',(-1.,0.));
#1380 = ( GEOMETRIC_REPRESENTATION_CONTEXT(2) 
PARAMETRIC_REPRESENTATION_CONTEXT() REPRESENTATION_CONTEXT('2D SPACE',''
  ) );
#1381 = ORIENTED_EDGE('',*,*,#1382,.T.);
#1382 = EDGE_CURVE('',#1360,#1383,#1385,.T.);
#1383 = VERTEX_POINT('',#1384);
#1384 = CARTESIAN_POINT('',(-8.,4.123105625618,8.));
#1385 = SURFACE_CURVE('',#1386,(#1390,#1396),.PCURVE_S1.);
#1386 = LINE('',#1387,#1388);
#1387 = CARTESIAN_POINT('',(-28.,4.123105625618,8.));
#1388 = VECTOR('',#1389,1.);
#1389 = DIRECTION('',(1.,0.,2.22044604925E-16));
#1390 = PCURVE('',#186,#1391);
#1391 = DEFINITIONAL_REPRESENTATION('',(#1392),#1395);
#1392 = B_SPLINE_CURVE_WITH_KNOTS('',1,(#1393,#1394),.UNSPECIFIED.,.F.,
  .F.,(2,2),(6.,20.),.PIECEWISE_BEZIER_KNOTS.);
#1393 = CARTESIAN_POINT('',(8.948895711109,6.));
#1394 = CARTESIAN_POINT('',(8.948895711109,20.));
#1395 = ( GEOMETRIC_REPRESENTATION_CONTEXT(2) 
PARAMETRIC_REPRESENTATION_CONTEXT() REPRESENTATION_CONTEXT('2D SPACE',''
  ) );
#1396 = PCURVE('',#1397,#1402);
#1397 = PLANE('',#1398);
#1398 = AXIS2_PLACEMENT_3D('',#1399,#1400,#1401);
#1399 = CARTESIAN_POINT('',(-22.,-6.,8.));
#1400 = DIRECTION('',(0.,0.,1.));
#1401 = DIRECTION('',(1.,0.,0.));
#1402 = DEFINITIONAL_REPRESENTATION('',(#1403),#1406);
#1403 = B_SPLINE_CURVE_WITH_KNOTS('',1,(#1404,#1405),.UNSPECIFIED.,.F.,
  .F.,(2,2),(4.6,21.4),.PIECEWISE_BEZIER_KNOTS.);
#1404 = CARTESIAN_POINT('',(-1.4,10.123105625618));
#1405 = CARTESIAN_POINT('',(15.4,10.123105625618));
#1406 = ( GEOMETRIC_REPRESENTATION_CONTEXT(2) 
PARAMETRIC_REPRESENTATION_CONTEXT() REPRESENTATION_CONTEXT('2D SPACE',''
  ) );
#1407 = ORIENTED_EDGE('',*,*,#1408,.T.);
#1408 = EDGE_CURVE('',#1383,#881,#1409,.T.);
#1409 = SURFACE_CURVE('',#1410,(#1415,#1421),.PCURVE_S1.);
#1410 = CIRCLE('',#1411,9.);
#1411 = AXIS2_PLACEMENT_3D('',#1412,#1413,#1414);
#1412 = CARTESIAN_POINT('',(-8.,0.,4.440892098501E-15));
#1413 = DIRECTION('',(1.,0.,2.22044604925E-16));
#1414 = DIRECTION('',(2.22044604925E-16,0.,-1.));
#1415 = PCURVE('',#186,#1416);
#1416 = DEFINITIONAL_REPRESENTATION('',(#1417),#1420);
#1417 = B_SPLINE_CURVE_WITH_KNOTS('',1,(#1418,#1419),.UNSPECIFIED.,.F.,
  .F.,(2,2),(2.665710403929,3.052586291209),.PIECEWISE_BEZIER_KNOTS.);
#1418 = CARTESIAN_POINT('',(8.948895711109,20.));
#1419 = CARTESIAN_POINT('',(9.335771598389,20.));
#1420 = ( GEOMETRIC_REPRESENTATION_CONTEXT(2) 
PARAMETRIC_REPRESENTATION_CONTEXT() REPRESENTATION_CONTEXT('2D SPACE',''
  ) );
#1421 = PCURVE('',#916,#1422);
#1422 = DEFINITIONAL_REPRESENTATION('',(#1423),#1427);
#1423 = CIRCLE('',#1424,9.);
#1424 = AXIS2_PLACEMENT_2D('',#1425,#1426);
#1425 = CARTESIAN_POINT('',(-8.,-6.));
#1426 = DIRECTION('',(-1.,0.));
#1427 = ( GEOMETRIC_REPRESENTATION_CONTEXT(2) 
PARAMETRIC_REPRESENTATION_CONTEXT() REPRESENTATION_CONTEXT('2D SPACE',''
  ) );
#1428 = ORIENTED_EDGE('',*,*,#880,.T.);
#1429 = ORIENTED_EDGE('',*,*,#1430,.T.);
#1430 = EDGE_CURVE('',#856,#1044,#1431,.T.);
#1431 = SURFACE_CURVE('',#1432,(#1437,#1444),.PCURVE_S1.);
#1432 = CIRCLE('',#1433,9.);
#1433 = AXIS2_PLACEMENT_3D('',#1434,#1435,#1436);
#1434 = CARTESIAN_POINT('',(-2.,0.,5.773159728051E-15));
#1435 = DIRECTION('',(-1.,-8.789529004383E-18,-1.973729821556E-16));
#1436 = DIRECTION('',(-1.973729821556E-16,8.888888888889E-02,
    0.996041548045));
#1437 = PCURVE('',#186,#1438);
#1438 = DEFINITIONAL_REPRESENTATION('',(#1439),#1443);
#1439 = LINE('',#1440,#1441);
#1440 = CARTESIAN_POINT('',(9.335771598389,26.));
#1441 = VECTOR('',#1442,1.);
#1442 = DIRECTION('',(-1.,-0.));
#1443 = ( GEOMETRIC_REPRESENTATION_CONTEXT(2) 
PARAMETRIC_REPRESENTATION_CONTEXT() REPRESENTATION_CONTEXT('2D SPACE',''
  ) );
#1444 = PCURVE('',#601,#1445);
#1445 = DEFINITIONAL_REPRESENTATION('',(#1446),#1454);
#1446 = ( BOUNDED_CURVE() B_SPLINE_CURVE(2,(#1447,#1448,#1449,#1450,
#1451,#1452,#1453),.UNSPECIFIED.,.T.,.F.) B_SPLINE_CURVE_WITH_KNOTS((1,2
    ,2,2,2,1),(-2.094395102393,0.,2.094395102393,4.188790204786,
6.28318530718,8.377580409573),.UNSPECIFIED.) CURVE() 
GEOMETRIC_REPRESENTATION_ITEM() RATIONAL_B_SPLINE_CURVE((1.,0.5,1.,0.5,
1.,0.5,1.)) REPRESENTATION_ITEM('') );
#1447 = CARTESIAN_POINT('',(1.964373932406,-3.8));
#1448 = CARTESIAN_POINT('',(0.578733286351,-19.32675110897));
#1449 = CARTESIAN_POINT('',(-12.17500728923,-10.36337555448));
#1450 = CARTESIAN_POINT('',(-24.92874786481,-1.4));
#1451 = CARTESIAN_POINT('',(-10.78936664317,5.163375554487));
#1452 = CARTESIAN_POINT('',(3.350014578461,11.726751108973));
#1453 = CARTESIAN_POINT('',(1.964373932406,-3.8));
#1454 = ( GEOMETRIC_REPRESENTATION_CONTEXT(2) 
PARAMETRIC_REPRESENTATION_CONTEXT() REPRESENTATION_CONTEXT('2D SPACE',''
  ) );
#1455 = ADVANCED_FACE('',(#1456),#388,.T.);
#1456 = FACE_BOUND('',#1457,.T.);
#1457 = EDGE_LOOP('',(#1458,#1459,#1481,#1482,#1503,#1531,#1550));
#1458 = ORIENTED_EDGE('',*,*,#1338,.T.);
#1459 = ORIENTED_EDGE('',*,*,#1460,.T.);
#1460 = EDGE_CURVE('',#1259,#348,#1461,.T.);
#1461 = SURFACE_CURVE('',#1462,(#1467,#1474),.PCURVE_S1.);
#1462 = CIRCLE('',#1463,9.);
#1463 = AXIS2_PLACEMENT_3D('',#1464,#1465,#1466);
#1464 = CARTESIAN_POINT('',(-24.,2.8,4.));
#1465 = DIRECTION('',(0.,0.,1.));
#1466 = DIRECTION('',(1.,0.,0.));
#1467 = PCURVE('',#388,#1468);
#1468 = DEFINITIONAL_REPRESENTATION('',(#1469),#1473);
#1469 = CIRCLE('',#1470,9.);
#1470 = AXIS2_PLACEMENT_2D('',#1471,#1472);
#1471 = CARTESIAN_POINT('',(0.,0.));
#1472 = DIRECTION('',(1.,0.));
#1473 = ( GEOMETRIC_REPRESENTATION_CONTEXT(2) 
PARAMETRIC_REPRESENTATION_CONTEXT() REPRESENTATION_CONTEXT('2D SPACE',''
  ) );
#1474 = PCURVE('',#362,#1475);
#1475 = DEFINITIONAL_REPRESENTATION('',(#1476),#1480);
#1476 = LINE('',#1477,#1478);
#1477 = CARTESIAN_POINT('',(0.,8.));
#1478 = VECTOR('',#1479,1.);
#1479 = DIRECTION('',(1.,0.));
#1480 = ( GEOMETRIC_REPRESENTATION_CONTEXT(2) 
PARAMETRIC_REPRESENTATION_CONTEXT() REPRESENTATION_CONTEXT('2D SPACE',''
  ) );
#1481 = ORIENTED_EDGE('',*,*,#373,.F.);
#1482 = ORIENTED_EDGE('',*,*,#1483,.T.);
#1483 = EDGE_CURVE('',#374,#1484,#1486,.T.);
#1484 = VERTEX_POINT('',#1485);
#1485 = CARTESIAN_POINT('',(-15.75136374907,-0.8,4.));
#1486 = SURFACE_CURVE('',#1487,(#1491,#1497),.PCURVE_S1.);
#1487 = LINE('',#1488,#1489);
#1488 = CARTESIAN_POINT('',(-26.5,-0.8,4.));
#1489 = VECTOR('',#1490,1.);
#1490 = DIRECTION('',(1.,0.,0.));
#1491 = PCURVE('',#388,#1492);
#1492 = DEFINITIONAL_REPRESENTATION('',(#1493),#1496);
#1493 = B_SPLINE_CURVE_WITH_KNOTS('',1,(#1494,#1495),.UNSPECIFIED.,.F.,
  .F.,(2,2),(-1.5,11.5),.PIECEWISE_BEZIER_KNOTS.);
#1494 = CARTESIAN_POINT('',(-4.,-3.6));
#1495 = CARTESIAN_POINT('',(9.,-3.6));
#1496 = ( GEOMETRIC_REPRESENTATION_CONTEXT(2) 
PARAMETRIC_REPRESENTATION_CONTEXT() REPRESENTATION_CONTEXT('2D SPACE',''
  ) );
#1497 = PCURVE('',#415,#1498);
#1498 = DEFINITIONAL_REPRESENTATION('',(#1499),#1502);
#1499 = B_SPLINE_CURVE_WITH_KNOTS('',1,(#1500,#1501),.UNSPECIFIED.,.F.,
  .F.,(2,2),(-1.5,11.5),.PIECEWISE_BEZIER_KNOTS.);
#1500 = CARTESIAN_POINT('',(4.,1.));
#1501 = CARTESIAN_POINT('',(4.,14.));
#1502 = ( GEOMETRIC_REPRESENTATION_CONTEXT(2) 
PARAMETRIC_REPRESENTATION_CONTEXT() REPRESENTATION_CONTEXT('2D SPACE',''
  ) );
#1503 = ORIENTED_EDGE('',*,*,#1504,.T.);
#1504 = EDGE_CURVE('',#1484,#1505,#1507,.T.);
#1505 = VERTEX_POINT('',#1506);
#1506 = CARTESIAN_POINT('',(-15.2250356126,0.8,4.));
#1507 = SURFACE_CURVE('',#1508,(#1513,#1520),.PCURVE_S1.);
#1508 = CIRCLE('',#1509,9.);
#1509 = AXIS2_PLACEMENT_3D('',#1510,#1511,#1512);
#1510 = CARTESIAN_POINT('',(-24.,2.8,4.));
#1511 = DIRECTION('',(0.,0.,1.));
#1512 = DIRECTION('',(1.,0.,0.));
#1513 = PCURVE('',#388,#1514);
#1514 = DEFINITIONAL_REPRESENTATION('',(#1515),#1519);
#1515 = CIRCLE('',#1516,9.);
#1516 = AXIS2_PLACEMENT_2D('',#1517,#1518);
#1517 = CARTESIAN_POINT('',(0.,0.));
#1518 = DIRECTION('',(1.,0.));
#1519 = ( GEOMETRIC_REPRESENTATION_CONTEXT(2) 
PARAMETRIC_REPRESENTATION_CONTEXT() REPRESENTATION_CONTEXT('2D SPACE',''
  ) );
#1520 = PCURVE('',#1521,#1526);
#1521 = CYLINDRICAL_SURFACE('',#1522,9.);
#1522 = AXIS2_PLACEMENT_3D('',#1523,#1524,#1525);
#1523 = CARTESIAN_POINT('',(-24.,2.8,-4.));
#1524 = DIRECTION('',(0.,0.,1.));
#1525 = DIRECTION('',(1.,0.,0.));
#1526 = DEFINITIONAL_REPRESENTATION('',(#1527),#1530);
#1527 = B_SPLINE_CURVE_WITH_KNOTS('',1,(#1528,#1529),.UNSPECIFIED.,.F.,
  .F.,(2,2),(5.871668461112,6.059092214878),.PIECEWISE_BEZIER_KNOTS.);
#1528 = CARTESIAN_POINT('',(5.871668461112,8.));
#1529 = CARTESIAN_POINT('',(6.059092214878,8.));
#1530 = ( GEOMETRIC_REPRESENTATION_CONTEXT(2) 
PARAMETRIC_REPRESENTATION_CONTEXT() REPRESENTATION_CONTEXT('2D SPACE',''
  ) );
#1531 = ORIENTED_EDGE('',*,*,#1532,.F.);
#1532 = EDGE_CURVE('',#455,#1505,#1533,.T.);
#1533 = SURFACE_CURVE('',#1534,(#1538,#1544),.PCURVE_S1.);
#1534 = LINE('',#1535,#1536);
#1535 = CARTESIAN_POINT('',(-26.5,0.8,4.));
#1536 = VECTOR('',#1537,1.);
#1537 = DIRECTION('',(1.,0.,0.));
#1538 = PCURVE('',#388,#1539);
#1539 = DEFINITIONAL_REPRESENTATION('',(#1540),#1543);
#1540 = B_SPLINE_CURVE_WITH_KNOTS('',1,(#1541,#1542),.UNSPECIFIED.,.F.,
  .F.,(2,2),(-1.5,11.5),.PIECEWISE_BEZIER_KNOTS.);
#1541 = CARTESIAN_POINT('',(-4.,-2.));
#1542 = CARTESIAN_POINT('',(9.,-2.));
#1543 = ( GEOMETRIC_REPRESENTATION_CONTEXT(2) 
PARAMETRIC_REPRESENTATION_CONTEXT() REPRESENTATION_CONTEXT('2D SPACE',''
  ) );
#1544 = PCURVE('',#470,#1545);
#1545 = DEFINITIONAL_REPRESENTATION('',(#1546),#1549);
#1546 = B_SPLINE_CURVE_WITH_KNOTS('',1,(#1547,#1548),.UNSPECIFIED.,.F.,
  .F.,(2,2),(-1.5,11.5),.PIECEWISE_BEZIER_KNOTS.);
#1547 = CARTESIAN_POINT('',(4.,1.));
#1548 = CARTESIAN_POINT('',(4.,14.));
#1549 = ( GEOMETRIC_REPRESENTATION_CONTEXT(2) 
PARAMETRIC_REPRESENTATION_CONTEXT() REPRESENTATION_CONTEXT('2D SPACE',''
  ) );
#1550 = ORIENTED_EDGE('',*,*,#481,.F.);
#1551 = ADVANCED_FACE('',(#1552),#470,.F.);
#1552 = FACE_BOUND('',#1553,.F.);
#1553 = EDGE_LOOP('',(#1554,#1582,#1601,#1602,#1603,#1624));
#1554 = ORIENTED_EDGE('',*,*,#1555,.F.);
#1555 = EDGE_CURVE('',#1556,#1558,#1560,.T.);
#1556 = VERTEX_POINT('',#1557);
#1557 = CARTESIAN_POINT('',(-15.2250356126,0.8,3.919183588453));
#1558 = VERTEX_POINT('',#1559);
#1559 = CARTESIAN_POINT('',(-2.,0.8,3.919183588453));
#1560 = SURFACE_CURVE('',#1561,(#1565,#1571),.PCURVE_S1.);
#1561 = LINE('',#1562,#1563);
#1562 = CARTESIAN_POINT('',(-29.,0.8,3.919183588453));
#1563 = VECTOR('',#1564,1.);
#1564 = DIRECTION('',(1.,0.,2.22044604925E-16));
#1565 = PCURVE('',#470,#1566);
#1566 = DEFINITIONAL_REPRESENTATION('',(#1567),#1570);
#1567 = B_SPLINE_CURVE_WITH_KNOTS('',1,(#1568,#1569),.UNSPECIFIED.,.F.,
  .F.,(2,2),(0.9999994,27.0000006),.PIECEWISE_BEZIER_KNOTS.);
#1568 = CARTESIAN_POINT('',(3.919183588453,0.9999994));
#1569 = CARTESIAN_POINT('',(3.919183588453,27.0000006));
#1570 = ( GEOMETRIC_REPRESENTATION_CONTEXT(2) 
PARAMETRIC_REPRESENTATION_CONTEXT() REPRESENTATION_CONTEXT('2D SPACE',''
  ) );
#1571 = PCURVE('',#1572,#1577);
#1572 = CYLINDRICAL_SURFACE('',#1573,4.);
#1573 = AXIS2_PLACEMENT_3D('',#1574,#1575,#1576);
#1574 = CARTESIAN_POINT('',(-29.,0.,0.));
#1575 = DIRECTION('',(1.,0.,2.22044604925E-16));
#1576 = DIRECTION('',(2.22044604925E-16,0.,-1.));
#1577 = DEFINITIONAL_REPRESENTATION('',(#1578),#1581);
#1578 = B_SPLINE_CURVE_WITH_KNOTS('',1,(#1579,#1580),.UNSPECIFIED.,.F.,
  .F.,(2,2),(1.,27.),.PIECEWISE_BEZIER_KNOTS.);
#1579 = CARTESIAN_POINT('',(9.223420039979,1.));
#1580 = CARTESIAN_POINT('',(9.223420039979,27.));
#1581 = ( GEOMETRIC_REPRESENTATION_CONTEXT(2) 
PARAMETRIC_REPRESENTATION_CONTEXT() REPRESENTATION_CONTEXT('2D SPACE',''
  ) );
#1582 = ORIENTED_EDGE('',*,*,#1583,.T.);
#1583 = EDGE_CURVE('',#1556,#1505,#1584,.T.);
#1584 = SURFACE_CURVE('',#1585,(#1589,#1595),.PCURVE_S1.);
#1585 = LINE('',#1586,#1587);
#1586 = CARTESIAN_POINT('',(-15.2250356126,0.8,-4.));
#1587 = VECTOR('',#1588,1.);
#1588 = DIRECTION('',(0.,0.,1.));
#1589 = PCURVE('',#470,#1590);
#1590 = DEFINITIONAL_REPRESENTATION('',(#1591),#1594);
#1591 = B_SPLINE_CURVE_WITH_KNOTS('',1,(#1592,#1593),.UNSPECIFIED.,.F.,
  .F.,(2,2),(7.611101947298,8.0000006),.PIECEWISE_BEZIER_KNOTS.);
#1592 = CARTESIAN_POINT('',(3.611101947298,13.774964387392));
#1593 = CARTESIAN_POINT('',(4.0000006,13.774964387392));
#1594 = ( GEOMETRIC_REPRESENTATION_CONTEXT(2) 
PARAMETRIC_REPRESENTATION_CONTEXT() REPRESENTATION_CONTEXT('2D SPACE',''
  ) );
#1595 = PCURVE('',#1521,#1596);
#1596 = DEFINITIONAL_REPRESENTATION('',(#1597),#1600);
#1597 = B_SPLINE_CURVE_WITH_KNOTS('',1,(#1598,#1599),.UNSPECIFIED.,.F.,
  .F.,(2,2),(7.919183588453,8.),.PIECEWISE_BEZIER_KNOTS.);
#1598 = CARTESIAN_POINT('',(6.059092214878,7.919183588453));
#1599 = CARTESIAN_POINT('',(6.059092214878,8.));
#1600 = ( GEOMETRIC_REPRESENTATION_CONTEXT(2) 
PARAMETRIC_REPRESENTATION_CONTEXT() REPRESENTATION_CONTEXT('2D SPACE',''
  ) );
#1601 = ORIENTED_EDGE('',*,*,#1532,.F.);
#1602 = ORIENTED_EDGE('',*,*,#454,.T.);
#1603 = ORIENTED_EDGE('',*,*,#1604,.T.);
#1604 = EDGE_CURVE('',#427,#1605,#1607,.T.);
#1605 = VERTEX_POINT('',#1606);
#1606 = CARTESIAN_POINT('',(-2.,0.8,7.));
#1607 = SURFACE_CURVE('',#1608,(#1612,#1618),.PCURVE_S1.);
#1608 = LINE('',#1609,#1610);
#1609 = CARTESIAN_POINT('',(-28.5,0.8,7.));
#1610 = VECTOR('',#1611,1.);
#1611 = DIRECTION('',(1.,0.,0.));
#1612 = PCURVE('',#470,#1613);
#1613 = DEFINITIONAL_REPRESENTATION('',(#1614),#1617);
#1614 = B_SPLINE_CURVE_WITH_KNOTS('',1,(#1615,#1616),.UNSPECIFIED.,.F.,
  .F.,(2,2),(0.5,26.5),.PIECEWISE_BEZIER_KNOTS.);
#1615 = CARTESIAN_POINT('',(7.,1.));
#1616 = CARTESIAN_POINT('',(7.,27.));
#1617 = ( GEOMETRIC_REPRESENTATION_CONTEXT(2) 
PARAMETRIC_REPRESENTATION_CONTEXT() REPRESENTATION_CONTEXT('2D SPACE',''
  ) );
#1618 = PCURVE('',#442,#1619);
#1619 = DEFINITIONAL_REPRESENTATION('',(#1620),#1623);
#1620 = B_SPLINE_CURVE_WITH_KNOTS('',1,(#1621,#1622),.UNSPECIFIED.,.F.,
  .F.,(2,2),(0.5,26.5),.PIECEWISE_BEZIER_KNOTS.);
#1621 = CARTESIAN_POINT('',(0.,3.8));
#1622 = CARTESIAN_POINT('',(26.,3.8));
#1623 = ( GEOMETRIC_REPRESENTATION_CONTEXT(2) 
PARAMETRIC_REPRESENTATION_CONTEXT() REPRESENTATION_CONTEXT('2D SPACE',''
  ) );
#1624 = ORIENTED_EDGE('',*,*,#1625,.F.);
#1625 = EDGE_CURVE('',#1558,#1605,#1626,.T.);
#1626 = SURFACE_CURVE('',#1627,(#1631,#1637),.PCURVE_S1.);
#1627 = LINE('',#1628,#1629);
#1628 = CARTESIAN_POINT('',(-2.,0.8,5.884182030513E-15));
#1629 = VECTOR('',#1630,1.);
#1630 = DIRECTION('',(-2.22044604925E-16,0.,1.));
#1631 = PCURVE('',#470,#1632);
#1632 = DEFINITIONAL_REPRESENTATION('',(#1633),#1636);
#1633 = B_SPLINE_CURVE_WITH_KNOTS('',1,(#1634,#1635),.UNSPECIFIED.,.F.,
  .F.,(2,2),(-5.884182030513E-15,9.),.PIECEWISE_BEZIER_KNOTS.);
#1634 = CARTESIAN_POINT('',(0.,27.));
#1635 = CARTESIAN_POINT('',(9.,27.));
#1636 = ( GEOMETRIC_REPRESENTATION_CONTEXT(2) 
PARAMETRIC_REPRESENTATION_CONTEXT() REPRESENTATION_CONTEXT('2D SPACE',''
  ) );
#1637 = PCURVE('',#601,#1638);
#1638 = DEFINITIONAL_REPRESENTATION('',(#1639),#1643);
#1639 = LINE('',#1640,#1641);
#1640 = CARTESIAN_POINT('',(-7.,-3.8));
#1641 = VECTOR('',#1642,1.);
#1642 = DIRECTION('',(1.,0.));
#1643 = ( GEOMETRIC_REPRESENTATION_CONTEXT(2) 
PARAMETRIC_REPRESENTATION_CONTEXT() REPRESENTATION_CONTEXT('2D SPACE',''
  ) );
#1644 = ADVANCED_FACE('',(#1645),#442,.F.);
#1645 = FACE_BOUND('',#1646,.F.);
#1646 = EDGE_LOOP('',(#1647,#1648,#1669,#1690));
#1647 = ORIENTED_EDGE('',*,*,#426,.F.);
#1648 = ORIENTED_EDGE('',*,*,#1649,.T.);
#1649 = EDGE_CURVE('',#400,#1650,#1652,.T.);
#1650 = VERTEX_POINT('',#1651);
#1651 = CARTESIAN_POINT('',(-2.,-0.8,7.));
#1652 = SURFACE_CURVE('',#1653,(#1657,#1663),.PCURVE_S1.);
#1653 = LINE('',#1654,#1655);
#1654 = CARTESIAN_POINT('',(-28.5,-0.8,7.));
#1655 = VECTOR('',#1656,1.);
#1656 = DIRECTION('',(1.,0.,0.));
#1657 = PCURVE('',#442,#1658);
#1658 = DEFINITIONAL_REPRESENTATION('',(#1659),#1662);
#1659 = B_SPLINE_CURVE_WITH_KNOTS('',1,(#1660,#1661),.UNSPECIFIED.,.F.,
  .F.,(2,2),(0.5,26.5),.PIECEWISE_BEZIER_KNOTS.);
#1660 = CARTESIAN_POINT('',(0.,2.2));
#1661 = CARTESIAN_POINT('',(26.,2.2));
#1662 = ( GEOMETRIC_REPRESENTATION_CONTEXT(2) 
PARAMETRIC_REPRESENTATION_CONTEXT() REPRESENTATION_CONTEXT('2D SPACE',''
  ) );
#1663 = PCURVE('',#415,#1664);
#1664 = DEFINITIONAL_REPRESENTATION('',(#1665),#1668);
#1665 = B_SPLINE_CURVE_WITH_KNOTS('',1,(#1666,#1667),.UNSPECIFIED.,.F.,
  .F.,(2,2),(0.5,26.5),.PIECEWISE_BEZIER_KNOTS.);
#1666 = CARTESIAN_POINT('',(7.,1.));
#1667 = CARTESIAN_POINT('',(7.,27.));
#1668 = ( GEOMETRIC_REPRESENTATION_CONTEXT(2) 
PARAMETRIC_REPRESENTATION_CONTEXT() REPRESENTATION_CONTEXT('2D SPACE',''
  ) );
#1669 = ORIENTED_EDGE('',*,*,#1670,.T.);
#1670 = EDGE_CURVE('',#1650,#1605,#1671,.T.);
#1671 = SURFACE_CURVE('',#1672,(#1676,#1683),.PCURVE_S1.);
#1672 = LINE('',#1673,#1674);
#1673 = CARTESIAN_POINT('',(-2.,-3.,7.));
#1674 = VECTOR('',#1675,1.);
#1675 = DIRECTION('',(0.,1.,0.));
#1676 = PCURVE('',#442,#1677);
#1677 = DEFINITIONAL_REPRESENTATION('',(#1678),#1682);
#1678 = LINE('',#1679,#1680);
#1679 = CARTESIAN_POINT('',(26.,0.));
#1680 = VECTOR('',#1681,1.);
#1681 = DIRECTION('',(0.,1.));
#1682 = ( GEOMETRIC_REPRESENTATION_CONTEXT(2) 
PARAMETRIC_REPRESENTATION_CONTEXT() REPRESENTATION_CONTEXT('2D SPACE',''
  ) );
#1683 = PCURVE('',#601,#1684);
#1684 = DEFINITIONAL_REPRESENTATION('',(#1685),#1689);
#1685 = LINE('',#1686,#1687);
#1686 = CARTESIAN_POINT('',(0.,0.));
#1687 = VECTOR('',#1688,1.);
#1688 = DIRECTION('',(0.,-1.));
#1689 = ( GEOMETRIC_REPRESENTATION_CONTEXT(2) 
PARAMETRIC_REPRESENTATION_CONTEXT() REPRESENTATION_CONTEXT('2D SPACE',''
  ) );
#1690 = ORIENTED_EDGE('',*,*,#1604,.F.);
#1691 = ADVANCED_FACE('',(#1692),#415,.T.);
#1692 = FACE_BOUND('',#1693,.T.);
#1693 = EDGE_LOOP('',(#1694,#1717,#1736,#1737,#1738,#1739));
#1694 = ORIENTED_EDGE('',*,*,#1695,.F.);
#1695 = EDGE_CURVE('',#1696,#1698,#1700,.T.);
#1696 = VERTEX_POINT('',#1697);
#1697 = CARTESIAN_POINT('',(-15.75136374908,-0.8,3.919183588453));
#1698 = VERTEX_POINT('',#1699);
#1699 = CARTESIAN_POINT('',(-2.,-0.8,3.919183588453));
#1700 = SURFACE_CURVE('',#1701,(#1705,#1711),.PCURVE_S1.);
#1701 = LINE('',#1702,#1703);
#1702 = CARTESIAN_POINT('',(-29.,-0.8,3.919183588453));
#1703 = VECTOR('',#1704,1.);
#1704 = DIRECTION('',(1.,0.,2.22044604925E-16));
#1705 = PCURVE('',#415,#1706);
#1706 = DEFINITIONAL_REPRESENTATION('',(#1707),#1710);
#1707 = B_SPLINE_CURVE_WITH_KNOTS('',1,(#1708,#1709),.UNSPECIFIED.,.F.,
  .F.,(2,2),(0.9999994,27.0000006),.PIECEWISE_BEZIER_KNOTS.);
#1708 = CARTESIAN_POINT('',(3.919183588453,0.9999994));
#1709 = CARTESIAN_POINT('',(3.919183588453,27.0000006));
#1710 = ( GEOMETRIC_REPRESENTATION_CONTEXT(2) 
PARAMETRIC_REPRESENTATION_CONTEXT() REPRESENTATION_CONTEXT('2D SPACE',''
  ) );
#1711 = PCURVE('',#1572,#1712);
#1712 = DEFINITIONAL_REPRESENTATION('',(#1713),#1716);
#1713 = B_SPLINE_CURVE_WITH_KNOTS('',1,(#1714,#1715),.UNSPECIFIED.,.F.,
  .F.,(2,2),(1.,27.),.PIECEWISE_BEZIER_KNOTS.);
#1714 = CARTESIAN_POINT('',(3.34295057438,1.));
#1715 = CARTESIAN_POINT('',(3.34295057438,27.));
#1716 = ( GEOMETRIC_REPRESENTATION_CONTEXT(2) 
PARAMETRIC_REPRESENTATION_CONTEXT() REPRESENTATION_CONTEXT('2D SPACE',''
  ) );
#1717 = ORIENTED_EDGE('',*,*,#1718,.T.);
#1718 = EDGE_CURVE('',#1696,#1484,#1719,.T.);
#1719 = SURFACE_CURVE('',#1720,(#1724,#1730),.PCURVE_S1.);
#1720 = LINE('',#1721,#1722);
#1721 = CARTESIAN_POINT('',(-15.75136374907,-0.8,-4.));
#1722 = VECTOR('',#1723,1.);
#1723 = DIRECTION('',(0.,0.,1.));
#1724 = PCURVE('',#415,#1725);
#1725 = DEFINITIONAL_REPRESENTATION('',(#1726),#1729);
#1726 = B_SPLINE_CURVE_WITH_KNOTS('',1,(#1727,#1728),.UNSPECIFIED.,.F.,
  .F.,(2,2),(7.611101947298,8.0000006),.PIECEWISE_BEZIER_KNOTS.);
#1727 = CARTESIAN_POINT('',(3.611101947298,13.248636250921));
#1728 = CARTESIAN_POINT('',(4.0000006,13.248636250921));
#1729 = ( GEOMETRIC_REPRESENTATION_CONTEXT(2) 
PARAMETRIC_REPRESENTATION_CONTEXT() REPRESENTATION_CONTEXT('2D SPACE',''
  ) );
#1730 = PCURVE('',#1521,#1731);
#1731 = DEFINITIONAL_REPRESENTATION('',(#1732),#1735);
#1732 = B_SPLINE_CURVE_WITH_KNOTS('',1,(#1733,#1734),.UNSPECIFIED.,.F.,
  .F.,(2,2),(7.919183588453,8.),.PIECEWISE_BEZIER_KNOTS.);
#1733 = CARTESIAN_POINT('',(5.871668461112,7.919183588453));
#1734 = CARTESIAN_POINT('',(5.871668461112,8.));
#1735 = ( GEOMETRIC_REPRESENTATION_CONTEXT(2) 
PARAMETRIC_REPRESENTATION_CONTEXT() REPRESENTATION_CONTEXT('2D SPACE',''
  ) );
#1736 = ORIENTED_EDGE('',*,*,#1483,.F.);
#1737 = ORIENTED_EDGE('',*,*,#399,.T.);
#1738 = ORIENTED_EDGE('',*,*,#1649,.T.);
#1739 = ORIENTED_EDGE('',*,*,#1740,.F.);
#1740 = EDGE_CURVE('',#1698,#1650,#1741,.T.);
#1741 = SURFACE_CURVE('',#1742,(#1746,#1752),.PCURVE_S1.);
#1742 = LINE('',#1743,#1744);
#1743 = CARTESIAN_POINT('',(-2.,-0.8,5.884182030513E-15));
#1744 = VECTOR('',#1745,1.);
#1745 = DIRECTION('',(-2.22044604925E-16,0.,1.));
#1746 = PCURVE('',#415,#1747);
#1747 = DEFINITIONAL_REPRESENTATION('',(#1748),#1751);
#1748 = B_SPLINE_CURVE_WITH_KNOTS('',1,(#1749,#1750),.UNSPECIFIED.,.F.,
  .F.,(2,2),(-5.884182030513E-15,9.),.PIECEWISE_BEZIER_KNOTS.);
#1749 = CARTESIAN_POINT('',(0.,27.));
#1750 = CARTESIAN_POINT('',(9.,27.));
#1751 = ( GEOMETRIC_REPRESENTATION_CONTEXT(2) 
PARAMETRIC_REPRESENTATION_CONTEXT() REPRESENTATION_CONTEXT('2D SPACE',''
  ) );
#1752 = PCURVE('',#601,#1753);
#1753 = DEFINITIONAL_REPRESENTATION('',(#1754),#1758);
#1754 = LINE('',#1755,#1756);
#1755 = CARTESIAN_POINT('',(-7.,-2.2));
#1756 = VECTOR('',#1757,1.);
#1757 = DIRECTION('',(1.,0.));
#1758 = ( GEOMETRIC_REPRESENTATION_CONTEXT(2) 
PARAMETRIC_REPRESENTATION_CONTEXT() REPRESENTATION_CONTEXT('2D SPACE',''
  ) );
#1759 = ADVANCED_FACE('',(#1760),#362,.T.);
#1760 = FACE_BOUND('',#1761,.T.);
#1761 = EDGE_LOOP('',(#1762,#1763,#1764,#1786));
#1762 = ORIENTED_EDGE('',*,*,#1460,.F.);
#1763 = ORIENTED_EDGE('',*,*,#1258,.F.);
#1764 = ORIENTED_EDGE('',*,*,#1765,.T.);
#1765 = EDGE_CURVE('',#1238,#327,#1766,.T.);
#1766 = SURFACE_CURVE('',#1767,(#1772,#1779),.PCURVE_S1.);
#1767 = CIRCLE('',#1768,9.);
#1768 = AXIS2_PLACEMENT_3D('',#1769,#1770,#1771);
#1769 = CARTESIAN_POINT('',(-24.,2.8,-4.));
#1770 = DIRECTION('',(0.,0.,1.));
#1771 = DIRECTION('',(1.,0.,0.));
#1772 = PCURVE('',#362,#1773);
#1773 = DEFINITIONAL_REPRESENTATION('',(#1774),#1778);
#1774 = LINE('',#1775,#1776);
#1775 = CARTESIAN_POINT('',(0.,0.));
#1776 = VECTOR('',#1777,1.);
#1777 = DIRECTION('',(1.,0.));
#1778 = ( GEOMETRIC_REPRESENTATION_CONTEXT(2) 
PARAMETRIC_REPRESENTATION_CONTEXT() REPRESENTATION_CONTEXT('2D SPACE',''
  ) );
#1779 = PCURVE('',#213,#1780);
#1780 = DEFINITIONAL_REPRESENTATION('',(#1781),#1785);
#1781 = CIRCLE('',#1782,9.);
#1782 = AXIS2_PLACEMENT_2D('',#1783,#1784);
#1783 = CARTESIAN_POINT('',(0.,0.));
#1784 = DIRECTION('',(1.,0.));
#1785 = ( GEOMETRIC_REPRESENTATION_CONTEXT(2) 
PARAMETRIC_REPRESENTATION_CONTEXT() REPRESENTATION_CONTEXT('2D SPACE',''
  ) );
#1786 = ORIENTED_EDGE('',*,*,#347,.T.);
#1787 = ADVANCED_FACE('',(#1788),#213,.F.);
#1788 = FACE_BOUND('',#1789,.F.);
#1789 = EDGE_LOOP('',(#1790,#1791,#1792,#1793,#1814,#1815,#1816));
#1790 = ORIENTED_EDGE('',*,*,#1237,.T.);
#1791 = ORIENTED_EDGE('',*,*,#1765,.T.);
#1792 = ORIENTED_EDGE('',*,*,#326,.F.);
#1793 = ORIENTED_EDGE('',*,*,#1794,.F.);
#1794 = EDGE_CURVE('',#199,#306,#1795,.T.);
#1795 = SURFACE_CURVE('',#1796,(#1801,#1808),.PCURVE_S1.);
#1796 = CIRCLE('',#1797,6.);
#1797 = AXIS2_PLACEMENT_3D('',#1798,#1799,#1800);
#1798 = CARTESIAN_POINT('',(-24.,2.8,-4.));
#1799 = DIRECTION('',(0.,0.,1.));
#1800 = DIRECTION('',(1.,0.,0.));
#1801 = PCURVE('',#213,#1802);
#1802 = DEFINITIONAL_REPRESENTATION('',(#1803),#1807);
#1803 = CIRCLE('',#1804,6.);
#1804 = AXIS2_PLACEMENT_2D('',#1805,#1806);
#1805 = CARTESIAN_POINT('',(0.,0.));
#1806 = DIRECTION('',(1.,0.));
#1807 = ( GEOMETRIC_REPRESENTATION_CONTEXT(2) 
PARAMETRIC_REPRESENTATION_CONTEXT() REPRESENTATION_CONTEXT('2D SPACE',''
  ) );
#1808 = PCURVE('',#239,#1809);
#1809 = DEFINITIONAL_REPRESENTATION('',(#1810),#1813);
#1810 = B_SPLINE_CURVE_WITH_KNOTS('',1,(#1811,#1812),.UNSPECIFIED.,.F.,
  .F.,(2,2),(2.300523983022,3.982661324158),.PIECEWISE_BEZIER_KNOTS.);
#1811 = CARTESIAN_POINT('',(2.300523983022,0.));
#1812 = CARTESIAN_POINT('',(3.982661324158,0.));
#1813 = ( GEOMETRIC_REPRESENTATION_CONTEXT(2) 
PARAMETRIC_REPRESENTATION_CONTEXT() REPRESENTATION_CONTEXT('2D SPACE',''
  ) );
#1814 = ORIENTED_EDGE('',*,*,#198,.F.);
#1815 = ORIENTED_EDGE('',*,*,#1065,.T.);
#1816 = ORIENTED_EDGE('',*,*,#1817,.F.);
#1817 = EDGE_CURVE('',#1087,#1066,#1818,.T.);
#1818 = SURFACE_CURVE('',#1819,(#1824,#1831),.PCURVE_S1.);
#1819 = CIRCLE('',#1820,6.);
#1820 = AXIS2_PLACEMENT_3D('',#1821,#1822,#1823);
#1821 = CARTESIAN_POINT('',(-24.,2.8,-4.));
#1822 = DIRECTION('',(0.,0.,1.));
#1823 = DIRECTION('',(1.,0.,0.));
#1824 = PCURVE('',#213,#1825);
#1825 = DEFINITIONAL_REPRESENTATION('',(#1826),#1830);
#1826 = CIRCLE('',#1827,6.);
#1827 = AXIS2_PLACEMENT_2D('',#1828,#1829);
#1828 = CARTESIAN_POINT('',(0.,0.));
#1829 = DIRECTION('',(1.,0.));
#1830 = ( GEOMETRIC_REPRESENTATION_CONTEXT(2) 
PARAMETRIC_REPRESENTATION_CONTEXT() REPRESENTATION_CONTEXT('2D SPACE',''
  ) );
#1831 = PCURVE('',#1184,#1832);
#1832 = DEFINITIONAL_REPRESENTATION('',(#1833),#1837);
#1833 = LINE('',#1834,#1835);
#1834 = CARTESIAN_POINT('',(0.,0.));
#1835 = VECTOR('',#1836,1.);
#1836 = DIRECTION('',(1.,0.));
#1837 = ( GEOMETRIC_REPRESENTATION_CONTEXT(2) 
PARAMETRIC_REPRESENTATION_CONTEXT() REPRESENTATION_CONTEXT('2D SPACE',''
  ) );
#1838 = ADVANCED_FACE('',(#1839),#239,.F.);
#1839 = FACE_BOUND('',#1840,.F.);
#1840 = EDGE_LOOP('',(#1841,#2211,#2235,#2261,#2289,#2315,#2343,#2364,
    #2387,#2413,#2462,#2483,#2484,#2485));
#1841 = ORIENTED_EDGE('',*,*,#1842,.F.);
#1842 = EDGE_CURVE('',#1843,#277,#1845,.T.);
#1843 = VERTEX_POINT('',#1844);
#1844 = CARTESIAN_POINT('',(-18.12122461732,4.,0.));
#1845 = SURFACE_CURVE('',#1846,(#1933,#2072),.PCURVE_S1.);
#1846 = B_SPLINE_CURVE_WITH_KNOTS('',7,(#1847,#1848,#1849,#1850,#1851,
    #1852,#1853,#1854,#1855,#1856,#1857,#1858,#1859,#1860,#1861,#1862,
    #1863,#1864,#1865,#1866,#1867,#1868,#1869,#1870,#1871,#1872,#1873,
    #1874,#1875,#1876,#1877,#1878,#1879,#1880,#1881,#1882,#1883,#1884,
    #1885,#1886,#1887,#1888,#1889,#1890,#1891,#1892,#1893,#1894,#1895,
    #1896,#1897,#1898,#1899,#1900,#1901,#1902,#1903,#1904,#1905,#1906,
    #1907,#1908,#1909,#1910,#1911,#1912,#1913,#1914,#1915,#1916,#1917,
    #1918,#1919,#1920,#1921,#1922,#1923,#1924,#1925,#1926,#1927,#1928,
    #1929,#1930,#1931,#1932),.UNSPECIFIED.,.F.,.F.,(8,6,6,6,6,6,6,6,6,6,
    6,6,6,6,8),(0.,8.651813966571E-02,0.80484058566,0.999999802711,
    1.228815685892,1.337532730952,1.54610523288,1.843810773585,
    2.147561573769,2.940665963205,3.476264691118,3.888214810237,
    4.300164929355,4.835763657271,5.327741153338),.UNSPECIFIED.);
#1847 = CARTESIAN_POINT('',(-18.12122461732,4.,9.8722589975E-17));
#1848 = CARTESIAN_POINT('',(-18.12122461732,4.,-3.758869139693E-02));
#1849 = CARTESIAN_POINT('',(-18.12114049808,3.999587901135,
    -7.517737923164E-02));
#1850 = CARTESIAN_POINT('',(-18.12097225951,3.998763703918,
    -0.112762979511));
#1851 = CARTESIAN_POINT('',(-18.12072007806,3.997527344043,
    -0.150342404794));
#1852 = CARTESIAN_POINT('',(-18.12038430668,3.995878692387,
    -0.187912564193));
#1853 = CARTESIAN_POINT('',(-18.11996547487,3.993817555011,
    -0.225470363372));
#1854 = CARTESIAN_POINT('',(-18.11530315762,3.970804109181,
    -0.574710418411));
#1855 = CARTESIAN_POINT('',(-18.10546963215,3.921836255309,
    -0.884992794208));
#1856 = CARTESIAN_POINT('',(-18.09038720501,3.844381198274,
    -1.192449360924));
#1857 = CARTESIAN_POINT('',(-18.07127259253,3.737889172803,
    -1.495495235181));
#1858 = CARTESIAN_POINT('',(-18.05018726244,3.601401839313,
    -1.792173957635));
#1859 = CARTESIAN_POINT('',(-18.03016824971,3.433650015026,
    -2.079901322357));
#1860 = CARTESIAN_POINT('',(-18.01171404959,3.178700041424,
    -2.429902095758));
#1861 = CARTESIAN_POINT('',(-18.00817708728,3.121803601614,
    -2.503771295873));
#1862 = CARTESIAN_POINT('',(-18.00513554825,3.06245191713,
    -2.576656526512));
#1863 = CARTESIAN_POINT('',(-18.0026869126,3.000619129057,
    -2.648473332156));
#1864 = CARTESIAN_POINT('',(-18.00093690015,2.936280912304,
    -2.719130739969));
#1865 = CARTESIAN_POINT('',(-18.,2.869414715353,-2.788531341004));
#1866 = CARTESIAN_POINT('',(-18.,2.71861419799,-2.936345413791));
#1867 = CARTESIAN_POINT('',(-18.00128789398,2.633679325202,
    -3.014293928926));
#1868 = CARTESIAN_POINT('',(-18.00406600675,2.545224666782,
    -3.090177658735));
#1869 = CARTESIAN_POINT('',(-18.00854857915,2.453293183515,
    -3.163761384552));
#1870 = CARTESIAN_POINT('',(-18.01496087036,2.357941007786,
    -3.234813653333));
#1871 = CARTESIAN_POINT('',(-18.02353826008,2.25923693956,
    -3.303106503862));
#1872 = CARTESIAN_POINT('',(-18.03974563554,2.108810671336,
    -3.399445240324));
#1873 = CARTESIAN_POINT('',(-18.04550869478,2.059631755929,
    -3.429794679051));
#1874 = CARTESIAN_POINT('',(-18.05183882207,2.009749925779,
    -3.459430170248));
#1875 = CARTESIAN_POINT('',(-18.05875965129,1.95919079446,
    -3.488320429284));
#1876 = CARTESIAN_POINT('',(-18.06629415674,1.907980859469,
    -3.516436225778));
#1877 = CARTESIAN_POINT('',(-18.07446465307,1.856147502221,
    -3.543750383607));
#1878 = CARTESIAN_POINT('',(-18.10022949307,1.703135437737,
    -3.621053572651));
#1879 = CARTESIAN_POINT('',(-18.11959541147,1.600307895869,
    -3.668853205057));
#1880 = CARTESIAN_POINT('',(-18.14152417931,1.495569873259,
    -3.713383065962));
#1881 = CARTESIAN_POINT('',(-18.16612074603,1.389269715831,
    -3.754447934028));
#1882 = CARTESIAN_POINT('',(-18.1934569721,1.281766404555,
    -3.791908423658));
#1883 = CARTESIAN_POINT('',(-18.22356721949,1.173425355367,
    -3.825678429942));
#1884 = CARTESIAN_POINT('',(-18.30337046566,0.909302862811,
    -3.898606021539));
#1885 = CARTESIAN_POINT('',(-18.35580232999,0.753466595287,
    -3.933779225883));
#1886 = CARTESIAN_POINT('',(-18.41369774087,0.598070050603,
    -3.961247325881));
#1887 = CARTESIAN_POINT('',(-18.47686006206,0.444080868398,
    -3.98118792332));
#1888 = CARTESIAN_POINT('',(-18.54492547433,0.292456409279,
    -3.993941194129));
#1889 = CARTESIAN_POINT('',(-18.61735063465,0.144130470228,-4.));
#1890 = CARTESIAN_POINT('',(-18.7709943144,-0.147057208136,-4.));
#1891 = CARTESIAN_POINT('',(-18.85245177584,-0.289916775885,
    -3.993692787526));
#1892 = CARTESIAN_POINT('',(-18.93741242166,-0.428373415918,
    -3.981725250408));
#1893 = CARTESIAN_POINT('',(-19.02550255,-0.562265619157,-3.964709720198
    ));
#1894 = CARTESIAN_POINT('',(-19.11633869148,-0.691471575192,
    -3.943227961717));
#1895 = CARTESIAN_POINT('',(-19.20953124547,-0.815905092699,
    -3.917835162607));
#1896 = CARTESIAN_POINT('',(-19.55314616782,-1.247808252338,
    -3.813941169266));
#1897 = CARTESIAN_POINT('',(-19.81619858063,-1.528709649787,
    -3.715420180644));
#1898 = CARTESIAN_POINT('',(-20.08958767247,-1.779808336185,
    -3.601807473225));
#1899 = CARTESIAN_POINT('',(-20.3704875053,-2.003535901115,
    -3.478957312448));
#1900 = CARTESIAN_POINT('',(-20.65763924718,-2.2024229634,
    -3.351276074927));
#1901 = CARTESIAN_POINT('',(-20.95118823008,-2.378814224272,
    -3.22205501322));
#1902 = CARTESIAN_POINT('',(-21.45709590901,-2.639324772256,
    -3.008718567836));
#1903 = CARTESIAN_POINT('',(-21.66429855315,-2.734514035165,
    -2.923821237286));
#1904 = CARTESIAN_POINT('',(-21.87487970564,-2.820220279458,
    -2.841273141688));
#1905 = CARTESIAN_POINT('',(-22.08887432646,-2.896552836842,
    -2.762475804237));
#1906 = CARTESIAN_POINT('',(-22.30633124254,-2.963513743082,
    -2.689043478453));
#1907 = CARTESIAN_POINT('',(-22.52738890137,-3.021022860058,
    -2.622780993932));
#1908 = CARTESIAN_POINT('',(-22.92536105406,-3.105627816845,
    -2.521579780057));
#1909 = CARTESIAN_POINT('',(-23.1011661907,-3.136782301672,
    -2.482818586691));
#1910 = CARTESIAN_POINT('',(-23.27887173147,-3.161924449093,
    -2.450469067932));
#1911 = CARTESIAN_POINT('',(-23.45789767332,-3.180890592992,
    -2.425479438226));
#1912 = CARTESIAN_POINT('',(-23.63788994393,-3.193604484508,
    -2.408527246483));
#1913 = CARTESIAN_POINT('',(-23.81863956273,-3.2,-2.4));
#1914 = CARTESIAN_POINT('',(-24.18136043727,-3.2,-2.4));
#1915 = CARTESIAN_POINT('',(-24.36211005606,-3.193604484508,
    -2.408527246483));
#1916 = CARTESIAN_POINT('',(-24.54210232667,-3.180890592992,
    -2.425479438226));
#1917 = CARTESIAN_POINT('',(-24.72112826852,-3.161924449093,
    -2.450469067932));
#1918 = CARTESIAN_POINT('',(-24.89883380929,-3.136782301672,
    -2.482818586691));
#1919 = CARTESIAN_POINT('',(-25.07463894594,-3.105627816845,
    -2.521579780057));
#1920 = CARTESIAN_POINT('',(-25.47261109862,-3.021022860058,
    -2.622780993932));
#1921 = CARTESIAN_POINT('',(-25.69366875745,-2.963513743082,
    -2.689043478452));
#1922 = CARTESIAN_POINT('',(-25.91112567353,-2.896552836842,
    -2.762475804237));
#1923 = CARTESIAN_POINT('',(-26.12512029435,-2.820220279458,
    -2.841273141688));
#1924 = CARTESIAN_POINT('',(-26.33570144685,-2.734514035165,
    -2.923821237286));
#1925 = CARTESIAN_POINT('',(-26.54290409098,-2.639324772256,
    -3.008718567837));
#1926 = CARTESIAN_POINT('',(-26.93415680621,-2.437854299501,
    -3.173706108034));
#1927 = CARTESIAN_POINT('',(-27.11863656472,-2.333149585641,
    -3.253590548407));
#1928 = CARTESIAN_POINT('',(-27.30048320014,-2.219883911245,
    -3.333451071162));
#1929 = CARTESIAN_POINT('',(-27.47974588821,-2.097645050084,
    -3.41240412395));
#1930 = CARTESIAN_POINT('',(-27.65630949737,-1.965953035186,
    -3.489512488903));
#1931 = CARTESIAN_POINT('',(-27.82988574872,-1.824290766913,
    -3.563708279619));
#1932 = CARTESIAN_POINT('',(-28.,-1.672135955,-3.633725546598));
#1933 = PCURVE('',#239,#1934);
#1934 = DEFINITIONAL_REPRESENTATION('',(#1935),#2071);
#1935 = B_SPLINE_CURVE_WITH_KNOTS('',3,(#1936,#1937,#1938,#1939,#1940,
    #1941,#1942,#1943,#1944,#1945,#1946,#1947,#1948,#1949,#1950,#1951,
    #1952,#1953,#1954,#1955,#1956,#1957,#1958,#1959,#1960,#1961,#1962,
    #1963,#1964,#1965,#1966,#1967,#1968,#1969,#1970,#1971,#1972,#1973,
    #1974,#1975,#1976,#1977,#1978,#1979,#1980,#1981,#1982,#1983,#1984,
    #1985,#1986,#1987,#1988,#1989,#1990,#1991,#1992,#1993,#1994,#1995,
    #1996,#1997,#1998,#1999,#2000,#2001,#2002,#2003,#2004,#2005,#2006,
    #2007,#2008,#2009,#2010,#2011,#2012,#2013,#2014,#2015,#2016,#2017,
    #2018,#2019,#2020,#2021,#2022,#2023,#2024,#2025,#2026,#2027,#2028,
    #2029,#2030,#2031,#2032,#2033,#2034,#2035,#2036,#2037,#2038,#2039,
    #2040,#2041,#2042,#2043,#2044,#2045,#2046,#2047,#2048,#2049,#2050,
    #2051,#2052,#2053,#2054,#2055,#2056,#2057,#2058,#2059,#2060,#2061,
    #2062,#2063,#2064,#2065,#2066,#2067,#2068,#2069,#2070),
  .UNSPECIFIED.,.F.,.F.,(4,1,1,1,1,1,1,1,1,1,1,1,1,1,1,1,1,1,1,1,1,1,1,1
    ,1,1,1,1,1,1,1,1,1,1,1,1,1,1,1,1,1,1,1,1,1,1,1,1,1,1,1,1,1,1,1,1,1,1
    ,1,1,1,1,1,1,1,1,1,1,1,1,1,1,1,1,1,1,1,1,1,1,1,1,1,1,1,1,1,1,1,1,1,1
    ,1,1,1,1,1,1,1,1,1,1,1,1,1,1,1,1,1,1,1,1,1,1,1,1,1,1,1,1,1,1,1,1,1,1
    ,1,1,1,1,1,1,4),(0.,4.036167540408E-02,8.072335080816E-02,
    0.121085026212,0.161446701616,0.20180837702,0.242170052424,
    0.282531727829,0.322893403233,0.363255078637,0.403616754041,
    0.443978429445,0.484340104849,0.524701780253,0.565063455657,
    0.605425131061,0.645786806465,0.686148481869,0.726510157273,
    0.766871832677,0.807233508082,0.847595183486,0.88795685889,
    0.928318534294,0.968680209698,1.009041885102,1.049403560506,
    1.08976523591,1.130126911314,1.170488586718,1.210850262122,
    1.251211937526,1.291573612931,1.331935288335,1.372296963739,
    1.412658639143,1.453020314547,1.493381989951,1.533743665355,
    1.574105340759,1.614467016163,1.654828691567,1.695190366971,
    1.735552042375,1.775913717779,1.816275393184,1.856637068588,
    1.896998743992,1.937360419396,1.9777220948,2.018083770204,
    2.058445445608,2.098807121012,2.139168796416,2.17953047182,
    2.219892147224,2.260253822628,2.300615498032,2.340977173437,
    2.381338848841,2.421700524245,2.462062199649,2.502423875053,
    2.542785550457,2.583147225861,2.623508901265,2.663870576669,
    2.704232252073,2.744593927477,2.784955602881,2.825317278285,
    2.86567895369,2.906040629094,2.946402304498,2.986763979902,
    3.027125655306,3.06748733071,3.107849006114,3.148210681518,
    3.188572356922,3.228934032326,3.26929570773,3.309657383134,
    3.350019058538,3.390380733943,3.430742409347,3.471104084751,
    3.511465760155,3.551827435559,3.592189110963,3.632550786367,
    3.672912461771,3.713274137175,3.753635812579,3.793997487983,
    3.834359163387,3.874720838792,3.915082514196,3.9554441896,
    3.995805865004,4.036167540408,4.076529215812,4.116890891216,
    4.15725256662,4.197614242024,4.237975917428,4.278337592832,
    4.318699268236,4.35906094364,4.399422619045,4.439784294449,
    4.480145969853,4.520507645257,4.560869320661,4.601230996065,
    4.641592671469,4.681954346873,4.722316022277,4.762677697681,
    4.803039373085,4.843401048489,4.883762723893,4.924124399298,
    4.964486074702,5.004847750106,5.04520942551,5.085571100914,
    5.125932776318,5.166294451722,5.206656127126,5.24701780253,
    5.287379477934,5.327741153338),.QUASI_UNIFORM_KNOTS.);
#1936 = CARTESIAN_POINT('',(6.48454322797,4.));
#1937 = CARTESIAN_POINT('',(6.484543239386,3.959085480658));
#1938 = CARTESIAN_POINT('',(6.484329650743,3.877251036045));
#1939 = CARTESIAN_POINT('',(6.483368439466,3.754566231026));
#1940 = CARTESIAN_POINT('',(6.481766236398,3.632025392504));
#1941 = CARTESIAN_POINT('',(6.479523471635,3.509726537912));
#1942 = CARTESIAN_POINT('',(6.476639586426,3.387713177132));
#1943 = CARTESIAN_POINT('',(6.473113718286,3.26604509542));
#1944 = CARTESIAN_POINT('',(6.468944533521,3.144780545373));
#1945 = CARTESIAN_POINT('',(6.464130275946,3.023981410083));
#1946 = CARTESIAN_POINT('',(6.458668753505,2.903712224003));
#1947 = CARTESIAN_POINT('',(6.452557337241,2.784040852758));
#1948 = CARTESIAN_POINT('',(6.445792952459,2.665038741715));
#1949 = CARTESIAN_POINT('',(6.438372067259,2.54678129403));
#1950 = CARTESIAN_POINT('',(6.430290676558,2.429348226792));
#1951 = CARTESIAN_POINT('',(6.421544282343,2.312823951294));
#1952 = CARTESIAN_POINT('',(6.412127867048,2.197297945916));
#1953 = CARTESIAN_POINT('',(6.402035869297,2.082865202962));
#1954 = CARTESIAN_POINT('',(6.39126212525,1.969626456797));
#1955 = CARTESIAN_POINT('',(6.379799910065,1.857689283835));
#1956 = CARTESIAN_POINT('',(6.367641574318,1.747166006077));
#1957 = CARTESIAN_POINT('',(6.354779657196,1.638183582095));
#1958 = CARTESIAN_POINT('',(6.341202411221,1.530848505606));
#1959 = CARTESIAN_POINT('',(6.326899110062,1.425295928855));
#1960 = CARTESIAN_POINT('',(6.311861196509,1.321690891581));
#1961 = CARTESIAN_POINT('',(6.296078439563,1.220200106454));
#1962 = CARTESIAN_POINT('',(6.279542446365,1.121013591455));
#1963 = CARTESIAN_POINT('',(6.262234471057,1.024278002562));
#1964 = CARTESIAN_POINT('',(6.244154724466,0.930262486704));
#1965 = CARTESIAN_POINT('',(6.225305174063,0.839238674096));
#1966 = CARTESIAN_POINT('',(6.205687236575,0.751472629897));
#1967 = CARTESIAN_POINT('',(6.18530360786,0.667232058732));
#1968 = CARTESIAN_POINT('',(6.164152098238,0.586766241896));
#1969 = CARTESIAN_POINT('',(6.142261906908,0.510433145434));
#1970 = CARTESIAN_POINT('',(6.119666575122,0.438565287549));
#1971 = CARTESIAN_POINT('',(6.096389336933,0.371431481789));
#1972 = CARTESIAN_POINT('',(6.072480001806,0.309344619942));
#1973 = CARTESIAN_POINT('',(6.048010234689,0.25261050001));
#1974 = CARTESIAN_POINT('',(6.023048393389,0.201455186477));
#1975 = CARTESIAN_POINT('',(5.997663474594,0.15604034181));
#1976 = CARTESIAN_POINT('',(5.971933354534,0.116482277581));
#1977 = CARTESIAN_POINT('',(5.945989283076,8.288579984267E-02));
#1978 = CARTESIAN_POINT('',(5.919884200306,5.516660366465E-02));
#1979 = CARTESIAN_POINT('',(5.893689644937,3.322374264452E-02));
#1980 = CARTESIAN_POINT('',(5.867474337528,1.690228037217E-02));
#1981 = CARTESIAN_POINT('',(5.841311408114,6.004663188686E-03));
#1982 = CARTESIAN_POINT('',(5.815272927052,2.894260751109E-04));
#1983 = CARTESIAN_POINT('',(5.789446732877,-5.281552728317E-04));
#1984 = CARTESIAN_POINT('',(5.763867438248,3.230008550778E-03));
#1985 = CARTESIAN_POINT('',(5.738537155587,1.125239341938E-02));
#1986 = CARTESIAN_POINT('',(5.713469213315,2.323607771616E-02));
#1987 = CARTESIAN_POINT('',(5.688673528817,3.888623429982E-02));
#1988 = CARTESIAN_POINT('',(5.664160822108,5.791555948582E-02));
#1989 = CARTESIAN_POINT('',(5.639940850479,8.004456633957E-02));
#1990 = CARTESIAN_POINT('',(5.61602567735,0.104998483707));
#1991 = CARTESIAN_POINT('',(5.592418738477,0.132516867983));
#1992 = CARTESIAN_POINT('',(5.569081139446,0.162407540377));
#1993 = CARTESIAN_POINT('',(5.546012785151,0.194450053152));
#1994 = CARTESIAN_POINT('',(5.523203733173,0.228446107512));
#1995 = CARTESIAN_POINT('',(5.5006460551,0.264206388607));
#1996 = CARTESIAN_POINT('',(5.478330656426,0.301553183785));
#1997 = CARTESIAN_POINT('',(5.456248121837,0.340318814257));
#1998 = CARTESIAN_POINT('',(5.434388477169,0.380345222164));
#1999 = CARTESIAN_POINT('',(5.412741237037,0.421483272682));
#2000 = CARTESIAN_POINT('',(5.391295371246,0.463592148252));
#2001 = CARTESIAN_POINT('',(5.370039288227,0.506538724698));
#2002 = CARTESIAN_POINT('',(5.348960808512,0.550196950712));
#2003 = CARTESIAN_POINT('',(5.328047136487,0.594447212791));
#2004 = CARTESIAN_POINT('',(5.307284822395,0.639175693414));
#2005 = CARTESIAN_POINT('',(5.286659735881,0.684273666964));
#2006 = CARTESIAN_POINT('',(5.266156970883,0.729636905264));
#2007 = CARTESIAN_POINT('',(5.245760977842,0.775164518395));
#2008 = CARTESIAN_POINT('',(5.225454815529,0.820759713982));
#2009 = CARTESIAN_POINT('',(5.205222653004,0.866323174218));
#2010 = CARTESIAN_POINT('',(5.185040102648,0.911773728017));
#2011 = CARTESIAN_POINT('',(5.16491149695,0.956963335139));
#2012 = CARTESIAN_POINT('',(5.144834845466,1.001755729665));
#2013 = CARTESIAN_POINT('',(5.1247969595,1.046037022687));
#2014 = CARTESIAN_POINT('',(5.104788403077,1.089681416396));
#2015 = CARTESIAN_POINT('',(5.084799295504,1.132560148252));
#2016 = CARTESIAN_POINT('',(5.064820256546,1.174538951361));
#2017 = CARTESIAN_POINT('',(5.044841987881,1.215478686477));
#2018 = CARTESIAN_POINT('',(5.024855220186,1.255235237895));
#2019 = CARTESIAN_POINT('',(5.004850609162,1.293659648691));
#2020 = CARTESIAN_POINT('',(4.98481851189,1.330598501263));
#2021 = CARTESIAN_POINT('',(4.964749328142,1.365893543868));
#2022 = CARTESIAN_POINT('',(4.944631729811,1.399384554467));
#2023 = CARTESIAN_POINT('',(4.924458793955,1.430900475884));
#2024 = CARTESIAN_POINT('',(4.904204646642,1.46029469495));
#2025 = CARTESIAN_POINT('',(4.883858165976,1.487390247136));
#2026 = CARTESIAN_POINT('',(4.863444386004,1.511967631314));
#2027 = CARTESIAN_POINT('',(4.842974127989,1.533842234942));
#2028 = CARTESIAN_POINT('',(4.822457586448,1.552845232277));
#2029 = CARTESIAN_POINT('',(4.801901188247,1.568829536387));
#2030 = CARTESIAN_POINT('',(4.781308948123,1.581668859151));
#2031 = CARTESIAN_POINT('',(4.760682430079,1.591258637837));
#2032 = CARTESIAN_POINT('',(4.74002167029,1.597515739732));
#2033 = CARTESIAN_POINT('',(4.719323547097,1.600380540282));
#2034 = CARTESIAN_POINT('',(4.698589318429,1.599810081503));
#2035 = CARTESIAN_POINT('',(4.677907195179,1.595815809873));
#2036 = CARTESIAN_POINT('',(4.6572570308,1.588446634441));
#2037 = CARTESIAN_POINT('',(4.636642051095,1.577769868283));
#2038 = CARTESIAN_POINT('',(4.616061336686,1.563875809945));
#2039 = CARTESIAN_POINT('',(4.595517591055,1.546876223502));
#2040 = CARTESIAN_POINT('',(4.575015551541,1.526904446696));
#2041 = CARTESIAN_POINT('',(4.554562631814,1.504114440466));
#2042 = CARTESIAN_POINT('',(4.534170102342,1.478681797146));
#2043 = CARTESIAN_POINT('',(4.513850011694,1.450797324955));
#2044 = CARTESIAN_POINT('',(4.493628747186,1.420687720968));
#2045 = CARTESIAN_POINT('',(4.473474128129,1.388497133928));
#2046 = CARTESIAN_POINT('',(4.453374076271,1.35439067773));
#2047 = CARTESIAN_POINT('',(4.433318208812,1.318533103542));
#2048 = CARTESIAN_POINT('',(4.413296320092,1.281084768572));
#2049 = CARTESIAN_POINT('',(4.393298662636,1.242202160871));
#2050 = CARTESIAN_POINT('',(4.373315743187,1.202037302306));
#2051 = CARTESIAN_POINT('',(4.353338243449,1.160737549365));
#2052 = CARTESIAN_POINT('',(4.333356903541,1.118445391066));
#2053 = CARTESIAN_POINT('',(4.313362399262,1.075298327142));
#2054 = CARTESIAN_POINT('',(4.293345244013,1.031428894596));
#2055 = CARTESIAN_POINT('',(4.273295554481,0.986964487081));
#2056 = CARTESIAN_POINT('',(4.253203286975,0.942028321146));
#2057 = CARTESIAN_POINT('',(4.233056672334,0.896736488772));
#2058 = CARTESIAN_POINT('',(4.212847772187,0.851210980604));
#2059 = CARTESIAN_POINT('',(4.192563203743,0.805559315893));
#2060 = CARTESIAN_POINT('',(4.172188915348,0.75988623956));
#2061 = CARTESIAN_POINT('',(4.151711570854,0.714297646458));
#2062 = CARTESIAN_POINT('',(4.131118149163,0.668900511669));
#2063 = CARTESIAN_POINT('',(4.11039602476,0.623803873657));
#2064 = CARTESIAN_POINT('',(4.089532921672,0.579119511385));
#2065 = CARTESIAN_POINT('',(4.068516904465,0.534962704103));
#2066 = CARTESIAN_POINT('',(4.047336358473,0.491452877932));
#2067 = CARTESIAN_POINT('',(4.025979985799,0.448714533978));
#2068 = CARTESIAN_POINT('',(4.004436757472,0.406877074948));
#2069 = CARTESIAN_POINT('',(3.989942940689,0.37967813675));
#2070 = CARTESIAN_POINT('',(3.982661324158,0.366274453402));
#2071 = ( GEOMETRIC_REPRESENTATION_CONTEXT(2) 
PARAMETRIC_REPRESENTATION_CONTEXT() REPRESENTATION_CONTEXT('2D SPACE',''
  ) );
#2072 = PCURVE('',#293,#2073);
#2073 = DEFINITIONAL_REPRESENTATION('',(#2074),#2210);
#2074 = B_SPLINE_CURVE_WITH_KNOTS('',3,(#2075,#2076,#2077,#2078,#2079,
    #2080,#2081,#2082,#2083,#2084,#2085,#2086,#2087,#2088,#2089,#2090,
    #2091,#2092,#2093,#2094,#2095,#2096,#2097,#2098,#2099,#2100,#2101,
    #2102,#2103,#2104,#2105,#2106,#2107,#2108,#2109,#2110,#2111,#2112,
    #2113,#2114,#2115,#2116,#2117,#2118,#2119,#2120,#2121,#2122,#2123,
    #2124,#2125,#2126,#2127,#2128,#2129,#2130,#2131,#2132,#2133,#2134,
    #2135,#2136,#2137,#2138,#2139,#2140,#2141,#2142,#2143,#2144,#2145,
    #2146,#2147,#2148,#2149,#2150,#2151,#2152,#2153,#2154,#2155,#2156,
    #2157,#2158,#2159,#2160,#2161,#2162,#2163,#2164,#2165,#2166,#2167,
    #2168,#2169,#2170,#2171,#2172,#2173,#2174,#2175,#2176,#2177,#2178,
    #2179,#2180,#2181,#2182,#2183,#2184,#2185,#2186,#2187,#2188,#2189,
    #2190,#2191,#2192,#2193,#2194,#2195,#2196,#2197,#2198,#2199,#2200,
    #2201,#2202,#2203,#2204,#2205,#2206,#2207,#2208,#2209),
  .UNSPECIFIED.,.F.,.F.,(4,1,1,1,1,1,1,1,1,1,1,1,1,1,1,1,1,1,1,1,1,1,1,1
    ,1,1,1,1,1,1,1,1,1,1,1,1,1,1,1,1,1,1,1,1,1,1,1,1,1,1,1,1,1,1,1,1,1,1
    ,1,1,1,1,1,1,1,1,1,1,1,1,1,1,1,1,1,1,1,1,1,1,1,1,1,1,1,1,1,1,1,1,1,1
    ,1,1,1,1,1,1,1,1,1,1,1,1,1,1,1,1,1,1,1,1,1,1,1,1,1,1,1,1,1,1,1,1,1,1
    ,1,1,1,1,1,1,4),(0.,4.036167540408E-02,8.072335080816E-02,
    0.121085026212,0.161446701616,0.20180837702,0.242170052424,
    0.282531727829,0.322893403233,0.363255078637,0.403616754041,
    0.443978429445,0.484340104849,0.524701780253,0.565063455657,
    0.605425131061,0.645786806465,0.686148481869,0.726510157273,
    0.766871832677,0.807233508082,0.847595183486,0.88795685889,
    0.928318534294,0.968680209698,1.009041885102,1.049403560506,
    1.08976523591,1.130126911314,1.170488586718,1.210850262122,
    1.251211937526,1.291573612931,1.331935288335,1.372296963739,
    1.412658639143,1.453020314547,1.493381989951,1.533743665355,
    1.574105340759,1.614467016163,1.654828691567,1.695190366971,
    1.735552042375,1.775913717779,1.816275393184,1.856637068588,
    1.896998743992,1.937360419396,1.9777220948,2.018083770204,
    2.058445445608,2.098807121012,2.139168796416,2.17953047182,
    2.219892147224,2.260253822628,2.300615498032,2.340977173437,
    2.381338848841,2.421700524245,2.462062199649,2.502423875053,
    2.542785550457,2.583147225861,2.623508901265,2.663870576669,
    2.704232252073,2.744593927477,2.784955602881,2.825317278285,
    2.86567895369,2.906040629094,2.946402304498,2.986763979902,
    3.027125655306,3.06748733071,3.107849006114,3.148210681518,
    3.188572356922,3.228934032326,3.26929570773,3.309657383134,
    3.350019058538,3.390380733943,3.430742409347,3.471104084751,
    3.511465760155,3.551827435559,3.592189110963,3.632550786367,
    3.672912461771,3.713274137175,3.753635812579,3.793997487983,
    3.834359163387,3.874720838792,3.915082514196,3.9554441896,
    3.995805865004,4.036167540408,4.076529215812,4.116890891216,
    4.15725256662,4.197614242024,4.237975917428,4.278337592832,
    4.318699268236,4.35906094364,4.399422619045,4.439784294449,
    4.480145969853,4.520507645257,4.560869320661,4.601230996065,
    4.641592671469,4.681954346873,4.722316022277,4.762677697681,
    4.803039373085,4.843401048489,4.883762723893,4.924124399298,
    4.964486074702,5.004847750106,5.04520942551,5.085571100914,
    5.125932776318,5.166294451722,5.206656127126,5.24701780253,
    5.287379477934,5.327741153338),.QUASI_UNIFORM_KNOTS.);
#2075 = CARTESIAN_POINT('',(7.853981633974,10.87877538268));
#2076 = CARTESIAN_POINT('',(7.843752996964,10.878774765554));
#2077 = CARTESIAN_POINT('',(7.823294396997,10.879032156861));
#2078 = CARTESIAN_POINT('',(7.792594285692,10.880182538364));
#2079 = CARTESIAN_POINT('',(7.76187227209,10.8820886821));
#2080 = CARTESIAN_POINT('',(7.731123766247,10.884731381363));
#2081 = CARTESIAN_POINT('',(7.700330285609,10.888086057095));
#2082 = CARTESIAN_POINT('',(7.669477043402,10.892120981108));
#2083 = CARTESIAN_POINT('',(7.638548376959,10.896797610439));
#2084 = CARTESIAN_POINT('',(7.607528921789,10.902070342887));
#2085 = CARTESIAN_POINT('',(7.576403248687,10.907886402696));
#2086 = CARTESIAN_POINT('',(7.545155914608,10.914185663954));
#2087 = CARTESIAN_POINT('',(7.513771403803,10.920900460812));
#2088 = CARTESIAN_POINT('',(7.482234098758,10.927955368867));
#2089 = CARTESIAN_POINT('',(7.450528242129,10.935266959525));
#2090 = CARTESIAN_POINT('',(7.418637900656,10.942743524099));
#2091 = CARTESIAN_POINT('',(7.386546920922,10.950284767063));
#2092 = CARTESIAN_POINT('',(7.354238901051,10.95778146242));
#2093 = CARTESIAN_POINT('',(7.321697086239,10.96511508619));
#2094 = CARTESIAN_POINT('',(7.288904526321,10.972157367396));
#2095 = CARTESIAN_POINT('',(7.255843228222,10.978769963322));
#2096 = CARTESIAN_POINT('',(7.22249702698,10.98480348192));
#2097 = CARTESIAN_POINT('',(7.188840443726,10.990098758642));
#2098 = CARTESIAN_POINT('',(7.154853127437,10.99448310433));
#2099 = CARTESIAN_POINT('',(7.120521021006,10.997770502234));
#2100 = CARTESIAN_POINT('',(7.085827170545,10.999762239172));
#2101 = CARTESIAN_POINT('',(7.050759238571,11.000246385509));
#2102 = CARTESIAN_POINT('',(7.015284721992,10.998996185767));
#2103 = CARTESIAN_POINT('',(6.979411306631,10.995771020379));
#2104 = CARTESIAN_POINT('',(6.943147640214,10.990321730084));
#2105 = CARTESIAN_POINT('',(6.906499680496,10.982389902332));
#2106 = CARTESIAN_POINT('',(6.869474214349,10.971709690114));
#2107 = CARTESIAN_POINT('',(6.832068693124,10.958003568259));
#2108 = CARTESIAN_POINT('',(6.794334077201,10.941010266671));
#2109 = CARTESIAN_POINT('',(6.756323088848,10.920482711235));
#2110 = CARTESIAN_POINT('',(6.718067415432,10.896173286391));
#2111 = CARTESIAN_POINT('',(6.679639069298,10.867874612425));
#2112 = CARTESIAN_POINT('',(6.641138558348,10.835435978616));
#2113 = CARTESIAN_POINT('',(6.602654411966,10.79874157298));
#2114 = CARTESIAN_POINT('',(6.564270910843,10.757716558411));
#2115 = CARTESIAN_POINT('',(6.52608156809,10.712341766916));
#2116 = CARTESIAN_POINT('',(6.488251965256,10.662755937391));
#2117 = CARTESIAN_POINT('',(6.450827476267,10.60901280965));
#2118 = CARTESIAN_POINT('',(6.413879764901,10.551239933748));
#2119 = CARTESIAN_POINT('',(6.377474554286,10.489604638413));
#2120 = CARTESIAN_POINT('',(6.341682331846,10.424328013175));
#2121 = CARTESIAN_POINT('',(6.306570809277,10.355671558275));
#2122 = CARTESIAN_POINT('',(6.272227059915,10.283985149766));
#2123 = CARTESIAN_POINT('',(6.238666322621,10.20951002008));
#2124 = CARTESIAN_POINT('',(6.205863811512,10.132401051511));
#2125 = CARTESIAN_POINT('',(6.173812315271,10.052848363591));
#2126 = CARTESIAN_POINT('',(6.142502425696,9.971035924989));
#2127 = CARTESIAN_POINT('',(6.111927803228,9.887152852059));
#2128 = CARTESIAN_POINT('',(6.082082636485,9.801387325217));
#2129 = CARTESIAN_POINT('',(6.052965473693,9.713937347343));
#2130 = CARTESIAN_POINT('',(6.024565552316,9.624971516271));
#2131 = CARTESIAN_POINT('',(5.996823743561,9.534488408231));
#2132 = CARTESIAN_POINT('',(5.969730038918,9.442622320315));
#2133 = CARTESIAN_POINT('',(5.943264205162,9.349465128009));
#2134 = CARTESIAN_POINT('',(5.917410135892,9.255109561086));
#2135 = CARTESIAN_POINT('',(5.892151904379,9.159637536316));
#2136 = CARTESIAN_POINT('',(5.86747474013,9.063123226211));
#2137 = CARTESIAN_POINT('',(5.843364705067,8.965632187984));
#2138 = CARTESIAN_POINT('',(5.819808735948,8.867221551601));
#2139 = CARTESIAN_POINT('',(5.796794605784,8.767939922014));
#2140 = CARTESIAN_POINT('',(5.774310923958,8.667827351167));
#2141 = CARTESIAN_POINT('',(5.752347142814,8.566915277131));
#2142 = CARTESIAN_POINT('',(5.730893581106,8.465226460144));
#2143 = CARTESIAN_POINT('',(5.709941457671,8.362774873913));
#2144 = CARTESIAN_POINT('',(5.689482955574,8.259565663782));
#2145 = CARTESIAN_POINT('',(5.669511247566,8.155594741771));
#2146 = CARTESIAN_POINT('',(5.650020745493,8.050849601735));
#2147 = CARTESIAN_POINT('',(5.63100659926,7.945305426368));
#2148 = CARTESIAN_POINT('',(5.612467088039,7.838938590765));
#2149 = CARTESIAN_POINT('',(5.594395315583,7.731675046759));
#2150 = CARTESIAN_POINT('',(5.576812317967,7.623589920042));
#2151 = CARTESIAN_POINT('',(5.559734315246,7.514725143155));
#2152 = CARTESIAN_POINT('',(5.543169709167,7.405060147179));
#2153 = CARTESIAN_POINT('',(5.527132267858,7.294592312834));
#2154 = CARTESIAN_POINT('',(5.511637468112,7.18331477796));
#2155 = CARTESIAN_POINT('',(5.496703360772,7.071221755503));
#2156 = CARTESIAN_POINT('',(5.482350232784,6.958306507531));
#2157 = CARTESIAN_POINT('',(5.46860059105,6.844561239096));
#2158 = CARTESIAN_POINT('',(5.455479079962,6.729976711129));
#2159 = CARTESIAN_POINT('',(5.443012347134,6.614541111809));
#2160 = CARTESIAN_POINT('',(5.431229176048,6.498242229447));
#2161 = CARTESIAN_POINT('',(5.420159586284,6.381057215294));
#2162 = CARTESIAN_POINT('',(5.409837771789,6.262988739601));
#2163 = CARTESIAN_POINT('',(5.400290688146,6.143928039187));
#2164 = CARTESIAN_POINT('',(5.391556153805,6.023851946122));
#2165 = CARTESIAN_POINT('',(5.383686383887,5.902952521955));
#2166 = CARTESIAN_POINT('',(5.376723250557,5.781340687787));
#2167 = CARTESIAN_POINT('',(5.370704917086,5.659125290018));
#2168 = CARTESIAN_POINT('',(5.365664248853,5.536394171437));
#2169 = CARTESIAN_POINT('',(5.361629412724,5.413221773268));
#2170 = CARTESIAN_POINT('',(5.358623820375,5.289668656237));
#2171 = CARTESIAN_POINT('',(5.356666416528,5.165786862809));
#2172 = CARTESIAN_POINT('',(5.355771183184,5.041610043913));
#2173 = CARTESIAN_POINT('',(5.355949400636,4.917198734763));
#2174 = CARTESIAN_POINT('',(5.357197918691,4.793135556214));
#2175 = CARTESIAN_POINT('',(5.359504439385,4.669352388084));
#2176 = CARTESIAN_POINT('',(5.362853382683,4.545920792822));
#2177 = CARTESIAN_POINT('',(5.367224322353,4.422886875033));
#2178 = CARTESIAN_POINT('',(5.372592294261,4.300317786378));
#2179 = CARTESIAN_POINT('',(5.378927552361,4.178291975429));
#2180 = CARTESIAN_POINT('',(5.386195619051,4.056902764124));
#2181 = CARTESIAN_POINT('',(5.394356640308,3.936264824678));
#2182 = CARTESIAN_POINT('',(5.403367125358,3.816495679836));
#2183 = CARTESIAN_POINT('',(5.413172705514,3.69779416114));
#2184 = CARTESIAN_POINT('',(5.423746533912,3.580013491338));
#2185 = CARTESIAN_POINT('',(5.435055911395,3.463126123009));
#2186 = CARTESIAN_POINT('',(5.447068909797,3.347114461644));
#2187 = CARTESIAN_POINT('',(5.45975566971,3.231962407729));
#2188 = CARTESIAN_POINT('',(5.473088170054,3.117657079346));
#2189 = CARTESIAN_POINT('',(5.487040400488,3.004187796273));
#2190 = CARTESIAN_POINT('',(5.501588421365,2.891545783097));
#2191 = CARTESIAN_POINT('',(5.516710448477,2.779723680347));
#2192 = CARTESIAN_POINT('',(5.532386937657,2.668715050054));
#2193 = CARTESIAN_POINT('',(5.548600642126,2.558514041151));
#2194 = CARTESIAN_POINT('',(5.565336787839,2.449114366629));
#2195 = CARTESIAN_POINT('',(5.582582826148,2.340510819376));
#2196 = CARTESIAN_POINT('',(5.600329795685,2.232691267072));
#2197 = CARTESIAN_POINT('',(5.618567326841,2.125666517332));
#2198 = CARTESIAN_POINT('',(5.637291843192,2.019421140501));
#2199 = CARTESIAN_POINT('',(5.656502491389,1.913940002537));
#2200 = CARTESIAN_POINT('',(5.676199738412,1.809215724559));
#2201 = CARTESIAN_POINT('',(5.696385613518,1.705246757899));
#2202 = CARTESIAN_POINT('',(5.717063524018,1.602037983688));
#2203 = CARTESIAN_POINT('',(5.738238199588,1.499600639169));
#2204 = CARTESIAN_POINT('',(5.759915621574,1.39795245288));
#2205 = CARTESIAN_POINT('',(5.78210296131,1.297117658));
#2206 = CARTESIAN_POINT('',(5.804808579553,1.197127324499));
#2207 = CARTESIAN_POINT('',(5.828041859289,1.098018578275));
#2208 = CARTESIAN_POINT('',(5.843889776654,1.032564855341));
#2209 = CARTESIAN_POINT('',(5.851905249961,1.));
#2210 = ( GEOMETRIC_REPRESENTATION_CONTEXT(2) 
PARAMETRIC_REPRESENTATION_CONTEXT() REPRESENTATION_CONTEXT('2D SPACE',''
  ) );
#2211 = ORIENTED_EDGE('',*,*,#2212,.F.);
#2212 = EDGE_CURVE('',#2213,#1843,#2215,.T.);
#2213 = VERTEX_POINT('',#2214);
#2214 = CARTESIAN_POINT('',(-21.,-2.396152422707,0.));
#2215 = SURFACE_CURVE('',#2216,(#2221,#2228),.PCURVE_S1.);
#2216 = CIRCLE('',#2217,6.);
#2217 = AXIS2_PLACEMENT_3D('',#2218,#2219,#2220);
#2218 = CARTESIAN_POINT('',(-24.,2.8,0.));
#2219 = DIRECTION('',(0.,0.,1.));
#2220 = DIRECTION('',(0.5,-0.866025403784,0.));
#2221 = PCURVE('',#239,#2222);
#2222 = DEFINITIONAL_REPRESENTATION('',(#2223),#2227);
#2223 = LINE('',#2224,#2225);
#2224 = CARTESIAN_POINT('',(5.235987755983,4.));
#2225 = VECTOR('',#2226,1.);
#2226 = DIRECTION('',(1.,0.));
#2227 = ( GEOMETRIC_REPRESENTATION_CONTEXT(2) 
PARAMETRIC_REPRESENTATION_CONTEXT() REPRESENTATION_CONTEXT('2D SPACE',''
  ) );
#2228 = PCURVE('',#265,#2229);
#2229 = DEFINITIONAL_REPRESENTATION('',(#2230),#2234);
#2230 = CIRCLE('',#2231,6.);
#2231 = AXIS2_PLACEMENT_2D('',#2232,#2233);
#2232 = CARTESIAN_POINT('',(0.,0.));
#2233 = DIRECTION('',(0.5,-0.866025403784));
#2234 = ( GEOMETRIC_REPRESENTATION_CONTEXT(2) 
PARAMETRIC_REPRESENTATION_CONTEXT() REPRESENTATION_CONTEXT('2D SPACE',''
  ) );
#2235 = ORIENTED_EDGE('',*,*,#2236,.F.);
#2236 = EDGE_CURVE('',#2237,#2213,#2239,.T.);
#2237 = VERTEX_POINT('',#2238);
#2238 = CARTESIAN_POINT('',(-21.,-2.396152422707,-2.));
#2239 = SURFACE_CURVE('',#2240,(#2244,#2250),.PCURVE_S1.);
#2240 = LINE('',#2241,#2242);
#2241 = CARTESIAN_POINT('',(-21.,-2.396152422707,-4.));
#2242 = VECTOR('',#2243,1.);
#2243 = DIRECTION('',(0.,0.,1.));
#2244 = PCURVE('',#239,#2245);
#2245 = DEFINITIONAL_REPRESENTATION('',(#2246),#2249);
#2246 = B_SPLINE_CURVE_WITH_KNOTS('',1,(#2247,#2248),.UNSPECIFIED.,.F.,
  .F.,(2,2),(2.,4.),.PIECEWISE_BEZIER_KNOTS.);
#2247 = CARTESIAN_POINT('',(5.235987755983,2.));
#2248 = CARTESIAN_POINT('',(5.235987755983,4.));
#2249 = ( GEOMETRIC_REPRESENTATION_CONTEXT(2) 
PARAMETRIC_REPRESENTATION_CONTEXT() REPRESENTATION_CONTEXT('2D SPACE',''
  ) );
#2250 = PCURVE('',#2251,#2256);
#2251 = PLANE('',#2252);
#2252 = AXIS2_PLACEMENT_3D('',#2253,#2254,#2255);
#2253 = CARTESIAN_POINT('',(-21.,-3.,-2.));
#2254 = DIRECTION('',(1.,0.,0.));
#2255 = DIRECTION('',(0.,0.,1.));
#2256 = DEFINITIONAL_REPRESENTATION('',(#2257),#2260);
#2257 = B_SPLINE_CURVE_WITH_KNOTS('',1,(#2258,#2259),.UNSPECIFIED.,.F.,
  .F.,(2,2),(1.4,4.0000024),.PIECEWISE_BEZIER_KNOTS.);
#2258 = CARTESIAN_POINT('',(-0.6,-0.603847577293));
#2259 = CARTESIAN_POINT('',(2.0000024,-0.603847577293));
#2260 = ( GEOMETRIC_REPRESENTATION_CONTEXT(2) 
PARAMETRIC_REPRESENTATION_CONTEXT() REPRESENTATION_CONTEXT('2D SPACE',''
  ) );
#2261 = ORIENTED_EDGE('',*,*,#2262,.F.);
#2262 = EDGE_CURVE('',#2263,#2237,#2265,.T.);
#2263 = VERTEX_POINT('',#2264);
#2264 = CARTESIAN_POINT('',(-22.46377085042,-3.,-2.));
#2265 = SURFACE_CURVE('',#2266,(#2271,#2277),.PCURVE_S1.);
#2266 = CIRCLE('',#2267,6.);
#2267 = AXIS2_PLACEMENT_3D('',#2268,#2269,#2270);
#2268 = CARTESIAN_POINT('',(-24.,2.8,-2.));
#2269 = DIRECTION('',(0.,0.,1.));
#2270 = DIRECTION('',(1.,0.,-0.));
#2271 = PCURVE('',#239,#2272);
#2272 = DEFINITIONAL_REPRESENTATION('',(#2273),#2276);
#2273 = B_SPLINE_CURVE_WITH_KNOTS('',1,(#2274,#2275),.UNSPECIFIED.,.F.,
  .F.,(2,2),(4.971310522391,5.235987755983),.PIECEWISE_BEZIER_KNOTS.);
#2274 = CARTESIAN_POINT('',(4.971310522391,2.));
#2275 = CARTESIAN_POINT('',(5.235987755983,2.));
#2276 = ( GEOMETRIC_REPRESENTATION_CONTEXT(2) 
PARAMETRIC_REPRESENTATION_CONTEXT() REPRESENTATION_CONTEXT('2D SPACE',''
  ) );
#2277 = PCURVE('',#2278,#2283);
#2278 = PLANE('',#2279);
#2279 = AXIS2_PLACEMENT_3D('',#2280,#2281,#2282);
#2280 = CARTESIAN_POINT('',(-29.,-3.,-2.));
#2281 = DIRECTION('',(0.,0.,1.));
#2282 = DIRECTION('',(1.,0.,0.));
#2283 = DEFINITIONAL_REPRESENTATION('',(#2284),#2288);
#2284 = CIRCLE('',#2285,6.);
#2285 = AXIS2_PLACEMENT_2D('',#2286,#2287);
#2286 = CARTESIAN_POINT('',(5.,5.8));
#2287 = DIRECTION('',(1.,0.));
#2288 = ( GEOMETRIC_REPRESENTATION_CONTEXT(2) 
PARAMETRIC_REPRESENTATION_CONTEXT() REPRESENTATION_CONTEXT('2D SPACE',''
  ) );
#2289 = ORIENTED_EDGE('',*,*,#2290,.T.);
#2290 = EDGE_CURVE('',#2263,#2291,#2293,.T.);
#2291 = VERTEX_POINT('',#2292);
#2292 = CARTESIAN_POINT('',(-22.46377085042,-3.,0.));
#2293 = SURFACE_CURVE('',#2294,(#2298,#2304),.PCURVE_S1.);
#2294 = LINE('',#2295,#2296);
#2295 = CARTESIAN_POINT('',(-22.46377085042,-3.,-4.));
#2296 = VECTOR('',#2297,1.);
#2297 = DIRECTION('',(0.,0.,1.));
#2298 = PCURVE('',#239,#2299);
#2299 = DEFINITIONAL_REPRESENTATION('',(#2300),#2303);
#2300 = B_SPLINE_CURVE_WITH_KNOTS('',1,(#2301,#2302),.UNSPECIFIED.,.F.,
  .F.,(2,2),(2.,4.),.PIECEWISE_BEZIER_KNOTS.);
#2301 = CARTESIAN_POINT('',(4.971310522391,2.));
#2302 = CARTESIAN_POINT('',(4.971310522391,4.));
#2303 = ( GEOMETRIC_REPRESENTATION_CONTEXT(2) 
PARAMETRIC_REPRESENTATION_CONTEXT() REPRESENTATION_CONTEXT('2D SPACE',''
  ) );
#2304 = PCURVE('',#2305,#2310);
#2305 = PLANE('',#2306);
#2306 = AXIS2_PLACEMENT_3D('',#2307,#2308,#2309);
#2307 = CARTESIAN_POINT('',(-29.,-3.,-2.));
#2308 = DIRECTION('',(0.,1.,0.));
#2309 = DIRECTION('',(0.,0.,1.));
#2310 = DEFINITIONAL_REPRESENTATION('',(#2311),#2314);
#2311 = B_SPLINE_CURVE_WITH_KNOTS('',1,(#2312,#2313),.UNSPECIFIED.,.F.,
  .F.,(2,2),(1.4,4.0000024),.PIECEWISE_BEZIER_KNOTS.);
#2312 = CARTESIAN_POINT('',(-0.6,6.536229149574));
#2313 = CARTESIAN_POINT('',(2.0000024,6.536229149574));
#2314 = ( GEOMETRIC_REPRESENTATION_CONTEXT(2) 
PARAMETRIC_REPRESENTATION_CONTEXT() REPRESENTATION_CONTEXT('2D SPACE',''
  ) );
#2315 = ORIENTED_EDGE('',*,*,#2316,.F.);
#2316 = EDGE_CURVE('',#2317,#2291,#2319,.T.);
#2317 = VERTEX_POINT('',#2318);
#2318 = CARTESIAN_POINT('',(-25.53622914957,-3.,0.));
#2319 = SURFACE_CURVE('',#2320,(#2325,#2331),.PCURVE_S1.);
#2320 = CIRCLE('',#2321,6.);
#2321 = AXIS2_PLACEMENT_3D('',#2322,#2323,#2324);
#2322 = CARTESIAN_POINT('',(-24.,2.8,0.));
#2323 = DIRECTION('',(0.,0.,1.));
#2324 = DIRECTION('',(1.,0.,0.));
#2325 = PCURVE('',#239,#2326);
#2326 = DEFINITIONAL_REPRESENTATION('',(#2327),#2330);
#2327 = B_SPLINE_CURVE_WITH_KNOTS('',1,(#2328,#2329),.UNSPECIFIED.,.F.,
  .F.,(2,2),(4.453467438378,4.971310522391),.PIECEWISE_BEZIER_KNOTS.);
#2328 = CARTESIAN_POINT('',(4.453467438378,4.));
#2329 = CARTESIAN_POINT('',(4.971310522391,4.));
#2330 = ( GEOMETRIC_REPRESENTATION_CONTEXT(2) 
PARAMETRIC_REPRESENTATION_CONTEXT() REPRESENTATION_CONTEXT('2D SPACE',''
  ) );
#2331 = PCURVE('',#2332,#2337);
#2332 = PLANE('',#2333);
#2333 = AXIS2_PLACEMENT_3D('',#2334,#2335,#2336);
#2334 = CARTESIAN_POINT('',(-24.,2.8,0.));
#2335 = DIRECTION('',(0.,0.,1.));
#2336 = DIRECTION('',(1.,0.,0.));
#2337 = DEFINITIONAL_REPRESENTATION('',(#2338),#2342);
#2338 = CIRCLE('',#2339,6.);
#2339 = AXIS2_PLACEMENT_2D('',#2340,#2341);
#2340 = CARTESIAN_POINT('',(0.,0.));
#2341 = DIRECTION('',(1.,0.));
#2342 = ( GEOMETRIC_REPRESENTATION_CONTEXT(2) 
PARAMETRIC_REPRESENTATION_CONTEXT() REPRESENTATION_CONTEXT('2D SPACE',''
  ) );
#2343 = ORIENTED_EDGE('',*,*,#2344,.F.);
#2344 = EDGE_CURVE('',#2345,#2317,#2347,.T.);
#2345 = VERTEX_POINT('',#2346);
#2346 = CARTESIAN_POINT('',(-25.53622914957,-3.,-2.));
#2347 = SURFACE_CURVE('',#2348,(#2352,#2358),.PCURVE_S1.);
#2348 = LINE('',#2349,#2350);
#2349 = CARTESIAN_POINT('',(-25.53622914957,-3.,-4.));
#2350 = VECTOR('',#2351,1.);
#2351 = DIRECTION('',(0.,0.,1.));
#2352 = PCURVE('',#239,#2353);
#2353 = DEFINITIONAL_REPRESENTATION('',(#2354),#2357);
#2354 = B_SPLINE_CURVE_WITH_KNOTS('',1,(#2355,#2356),.UNSPECIFIED.,.F.,
  .F.,(2,2),(2.,4.),.PIECEWISE_BEZIER_KNOTS.);
#2355 = CARTESIAN_POINT('',(4.453467438378,2.));
#2356 = CARTESIAN_POINT('',(4.453467438378,4.));
#2357 = ( GEOMETRIC_REPRESENTATION_CONTEXT(2) 
PARAMETRIC_REPRESENTATION_CONTEXT() REPRESENTATION_CONTEXT('2D SPACE',''
  ) );
#2358 = PCURVE('',#2305,#2359);
#2359 = DEFINITIONAL_REPRESENTATION('',(#2360),#2363);
#2360 = B_SPLINE_CURVE_WITH_KNOTS('',1,(#2361,#2362),.UNSPECIFIED.,.F.,
  .F.,(2,2),(1.4,4.0000024),.PIECEWISE_BEZIER_KNOTS.);
#2361 = CARTESIAN_POINT('',(-0.6,3.463770850426));
#2362 = CARTESIAN_POINT('',(2.0000024,3.463770850426));
#2363 = ( GEOMETRIC_REPRESENTATION_CONTEXT(2) 
PARAMETRIC_REPRESENTATION_CONTEXT() REPRESENTATION_CONTEXT('2D SPACE',''
  ) );
#2364 = ORIENTED_EDGE('',*,*,#2365,.F.);
#2365 = EDGE_CURVE('',#2366,#2345,#2368,.T.);
#2366 = VERTEX_POINT('',#2367);
#2367 = CARTESIAN_POINT('',(-29.,-0.516624790355,-2.));
#2368 = SURFACE_CURVE('',#2369,(#2374,#2380),.PCURVE_S1.);
#2369 = CIRCLE('',#2370,6.);
#2370 = AXIS2_PLACEMENT_3D('',#2371,#2372,#2373);
#2371 = CARTESIAN_POINT('',(-24.,2.8,-2.));
#2372 = DIRECTION('',(0.,0.,1.));
#2373 = DIRECTION('',(1.,0.,-0.));
#2374 = PCURVE('',#239,#2375);
#2375 = DEFINITIONAL_REPRESENTATION('',(#2376),#2379);
#2376 = B_SPLINE_CURVE_WITH_KNOTS('',1,(#2377,#2378),.UNSPECIFIED.,.F.,
  .F.,(2,2),(3.727278197047,4.453467438378),.PIECEWISE_BEZIER_KNOTS.);
#2377 = CARTESIAN_POINT('',(3.727278197047,2.));
#2378 = CARTESIAN_POINT('',(4.453467438378,2.));
#2379 = ( GEOMETRIC_REPRESENTATION_CONTEXT(2) 
PARAMETRIC_REPRESENTATION_CONTEXT() REPRESENTATION_CONTEXT('2D SPACE',''
  ) );
#2380 = PCURVE('',#2278,#2381);
#2381 = DEFINITIONAL_REPRESENTATION('',(#2382),#2386);
#2382 = CIRCLE('',#2383,6.);
#2383 = AXIS2_PLACEMENT_2D('',#2384,#2385);
#2384 = CARTESIAN_POINT('',(5.,5.8));
#2385 = DIRECTION('',(1.,0.));
#2386 = ( GEOMETRIC_REPRESENTATION_CONTEXT(2) 
PARAMETRIC_REPRESENTATION_CONTEXT() REPRESENTATION_CONTEXT('2D SPACE',''
  ) );
#2387 = ORIENTED_EDGE('',*,*,#2388,.T.);
#2388 = EDGE_CURVE('',#2366,#2389,#2391,.T.);
#2389 = VERTEX_POINT('',#2390);
#2390 = CARTESIAN_POINT('',(-29.,-0.516624790355,-0.408225417321));
#2391 = SURFACE_CURVE('',#2392,(#2396,#2402),.PCURVE_S1.);
#2392 = LINE('',#2393,#2394);
#2393 = CARTESIAN_POINT('',(-29.,-0.516624790355,-4.));
#2394 = VECTOR('',#2395,1.);
#2395 = DIRECTION('',(0.,0.,1.));
#2396 = PCURVE('',#239,#2397);
#2397 = DEFINITIONAL_REPRESENTATION('',(#2398),#2401);
#2398 = B_SPLINE_CURVE_WITH_KNOTS('',1,(#2399,#2400),.UNSPECIFIED.,.F.,
  .F.,(2,2),(2.,3.591774582679),.PIECEWISE_BEZIER_KNOTS.);
#2399 = CARTESIAN_POINT('',(3.727278197047,2.));
#2400 = CARTESIAN_POINT('',(3.727278197047,3.591774582679));
#2401 = ( GEOMETRIC_REPRESENTATION_CONTEXT(2) 
PARAMETRIC_REPRESENTATION_CONTEXT() REPRESENTATION_CONTEXT('2D SPACE',''
  ) );
#2402 = PCURVE('',#2403,#2408);
#2403 = PLANE('',#2404);
#2404 = AXIS2_PLACEMENT_3D('',#2405,#2406,#2407);
#2405 = CARTESIAN_POINT('',(-29.,-3.,-2.));
#2406 = DIRECTION('',(1.,0.,0.));
#2407 = DIRECTION('',(0.,0.,1.));
#2408 = DEFINITIONAL_REPRESENTATION('',(#2409),#2412);
#2409 = B_SPLINE_CURVE_WITH_KNOTS('',1,(#2410,#2411),.UNSPECIFIED.,.F.,
  .F.,(2,2),(1.4,4.0000024),.PIECEWISE_BEZIER_KNOTS.);
#2410 = CARTESIAN_POINT('',(-0.6,-2.483375209645));
#2411 = CARTESIAN_POINT('',(2.0000024,-2.483375209645));
#2412 = ( GEOMETRIC_REPRESENTATION_CONTEXT(2) 
PARAMETRIC_REPRESENTATION_CONTEXT() REPRESENTATION_CONTEXT('2D SPACE',''
  ) );
#2413 = ORIENTED_EDGE('',*,*,#2414,.F.);
#2414 = EDGE_CURVE('',#2415,#2389,#2417,.T.);
#2415 = VERTEX_POINT('',#2416);
#2416 = CARTESIAN_POINT('',(-28.54411813919,-1.11803398875,0.));
#2417 = SURFACE_CURVE('',#2418,(#2429,#2443),.PCURVE_S1.);
#2418 = B_SPLINE_CURVE_WITH_KNOTS('',5,(#2419,#2420,#2421,#2422,#2423,
    #2424,#2425,#2426,#2427,#2428),.UNSPECIFIED.,.F.,.F.,(6,4,6),(0.,
    0.230717304471,1.),.UNSPECIFIED.);
#2419 = CARTESIAN_POINT('',(-28.54411628833,-1.118036135371,
    2.399999998903E-06));
#2420 = CARTESIAN_POINT('',(-28.56316547099,-1.095943000387,
    -2.46985825378E-02));
#2421 = CARTESIAN_POINT('',(-28.58257501072,-1.073160431509,
    -4.879755519045E-02));
#2422 = CARTESIAN_POINT('',(-28.60231155609,-1.049698909606,
    -7.228104308928E-02));
#2423 = CARTESIAN_POINT('',(-28.62234351276,-1.025567559579,
    -9.513425531295E-02));
#2424 = CARTESIAN_POINT('',(-28.71031927468,-0.918105272435,
    -0.191385508011));
#2425 = CARTESIAN_POINT('',(-28.7809792451,-0.828039563393,
    -0.258275832093));
#2426 = CARTESIAN_POINT('',(-28.85348556291,-0.730897889337,
    -0.317360131505));
#2427 = CARTESIAN_POINT('',(-28.92682395887,-0.626941996404,
    -0.367754516941));
#2428 = CARTESIAN_POINT('',(-29.0000024,-0.516621172216,-0.408226744675)
  );
#2429 = PCURVE('',#239,#2430);
#2430 = DEFINITIONAL_REPRESENTATION('',(#2431),#2442);
#2431 = B_SPLINE_CURVE_WITH_KNOTS('',5,(#2432,#2433,#2434,#2435,#2436,
    #2437,#2438,#2439,#2440,#2441),.UNSPECIFIED.,.F.,.F.,(6,4,6),(
    4.483401047835E-06,0.230717304471,0.999994954037),.UNSPECIFIED.);
#2432 = CARTESIAN_POINT('',(3.853138978083,4.));
#2433 = CARTESIAN_POINT('',(3.848277141623,3.975299544256));
#2434 = CARTESIAN_POINT('',(3.843289066798,3.951201075786));
#2435 = CARTESIAN_POINT('',(3.83817946751,3.927718068723));
#2436 = CARTESIAN_POINT('',(3.832952618365,3.904865313154));
#2437 = CARTESIAN_POINT('',(3.809806038198,3.808614977669));
#2438 = CARTESIAN_POINT('',(3.790730997316,3.741725045416));
#2439 = CARTESIAN_POINT('',(3.7705368769,3.682641031153));
#2440 = CARTESIAN_POINT('',(3.74934218376,3.632246805271));
#2441 = CARTESIAN_POINT('',(3.727278197047,3.591774582679));
#2442 = ( GEOMETRIC_REPRESENTATION_CONTEXT(2) 
PARAMETRIC_REPRESENTATION_CONTEXT() REPRESENTATION_CONTEXT('2D SPACE',''
  ) );
#2443 = PCURVE('',#2444,#2449);
#2444 = CYLINDRICAL_SURFACE('',#2445,1.5);
#2445 = AXIS2_PLACEMENT_3D('',#2446,#2447,#2448);
#2446 = CARTESIAN_POINT('',(-30.,0.,1.));
#2447 = DIRECTION('',(1.,0.,2.22044604925E-16));
#2448 = DIRECTION('',(2.22044604925E-16,0.,-1.));
#2449 = DEFINITIONAL_REPRESENTATION('',(#2450),#2461);
#2450 = B_SPLINE_CURVE_WITH_KNOTS('',5,(#2451,#2452,#2453,#2454,#2455,
    #2456,#2457,#2458,#2459,#2460),.UNSPECIFIED.,.F.,.F.,(6,4,6),(
    4.483401047835E-06,0.230717304471,0.999994954037),.UNSPECIFIED.);
#2451 = CARTESIAN_POINT('',(5.442116636612,1.455881860801));
#2452 = CARTESIAN_POINT('',(5.464209395862,1.436833020302));
#2453 = CARTESIAN_POINT('',(5.486309455979,1.41742383869));
#2454 = CARTESIAN_POINT('',(5.508427817673,1.397687665364));
#2455 = CARTESIAN_POINT('',(5.530575794971,1.377656092806));
#2456 = CARTESIAN_POINT('',(5.626751675864,1.289681169239));
#2457 = CARTESIAN_POINT('',(5.701229226648,1.219021681852));
#2458 = CARTESIAN_POINT('',(5.776593780073,1.146515863862));
#2459 = CARTESIAN_POINT('',(5.853228407688,1.073177965319));
#2460 = CARTESIAN_POINT('',(5.931568091249,1.));
#2461 = ( GEOMETRIC_REPRESENTATION_CONTEXT(2) 
PARAMETRIC_REPRESENTATION_CONTEXT() REPRESENTATION_CONTEXT('2D SPACE',''
  ) );
#2462 = ORIENTED_EDGE('',*,*,#2463,.F.);
#2463 = EDGE_CURVE('',#225,#2415,#2464,.T.);
#2464 = SURFACE_CURVE('',#2465,(#2470,#2476),.PCURVE_S1.);
#2465 = CIRCLE('',#2466,6.);
#2466 = AXIS2_PLACEMENT_3D('',#2467,#2468,#2469);
#2467 = CARTESIAN_POINT('',(-24.,2.8,0.));
#2468 = DIRECTION('',(0.,0.,1.));
#2469 = DIRECTION('',(1.,0.,0.));
#2470 = PCURVE('',#239,#2471);
#2471 = DEFINITIONAL_REPRESENTATION('',(#2472),#2475);
#2472 = B_SPLINE_CURVE_WITH_KNOTS('',1,(#2473,#2474),.UNSPECIFIED.,.F.,
  .F.,(2,2),(2.300523983022,3.853138978083),.PIECEWISE_BEZIER_KNOTS.);
#2473 = CARTESIAN_POINT('',(2.300523983022,4.));
#2474 = CARTESIAN_POINT('',(3.853138978083,4.));
#2475 = ( GEOMETRIC_REPRESENTATION_CONTEXT(2) 
PARAMETRIC_REPRESENTATION_CONTEXT() REPRESENTATION_CONTEXT('2D SPACE',''
  ) );
#2476 = PCURVE('',#265,#2477);
#2477 = DEFINITIONAL_REPRESENTATION('',(#2478),#2482);
#2478 = CIRCLE('',#2479,6.);
#2479 = AXIS2_PLACEMENT_2D('',#2480,#2481);
#2480 = CARTESIAN_POINT('',(0.,0.));
#2481 = DIRECTION('',(1.,0.));
#2482 = ( GEOMETRIC_REPRESENTATION_CONTEXT(2) 
PARAMETRIC_REPRESENTATION_CONTEXT() REPRESENTATION_CONTEXT('2D SPACE',''
  ) );
#2483 = ORIENTED_EDGE('',*,*,#224,.F.);
#2484 = ORIENTED_EDGE('',*,*,#1794,.T.);
#2485 = ORIENTED_EDGE('',*,*,#305,.T.);
#2486 = ADVANCED_FACE('',(#2487),#293,.F.);
#2487 = FACE_BOUND('',#2488,.F.);
#2488 = EDGE_LOOP('',(#2489,#2490,#2491,#2512,#2567,#2593,#2648));
#2489 = ORIENTED_EDGE('',*,*,#1842,.T.);
#2490 = ORIENTED_EDGE('',*,*,#276,.T.);
#2491 = ORIENTED_EDGE('',*,*,#2492,.T.);
#2492 = EDGE_CURVE('',#251,#2493,#2495,.T.);
#2493 = VERTEX_POINT('',#2494);
#2494 = CARTESIAN_POINT('',(-26.30651251893,4.,0.));
#2495 = SURFACE_CURVE('',#2496,(#2500,#2506),.PCURVE_S1.);
#2496 = LINE('',#2497,#2498);
#2497 = CARTESIAN_POINT('',(-29.,4.,0.));
#2498 = VECTOR('',#2499,1.);
#2499 = DIRECTION('',(1.,0.,2.22044604925E-16));
#2500 = PCURVE('',#293,#2501);
#2501 = DEFINITIONAL_REPRESENTATION('',(#2502),#2505);
#2502 = B_SPLINE_CURVE_WITH_KNOTS('',1,(#2503,#2504),.UNSPECIFIED.,.F.,
  .F.,(2,2),(0.9999994,12.2),.PIECEWISE_BEZIER_KNOTS.);
#2503 = CARTESIAN_POINT('',(7.853981633974,0.9999994));
#2504 = CARTESIAN_POINT('',(7.853981633974,12.2));
#2505 = ( GEOMETRIC_REPRESENTATION_CONTEXT(2) 
PARAMETRIC_REPRESENTATION_CONTEXT() REPRESENTATION_CONTEXT('2D SPACE',''
  ) );
#2506 = PCURVE('',#265,#2507);
#2507 = DEFINITIONAL_REPRESENTATION('',(#2508),#2511);
#2508 = B_SPLINE_CURVE_WITH_KNOTS('',1,(#2509,#2510),.UNSPECIFIED.,.F.,
  .F.,(2,2),(0.9999994,12.2),.PIECEWISE_BEZIER_KNOTS.);
#2509 = CARTESIAN_POINT('',(-4.0000006,1.2));
#2510 = CARTESIAN_POINT('',(7.2,1.2));
#2511 = ( GEOMETRIC_REPRESENTATION_CONTEXT(2) 
PARAMETRIC_REPRESENTATION_CONTEXT() REPRESENTATION_CONTEXT('2D SPACE',''
  ) );
#2512 = ORIENTED_EDGE('',*,*,#2513,.T.);
#2513 = EDGE_CURVE('',#2493,#2514,#2516,.T.);
#2514 = VERTEX_POINT('',#2515);
#2515 = CARTESIAN_POINT('',(-26.51375596364,3.464101615138,2.));
#2516 = SURFACE_CURVE('',#2517,(#2530,#2546),.PCURVE_S1.);
#2517 = B_SPLINE_CURVE_WITH_KNOTS('',6,(#2518,#2519,#2520,#2521,#2522,
    #2523,#2524,#2525,#2526,#2527,#2528,#2529),.UNSPECIFIED.,.F.,.F.,(7,
    5,7),(0.,0.718233216366,1.),.UNSPECIFIED.);
#2518 = CARTESIAN_POINT('',(-26.30651251893,4.,-6.000000002195E-07));
#2519 = CARTESIAN_POINT('',(-26.30651249956,4.000000037223,
    0.248150741134));
#2520 = CARTESIAN_POINT('',(-26.31612315838,3.981525707304,
    0.495601139719));
#2521 = CARTESIAN_POINT('',(-26.33524632487,3.944777117606,
    0.741550962266));
#2522 = CARTESIAN_POINT('',(-26.36248649115,3.889690321024,
    0.985146684732));
#2523 = CARTESIAN_POINT('',(-26.39524545615,3.816107361554,
    1.225072021479));
#2524 = CARTESIAN_POINT('',(-26.4439239876,3.688101657606,1.551668610131
    ));
#2525 = CARTESIAN_POINT('',(-26.45799419549,3.649169216359,
    1.642970253548));
#2526 = CARTESIAN_POINT('',(-26.47222912464,3.607342735347,
    1.733510410312));
#2527 = CARTESIAN_POINT('',(-26.48642234168,3.562585673362,
    1.823238504664));
#2528 = CARTESIAN_POINT('',(-26.50034761479,3.514854895845,
    1.912092774327));
#2529 = CARTESIAN_POINT('',(-26.51375605516,3.464101268728,2.0000006));
#2530 = PCURVE('',#293,#2531);
#2531 = DEFINITIONAL_REPRESENTATION('',(#2532),#2545);
#2532 = B_SPLINE_CURVE_WITH_KNOTS('',6,(#2533,#2534,#2535,#2536,#2537,
    #2538,#2539,#2540,#2541,#2542,#2543,#2544),.UNSPECIFIED.,.F.,.F.,(7,
    5,7),(0.,0.718233216366,1.),.UNSPECIFIED.);
#2533 = CARTESIAN_POINT('',(7.853981483974,2.693487481066));
#2534 = CARTESIAN_POINT('',(7.916019319258,2.693487500432));
#2535 = CARTESIAN_POINT('',(7.977881856157,2.683876841611));
#2536 = CARTESIAN_POINT('',(8.039799403624,2.664753675126));
#2537 = CARTESIAN_POINT('',(8.101974571179,2.637513508843));
#2538 = CARTESIAN_POINT('',(8.164532455778,2.604754543843));
#2539 = CARTESIAN_POINT('',(8.252228946572,2.556076012391));
#2540 = CARTESIAN_POINT('',(8.277032090516,2.542005804506));
#2541 = CARTESIAN_POINT('',(8.301949166346,2.527770875359));
#2542 = CARTESIAN_POINT('',(8.326999915893,2.513577658312));
#2543 = CARTESIAN_POINT('',(8.352203776832,2.499652385202));
#2544 = CARTESIAN_POINT('',(8.377580582778,2.486243944836));
#2545 = ( GEOMETRIC_REPRESENTATION_CONTEXT(2) 
PARAMETRIC_REPRESENTATION_CONTEXT() REPRESENTATION_CONTEXT('2D SPACE',''
  ) );
#2546 = PCURVE('',#2547,#2552);
#2547 = CYLINDRICAL_SURFACE('',#2548,2.6);
#2548 = AXIS2_PLACEMENT_3D('',#2549,#2550,#2551);
#2549 = CARTESIAN_POINT('',(-24.,2.8,-12.));
#2550 = DIRECTION('',(0.,0.,1.));
#2551 = DIRECTION('',(1.,0.,0.));
#2552 = DEFINITIONAL_REPRESENTATION('',(#2553),#2566);
#2553 = B_SPLINE_CURVE_WITH_KNOTS('',6,(#2554,#2555,#2556,#2557,#2558,
    #2559,#2560,#2561,#2562,#2563,#2564,#2565),.UNSPECIFIED.,.F.,.F.,(7,
    5,7),(0.,0.718233216366,1.),.UNSPECIFIED.);
#2554 = CARTESIAN_POINT('',(2.661864015914,11.9999994));
#2555 = CARTESIAN_POINT('',(2.661863999776,12.248150741134));
#2556 = CARTESIAN_POINT('',(2.669873117521,12.495601139719));
#2557 = CARTESIAN_POINT('',(2.685808071168,12.741550962266));
#2558 = CARTESIAN_POINT('',(2.709435006905,12.985146684732));
#2559 = CARTESIAN_POINT('',(2.740366123008,13.225072021479));
#2560 = CARTESIAN_POINT('',(2.79303885894,13.551668610131));
#2561 = CARTESIAN_POINT('',(2.808958544838,13.642970253548));
#2562 = CARTESIAN_POINT('',(2.825947095763,13.733510410312));
#2563 = CARTESIAN_POINT('',(2.843999448596,13.823238504664));
#2564 = CARTESIAN_POINT('',(2.863116523829,13.912092774327));
#2565 = CARTESIAN_POINT('',(2.883306878821,14.0000006));
#2566 = ( GEOMETRIC_REPRESENTATION_CONTEXT(2) 
PARAMETRIC_REPRESENTATION_CONTEXT() REPRESENTATION_CONTEXT('2D SPACE',''
  ) );
#2567 = ORIENTED_EDGE('',*,*,#2568,.T.);
#2568 = EDGE_CURVE('',#2514,#2569,#2571,.T.);
#2569 = VERTEX_POINT('',#2570);
#2570 = CARTESIAN_POINT('',(-21.48624403635,3.464101615138,2.));
#2571 = SURFACE_CURVE('',#2572,(#2576,#2582),.PCURVE_S1.);
#2572 = LINE('',#2573,#2574);
#2573 = CARTESIAN_POINT('',(-29.,3.464101615138,2.));
#2574 = VECTOR('',#2575,1.);
#2575 = DIRECTION('',(1.,0.,2.22044604925E-16));
#2576 = PCURVE('',#293,#2577);
#2577 = DEFINITIONAL_REPRESENTATION('',(#2578),#2581);
#2578 = B_SPLINE_CURVE_WITH_KNOTS('',1,(#2579,#2580),.UNSPECIFIED.,.F.,
  .F.,(2,2),(1.889244464764,8.110755535236),.PIECEWISE_BEZIER_KNOTS.);
#2579 = CARTESIAN_POINT('',(8.377580409573,1.889244464764));
#2580 = CARTESIAN_POINT('',(8.377580409573,8.110755535236));
#2581 = ( GEOMETRIC_REPRESENTATION_CONTEXT(2) 
PARAMETRIC_REPRESENTATION_CONTEXT() REPRESENTATION_CONTEXT('2D SPACE',''
  ) );
#2582 = PCURVE('',#2583,#2588);
#2583 = PLANE('',#2584);
#2584 = AXIS2_PLACEMENT_3D('',#2585,#2586,#2587);
#2585 = CARTESIAN_POINT('',(-24.,2.8,2.));
#2586 = DIRECTION('',(0.,0.,1.));
#2587 = DIRECTION('',(1.,0.,0.));
#2588 = DEFINITIONAL_REPRESENTATION('',(#2589),#2592);
#2589 = B_SPLINE_CURVE_WITH_KNOTS('',1,(#2590,#2591),.UNSPECIFIED.,.F.,
  .F.,(2,2),(1.889244464764,8.110755535236),.PIECEWISE_BEZIER_KNOTS.);
#2590 = CARTESIAN_POINT('',(-3.110755535236,0.664101615138));
#2591 = CARTESIAN_POINT('',(3.110755535236,0.664101615138));
#2592 = ( GEOMETRIC_REPRESENTATION_CONTEXT(2) 
PARAMETRIC_REPRESENTATION_CONTEXT() REPRESENTATION_CONTEXT('2D SPACE',''
  ) );
#2593 = ORIENTED_EDGE('',*,*,#2594,.F.);
#2594 = EDGE_CURVE('',#2595,#2569,#2597,.T.);
#2595 = VERTEX_POINT('',#2596);
#2596 = CARTESIAN_POINT('',(-21.69348748106,4.,0.));
#2597 = SURFACE_CURVE('',#2598,(#2611,#2627),.PCURVE_S1.);
#2598 = B_SPLINE_CURVE_WITH_KNOTS('',6,(#2599,#2600,#2601,#2602,#2603,
    #2604,#2605,#2606,#2607,#2608,#2609,#2610),.UNSPECIFIED.,.F.,.F.,(7,
    5,7),(0.,0.718233216366,1.),.UNSPECIFIED.);
#2599 = CARTESIAN_POINT('',(-21.69348748106,4.,-6.000000032601E-07));
#2600 = CARTESIAN_POINT('',(-21.69348750043,4.000000037223,
    0.248150741135));
#2601 = CARTESIAN_POINT('',(-21.68387684161,3.981525707304,
    0.495601139718));
#2602 = CARTESIAN_POINT('',(-21.66475367512,3.944777117606,
    0.741550962266));
#2603 = CARTESIAN_POINT('',(-21.63751350884,3.889690321023,
    0.985146684733));
#2604 = CARTESIAN_POINT('',(-21.60475454384,3.816107361554,
    1.225072021478));
#2605 = CARTESIAN_POINT('',(-21.55607601239,3.688101657606,
    1.551668610131));
#2606 = CARTESIAN_POINT('',(-21.5420058045,3.649169216359,1.642970253548
    ));
#2607 = CARTESIAN_POINT('',(-21.52777087535,3.607342735347,
    1.733510410312));
#2608 = CARTESIAN_POINT('',(-21.51357765831,3.562585673362,
    1.823238504664));
#2609 = CARTESIAN_POINT('',(-21.4996523852,3.514854895845,1.912092774327
    ));
#2610 = CARTESIAN_POINT('',(-21.48624394483,3.464101268728,2.0000006));
#2611 = PCURVE('',#293,#2612);
#2612 = DEFINITIONAL_REPRESENTATION('',(#2613),#2626);
#2613 = B_SPLINE_CURVE_WITH_KNOTS('',6,(#2614,#2615,#2616,#2617,#2618,
    #2619,#2620,#2621,#2622,#2623,#2624,#2625),.UNSPECIFIED.,.F.,.F.,(7,
    5,7),(0.,0.718233216366,1.),.UNSPECIFIED.);
#2614 = CARTESIAN_POINT('',(7.853981483974,7.306512518934));
#2615 = CARTESIAN_POINT('',(7.916019319258,7.306512499568));
#2616 = CARTESIAN_POINT('',(7.977881856157,7.316123158389));
#2617 = CARTESIAN_POINT('',(8.039799403624,7.335246324874));
#2618 = CARTESIAN_POINT('',(8.101974571179,7.362486491157));
#2619 = CARTESIAN_POINT('',(8.164532455778,7.395245456157));
#2620 = CARTESIAN_POINT('',(8.252228946572,7.44392398761));
#2621 = CARTESIAN_POINT('',(8.277032090516,7.457994195494));
#2622 = CARTESIAN_POINT('',(8.301949166346,7.472229124641));
#2623 = CARTESIAN_POINT('',(8.326999915893,7.486422341688));
#2624 = CARTESIAN_POINT('',(8.352203776832,7.500347614798));
#2625 = CARTESIAN_POINT('',(8.377580582778,7.513756055164));
#2626 = ( GEOMETRIC_REPRESENTATION_CONTEXT(2) 
PARAMETRIC_REPRESENTATION_CONTEXT() REPRESENTATION_CONTEXT('2D SPACE',''
  ) );
#2627 = PCURVE('',#2628,#2633);
#2628 = CYLINDRICAL_SURFACE('',#2629,2.6);
#2629 = AXIS2_PLACEMENT_3D('',#2630,#2631,#2632);
#2630 = CARTESIAN_POINT('',(-24.,2.8,-12.));
#2631 = DIRECTION('',(0.,0.,1.));
#2632 = DIRECTION('',(1.,0.,0.));
#2633 = DEFINITIONAL_REPRESENTATION('',(#2634),#2647);
#2634 = B_SPLINE_CURVE_WITH_KNOTS('',6,(#2635,#2636,#2637,#2638,#2639,
    #2640,#2641,#2642,#2643,#2644,#2645,#2646),.UNSPECIFIED.,.F.,.F.,(7,
    5,7),(0.,0.718233216366,1.),.UNSPECIFIED.);
#2635 = CARTESIAN_POINT('',(0.479728637676,11.9999994));
#2636 = CARTESIAN_POINT('',(0.479728653814,12.248150741135));
#2637 = CARTESIAN_POINT('',(0.471719536068,12.495601139718));
#2638 = CARTESIAN_POINT('',(0.455784582422,12.741550962266));
#2639 = CARTESIAN_POINT('',(0.432157646685,12.985146684733));
#2640 = CARTESIAN_POINT('',(0.401226530582,13.225072021478));
#2641 = CARTESIAN_POINT('',(0.34855379465,13.551668610131));
#2642 = CARTESIAN_POINT('',(0.332634108752,13.642970253548));
#2643 = CARTESIAN_POINT('',(0.315645557827,13.733510410312));
#2644 = CARTESIAN_POINT('',(0.297593204994,13.823238504664));
#2645 = CARTESIAN_POINT('',(0.278476129761,13.912092774327));
#2646 = CARTESIAN_POINT('',(0.258285774768,14.0000006));
#2647 = ( GEOMETRIC_REPRESENTATION_CONTEXT(2) 
PARAMETRIC_REPRESENTATION_CONTEXT() REPRESENTATION_CONTEXT('2D SPACE',''
  ) );
#2648 = ORIENTED_EDGE('',*,*,#2649,.T.);
#2649 = EDGE_CURVE('',#2595,#1843,#2650,.T.);
#2650 = SURFACE_CURVE('',#2651,(#2655,#2661),.PCURVE_S1.);
#2651 = LINE('',#2652,#2653);
#2652 = CARTESIAN_POINT('',(-29.,4.,0.));
#2653 = VECTOR('',#2654,1.);
#2654 = DIRECTION('',(1.,0.,2.22044604925E-16));
#2655 = PCURVE('',#293,#2656);
#2656 = DEFINITIONAL_REPRESENTATION('',(#2657),#2660);
#2657 = B_SPLINE_CURVE_WITH_KNOTS('',1,(#2658,#2659),.UNSPECIFIED.,.F.,
  .F.,(2,2),(0.9999994,12.2),.PIECEWISE_BEZIER_KNOTS.);
#2658 = CARTESIAN_POINT('',(7.853981633974,0.9999994));
#2659 = CARTESIAN_POINT('',(7.853981633974,12.2));
#2660 = ( GEOMETRIC_REPRESENTATION_CONTEXT(2) 
PARAMETRIC_REPRESENTATION_CONTEXT() REPRESENTATION_CONTEXT('2D SPACE',''
  ) );
#2661 = PCURVE('',#265,#2662);
#2662 = DEFINITIONAL_REPRESENTATION('',(#2663),#2666);
#2663 = B_SPLINE_CURVE_WITH_KNOTS('',1,(#2664,#2665),.UNSPECIFIED.,.F.,
  .F.,(2,2),(0.9999994,12.2),.PIECEWISE_BEZIER_KNOTS.);
#2664 = CARTESIAN_POINT('',(-4.0000006,1.2));
#2665 = CARTESIAN_POINT('',(7.2,1.2));
#2666 = ( GEOMETRIC_REPRESENTATION_CONTEXT(2) 
PARAMETRIC_REPRESENTATION_CONTEXT() REPRESENTATION_CONTEXT('2D SPACE',''
  ) );
#2667 = ADVANCED_FACE('',(#2668),#265,.F.);
#2668 = FACE_BOUND('',#2669,.F.);
#2669 = EDGE_LOOP('',(#2670,#2691,#2692,#2693,#2717,#2743,#2764,#2785,
    #2814,#2835,#2856,#2877,#2899,#2900,#2901,#2902));
#2670 = ORIENTED_EDGE('',*,*,#2671,.F.);
#2671 = EDGE_CURVE('',#2213,#2672,#2674,.T.);
#2672 = VERTEX_POINT('',#2673);
#2673 = CARTESIAN_POINT('',(-21.,-1.11803398875,0.));
#2674 = SURFACE_CURVE('',#2675,(#2679,#2685),.PCURVE_S1.);
#2675 = LINE('',#2676,#2677);
#2676 = CARTESIAN_POINT('',(-21.,-0.1,0.));
#2677 = VECTOR('',#2678,1.);
#2678 = DIRECTION('',(0.,1.,0.));
#2679 = PCURVE('',#265,#2680);
#2680 = DEFINITIONAL_REPRESENTATION('',(#2681),#2684);
#2681 = B_SPLINE_CURVE_WITH_KNOTS('',1,(#2682,#2683),.UNSPECIFIED.,.F.,
  .F.,(2,2),(-2.9,3.1),.PIECEWISE_BEZIER_KNOTS.);
#2682 = CARTESIAN_POINT('',(3.,-5.8));
#2683 = CARTESIAN_POINT('',(3.,0.2));
#2684 = ( GEOMETRIC_REPRESENTATION_CONTEXT(2) 
PARAMETRIC_REPRESENTATION_CONTEXT() REPRESENTATION_CONTEXT('2D SPACE',''
  ) );
#2685 = PCURVE('',#2251,#2686);
#2686 = DEFINITIONAL_REPRESENTATION('',(#2687),#2690);
#2687 = B_SPLINE_CURVE_WITH_KNOTS('',1,(#2688,#2689),.UNSPECIFIED.,.F.,
  .F.,(2,2),(-2.9,3.1),.PIECEWISE_BEZIER_KNOTS.);
#2688 = CARTESIAN_POINT('',(2.,0.));
#2689 = CARTESIAN_POINT('',(2.,-6.));
#2690 = ( GEOMETRIC_REPRESENTATION_CONTEXT(2) 
PARAMETRIC_REPRESENTATION_CONTEXT() REPRESENTATION_CONTEXT('2D SPACE',''
  ) );
#2691 = ORIENTED_EDGE('',*,*,#2212,.T.);
#2692 = ORIENTED_EDGE('',*,*,#2649,.F.);
#2693 = ORIENTED_EDGE('',*,*,#2694,.F.);
#2694 = EDGE_CURVE('',#2695,#2595,#2697,.T.);
#2695 = VERTEX_POINT('',#2696);
#2696 = CARTESIAN_POINT('',(-21.40770372063,3.,0.));
#2697 = SURFACE_CURVE('',#2698,(#2703,#2710),.PCURVE_S1.);
#2698 = CIRCLE('',#2699,2.6);
#2699 = AXIS2_PLACEMENT_3D('',#2700,#2701,#2702);
#2700 = CARTESIAN_POINT('',(-24.,2.8,0.));
#2701 = DIRECTION('',(0.,0.,1.));
#2702 = DIRECTION('',(1.,0.,-0.));
#2703 = PCURVE('',#265,#2704);
#2704 = DEFINITIONAL_REPRESENTATION('',(#2705),#2709);
#2705 = CIRCLE('',#2706,2.6);
#2706 = AXIS2_PLACEMENT_2D('',#2707,#2708);
#2707 = CARTESIAN_POINT('',(0.,0.));
#2708 = DIRECTION('',(1.,0.));
#2709 = ( GEOMETRIC_REPRESENTATION_CONTEXT(2) 
PARAMETRIC_REPRESENTATION_CONTEXT() REPRESENTATION_CONTEXT('2D SPACE',''
  ) );
#2710 = PCURVE('',#2628,#2711);
#2711 = DEFINITIONAL_REPRESENTATION('',(#2712),#2716);
#2712 = LINE('',#2713,#2714);
#2713 = CARTESIAN_POINT('',(0.,12.));
#2714 = VECTOR('',#2715,1.);
#2715 = DIRECTION('',(1.,0.));
#2716 = ( GEOMETRIC_REPRESENTATION_CONTEXT(2) 
PARAMETRIC_REPRESENTATION_CONTEXT() REPRESENTATION_CONTEXT('2D SPACE',''
  ) );
#2717 = ORIENTED_EDGE('',*,*,#2718,.F.);
#2718 = EDGE_CURVE('',#2719,#2695,#2721,.T.);
#2719 = VERTEX_POINT('',#2720);
#2720 = CARTESIAN_POINT('',(-21.,3.,0.));
#2721 = SURFACE_CURVE('',#2722,(#2726,#2732),.PCURVE_S1.);
#2722 = LINE('',#2723,#2724);
#2723 = CARTESIAN_POINT('',(-26.5,3.,0.));
#2724 = VECTOR('',#2725,1.);
#2725 = DIRECTION('',(-1.,0.,0.));
#2726 = PCURVE('',#265,#2727);
#2727 = DEFINITIONAL_REPRESENTATION('',(#2728),#2731);
#2728 = B_SPLINE_CURVE_WITH_KNOTS('',1,(#2729,#2730),.UNSPECIFIED.,.F.,
  .F.,(2,2),(-5.5,2.5),.PIECEWISE_BEZIER_KNOTS.);
#2729 = CARTESIAN_POINT('',(3.,0.2));
#2730 = CARTESIAN_POINT('',(-5.,0.2));
#2731 = ( GEOMETRIC_REPRESENTATION_CONTEXT(2) 
PARAMETRIC_REPRESENTATION_CONTEXT() REPRESENTATION_CONTEXT('2D SPACE',''
  ) );
#2732 = PCURVE('',#2733,#2738);
#2733 = PLANE('',#2734);
#2734 = AXIS2_PLACEMENT_3D('',#2735,#2736,#2737);
#2735 = CARTESIAN_POINT('',(-29.,3.,-2.));
#2736 = DIRECTION('',(0.,1.,0.));
#2737 = DIRECTION('',(0.,0.,1.));
#2738 = DEFINITIONAL_REPRESENTATION('',(#2739),#2742);
#2739 = B_SPLINE_CURVE_WITH_KNOTS('',1,(#2740,#2741),.UNSPECIFIED.,.F.,
  .F.,(2,2),(-5.5,2.5),.PIECEWISE_BEZIER_KNOTS.);
#2740 = CARTESIAN_POINT('',(2.,8.));
#2741 = CARTESIAN_POINT('',(2.,0.));
#2742 = ( GEOMETRIC_REPRESENTATION_CONTEXT(2) 
PARAMETRIC_REPRESENTATION_CONTEXT() REPRESENTATION_CONTEXT('2D SPACE',''
  ) );
#2743 = ORIENTED_EDGE('',*,*,#2744,.F.);
#2744 = EDGE_CURVE('',#2745,#2719,#2747,.T.);
#2745 = VERTEX_POINT('',#2746);
#2746 = CARTESIAN_POINT('',(-21.,1.11803398875,0.));
#2747 = SURFACE_CURVE('',#2748,(#2752,#2758),.PCURVE_S1.);
#2748 = LINE('',#2749,#2750);
#2749 = CARTESIAN_POINT('',(-21.,-0.1,0.));
#2750 = VECTOR('',#2751,1.);
#2751 = DIRECTION('',(0.,1.,0.));
#2752 = PCURVE('',#265,#2753);
#2753 = DEFINITIONAL_REPRESENTATION('',(#2754),#2757);
#2754 = B_SPLINE_CURVE_WITH_KNOTS('',1,(#2755,#2756),.UNSPECIFIED.,.F.,
  .F.,(2,2),(-2.9,3.1),.PIECEWISE_BEZIER_KNOTS.);
#2755 = CARTESIAN_POINT('',(3.,-5.8));
#2756 = CARTESIAN_POINT('',(3.,0.2));
#2757 = ( GEOMETRIC_REPRESENTATION_CONTEXT(2) 
PARAMETRIC_REPRESENTATION_CONTEXT() REPRESENTATION_CONTEXT('2D SPACE',''
  ) );
#2758 = PCURVE('',#2251,#2759);
#2759 = DEFINITIONAL_REPRESENTATION('',(#2760),#2763);
#2760 = B_SPLINE_CURVE_WITH_KNOTS('',1,(#2761,#2762),.UNSPECIFIED.,.F.,
  .F.,(2,2),(-2.9,3.1),.PIECEWISE_BEZIER_KNOTS.);
#2761 = CARTESIAN_POINT('',(2.,0.));
#2762 = CARTESIAN_POINT('',(2.,-6.));
#2763 = ( GEOMETRIC_REPRESENTATION_CONTEXT(2) 
PARAMETRIC_REPRESENTATION_CONTEXT() REPRESENTATION_CONTEXT('2D SPACE',''
  ) );
#2764 = ORIENTED_EDGE('',*,*,#2765,.F.);
#2765 = EDGE_CURVE('',#2766,#2745,#2768,.T.);
#2766 = VERTEX_POINT('',#2767);
#2767 = CARTESIAN_POINT('',(-22.0173274761,1.11803398875,0.));
#2768 = SURFACE_CURVE('',#2769,(#2773,#2779),.PCURVE_S1.);
#2769 = LINE('',#2770,#2771);
#2770 = CARTESIAN_POINT('',(-30.,1.11803398875,0.));
#2771 = VECTOR('',#2772,1.);
#2772 = DIRECTION('',(1.,0.,2.22044604925E-16));
#2773 = PCURVE('',#265,#2774);
#2774 = DEFINITIONAL_REPRESENTATION('',(#2775),#2778);
#2775 = B_SPLINE_CURVE_WITH_KNOTS('',1,(#2776,#2777),.UNSPECIFIED.,.F.,
  .F.,(2,2),(0.9999976,9.0000024),.PIECEWISE_BEZIER_KNOTS.);
#2776 = CARTESIAN_POINT('',(-5.0000024,-1.68196601125));
#2777 = CARTESIAN_POINT('',(3.0000024,-1.68196601125));
#2778 = ( GEOMETRIC_REPRESENTATION_CONTEXT(2) 
PARAMETRIC_REPRESENTATION_CONTEXT() REPRESENTATION_CONTEXT('2D SPACE',''
  ) );
#2779 = PCURVE('',#2444,#2780);
#2780 = DEFINITIONAL_REPRESENTATION('',(#2781),#2784);
#2781 = B_SPLINE_CURVE_WITH_KNOTS('',1,(#2782,#2783),.UNSPECIFIED.,.F.,
  .F.,(2,2),(7.982672523893,9.),.PIECEWISE_BEZIER_KNOTS.);
#2782 = CARTESIAN_POINT('',(7.124253977748,7.982672523893));
#2783 = CARTESIAN_POINT('',(7.124253977748,9.));
#2784 = ( GEOMETRIC_REPRESENTATION_CONTEXT(2) 
PARAMETRIC_REPRESENTATION_CONTEXT() REPRESENTATION_CONTEXT('2D SPACE',''
  ) );
#2785 = ORIENTED_EDGE('',*,*,#2786,.F.);
#2786 = EDGE_CURVE('',#2787,#2766,#2789,.T.);
#2787 = VERTEX_POINT('',#2788);
#2788 = CARTESIAN_POINT('',(-25.98267252389,1.11803398875,0.));
#2789 = SURFACE_CURVE('',#2790,(#2795,#2802),.PCURVE_S1.);
#2790 = CIRCLE('',#2791,2.6);
#2791 = AXIS2_PLACEMENT_3D('',#2792,#2793,#2794);
#2792 = CARTESIAN_POINT('',(-24.,2.8,0.));
#2793 = DIRECTION('',(0.,0.,1.));
#2794 = DIRECTION('',(1.,0.,-0.));
#2795 = PCURVE('',#265,#2796);
#2796 = DEFINITIONAL_REPRESENTATION('',(#2797),#2801);
#2797 = CIRCLE('',#2798,2.6);
#2798 = AXIS2_PLACEMENT_2D('',#2799,#2800);
#2799 = CARTESIAN_POINT('',(0.,0.));
#2800 = DIRECTION('',(1.,0.));
#2801 = ( GEOMETRIC_REPRESENTATION_CONTEXT(2) 
PARAMETRIC_REPRESENTATION_CONTEXT() REPRESENTATION_CONTEXT('2D SPACE',''
  ) );
#2802 = PCURVE('',#2803,#2808);
#2803 = CYLINDRICAL_SURFACE('',#2804,2.6);
#2804 = AXIS2_PLACEMENT_3D('',#2805,#2806,#2807);
#2805 = CARTESIAN_POINT('',(-24.,2.8,-12.));
#2806 = DIRECTION('',(0.,0.,1.));
#2807 = DIRECTION('',(1.,0.,0.));
#2808 = DEFINITIONAL_REPRESENTATION('',(#2809),#2813);
#2809 = LINE('',#2810,#2811);
#2810 = CARTESIAN_POINT('',(0.,12.));
#2811 = VECTOR('',#2812,1.);
#2812 = DIRECTION('',(1.,0.));
#2813 = ( GEOMETRIC_REPRESENTATION_CONTEXT(2) 
PARAMETRIC_REPRESENTATION_CONTEXT() REPRESENTATION_CONTEXT('2D SPACE',''
  ) );
#2814 = ORIENTED_EDGE('',*,*,#2815,.F.);
#2815 = EDGE_CURVE('',#2816,#2787,#2818,.T.);
#2816 = VERTEX_POINT('',#2817);
#2817 = CARTESIAN_POINT('',(-29.,1.11803398875,0.));
#2818 = SURFACE_CURVE('',#2819,(#2823,#2829),.PCURVE_S1.);
#2819 = LINE('',#2820,#2821);
#2820 = CARTESIAN_POINT('',(-30.,1.11803398875,0.));
#2821 = VECTOR('',#2822,1.);
#2822 = DIRECTION('',(1.,0.,2.22044604925E-16));
#2823 = PCURVE('',#265,#2824);
#2824 = DEFINITIONAL_REPRESENTATION('',(#2825),#2828);
#2825 = B_SPLINE_CURVE_WITH_KNOTS('',1,(#2826,#2827),.UNSPECIFIED.,.F.,
  .F.,(2,2),(0.9999976,9.0000024),.PIECEWISE_BEZIER_KNOTS.);
#2826 = CARTESIAN_POINT('',(-5.0000024,-1.68196601125));
#2827 = CARTESIAN_POINT('',(3.0000024,-1.68196601125));
#2828 = ( GEOMETRIC_REPRESENTATION_CONTEXT(2) 
PARAMETRIC_REPRESENTATION_CONTEXT() REPRESENTATION_CONTEXT('2D SPACE',''
  ) );
#2829 = PCURVE('',#2444,#2830);
#2830 = DEFINITIONAL_REPRESENTATION('',(#2831),#2834);
#2831 = B_SPLINE_CURVE_WITH_KNOTS('',1,(#2832,#2833),.UNSPECIFIED.,.F.,
  .F.,(2,2),(1.,4.017327476107),.PIECEWISE_BEZIER_KNOTS.);
#2832 = CARTESIAN_POINT('',(7.124253977748,1.));
#2833 = CARTESIAN_POINT('',(7.124253977748,4.017327476107));
#2834 = ( GEOMETRIC_REPRESENTATION_CONTEXT(2) 
PARAMETRIC_REPRESENTATION_CONTEXT() REPRESENTATION_CONTEXT('2D SPACE',''
  ) );
#2835 = ORIENTED_EDGE('',*,*,#2836,.T.);
#2836 = EDGE_CURVE('',#2816,#2837,#2839,.T.);
#2837 = VERTEX_POINT('',#2838);
#2838 = CARTESIAN_POINT('',(-29.,3.,0.));
#2839 = SURFACE_CURVE('',#2840,(#2844,#2850),.PCURVE_S1.);
#2840 = LINE('',#2841,#2842);
#2841 = CARTESIAN_POINT('',(-29.,-0.1,0.));
#2842 = VECTOR('',#2843,1.);
#2843 = DIRECTION('',(0.,1.,0.));
#2844 = PCURVE('',#265,#2845);
#2845 = DEFINITIONAL_REPRESENTATION('',(#2846),#2849);
#2846 = B_SPLINE_CURVE_WITH_KNOTS('',1,(#2847,#2848),.UNSPECIFIED.,.F.,
  .F.,(2,2),(-2.9,3.1),.PIECEWISE_BEZIER_KNOTS.);
#2847 = CARTESIAN_POINT('',(-5.,-5.8));
#2848 = CARTESIAN_POINT('',(-5.,0.2));
#2849 = ( GEOMETRIC_REPRESENTATION_CONTEXT(2) 
PARAMETRIC_REPRESENTATION_CONTEXT() REPRESENTATION_CONTEXT('2D SPACE',''
  ) );
#2850 = PCURVE('',#2403,#2851);
#2851 = DEFINITIONAL_REPRESENTATION('',(#2852),#2855);
#2852 = B_SPLINE_CURVE_WITH_KNOTS('',1,(#2853,#2854),.UNSPECIFIED.,.F.,
  .F.,(2,2),(-2.9,3.1),.PIECEWISE_BEZIER_KNOTS.);
#2853 = CARTESIAN_POINT('',(2.,0.));
#2854 = CARTESIAN_POINT('',(2.,-6.));
#2855 = ( GEOMETRIC_REPRESENTATION_CONTEXT(2) 
PARAMETRIC_REPRESENTATION_CONTEXT() REPRESENTATION_CONTEXT('2D SPACE',''
  ) );
#2856 = ORIENTED_EDGE('',*,*,#2857,.F.);
#2857 = EDGE_CURVE('',#2858,#2837,#2860,.T.);
#2858 = VERTEX_POINT('',#2859);
#2859 = CARTESIAN_POINT('',(-26.59229627936,3.,0.));
#2860 = SURFACE_CURVE('',#2861,(#2865,#2871),.PCURVE_S1.);
#2861 = LINE('',#2862,#2863);
#2862 = CARTESIAN_POINT('',(-26.5,3.,0.));
#2863 = VECTOR('',#2864,1.);
#2864 = DIRECTION('',(-1.,0.,0.));
#2865 = PCURVE('',#265,#2866);
#2866 = DEFINITIONAL_REPRESENTATION('',(#2867),#2870);
#2867 = B_SPLINE_CURVE_WITH_KNOTS('',1,(#2868,#2869),.UNSPECIFIED.,.F.,
  .F.,(2,2),(-5.5,2.5),.PIECEWISE_BEZIER_KNOTS.);
#2868 = CARTESIAN_POINT('',(3.,0.2));
#2869 = CARTESIAN_POINT('',(-5.,0.2));
#2870 = ( GEOMETRIC_REPRESENTATION_CONTEXT(2) 
PARAMETRIC_REPRESENTATION_CONTEXT() REPRESENTATION_CONTEXT('2D SPACE',''
  ) );
#2871 = PCURVE('',#2733,#2872);
#2872 = DEFINITIONAL_REPRESENTATION('',(#2873),#2876);
#2873 = B_SPLINE_CURVE_WITH_KNOTS('',1,(#2874,#2875),.UNSPECIFIED.,.F.,
  .F.,(2,2),(-5.5,2.5),.PIECEWISE_BEZIER_KNOTS.);
#2874 = CARTESIAN_POINT('',(2.,8.));
#2875 = CARTESIAN_POINT('',(2.,0.));
#2876 = ( GEOMETRIC_REPRESENTATION_CONTEXT(2) 
PARAMETRIC_REPRESENTATION_CONTEXT() REPRESENTATION_CONTEXT('2D SPACE',''
  ) );
#2877 = ORIENTED_EDGE('',*,*,#2878,.F.);
#2878 = EDGE_CURVE('',#2493,#2858,#2879,.T.);
#2879 = SURFACE_CURVE('',#2880,(#2885,#2892),.PCURVE_S1.);
#2880 = CIRCLE('',#2881,2.6);
#2881 = AXIS2_PLACEMENT_3D('',#2882,#2883,#2884);
#2882 = CARTESIAN_POINT('',(-24.,2.8,0.));
#2883 = DIRECTION('',(0.,0.,1.));
#2884 = DIRECTION('',(1.,0.,-0.));
#2885 = PCURVE('',#265,#2886);
#2886 = DEFINITIONAL_REPRESENTATION('',(#2887),#2891);
#2887 = CIRCLE('',#2888,2.6);
#2888 = AXIS2_PLACEMENT_2D('',#2889,#2890);
#2889 = CARTESIAN_POINT('',(0.,0.));
#2890 = DIRECTION('',(1.,0.));
#2891 = ( GEOMETRIC_REPRESENTATION_CONTEXT(2) 
PARAMETRIC_REPRESENTATION_CONTEXT() REPRESENTATION_CONTEXT('2D SPACE',''
  ) );
#2892 = PCURVE('',#2547,#2893);
#2893 = DEFINITIONAL_REPRESENTATION('',(#2894),#2898);
#2894 = LINE('',#2895,#2896);
#2895 = CARTESIAN_POINT('',(0.,12.));
#2896 = VECTOR('',#2897,1.);
#2897 = DIRECTION('',(1.,0.));
#2898 = ( GEOMETRIC_REPRESENTATION_CONTEXT(2) 
PARAMETRIC_REPRESENTATION_CONTEXT() REPRESENTATION_CONTEXT('2D SPACE',''
  ) );
#2899 = ORIENTED_EDGE('',*,*,#2492,.F.);
#2900 = ORIENTED_EDGE('',*,*,#250,.F.);
#2901 = ORIENTED_EDGE('',*,*,#2463,.T.);
#2902 = ORIENTED_EDGE('',*,*,#2903,.T.);
#2903 = EDGE_CURVE('',#2415,#2672,#2904,.T.);
#2904 = SURFACE_CURVE('',#2905,(#2909,#2915),.PCURVE_S1.);
#2905 = LINE('',#2906,#2907);
#2906 = CARTESIAN_POINT('',(-30.,-1.11803398875,0.));
#2907 = VECTOR('',#2908,1.);
#2908 = DIRECTION('',(1.,0.,2.22044604925E-16));
#2909 = PCURVE('',#265,#2910);
#2910 = DEFINITIONAL_REPRESENTATION('',(#2911),#2914);
#2911 = B_SPLINE_CURVE_WITH_KNOTS('',1,(#2912,#2913),.UNSPECIFIED.,.F.,
  .F.,(2,2),(0.9999976,9.0000024),.PIECEWISE_BEZIER_KNOTS.);
#2912 = CARTESIAN_POINT('',(-5.0000024,-3.91803398875));
#2913 = CARTESIAN_POINT('',(3.0000024,-3.91803398875));
#2914 = ( GEOMETRIC_REPRESENTATION_CONTEXT(2) 
PARAMETRIC_REPRESENTATION_CONTEXT() REPRESENTATION_CONTEXT('2D SPACE',''
  ) );
#2915 = PCURVE('',#2444,#2916);
#2916 = DEFINITIONAL_REPRESENTATION('',(#2917),#2920);
#2917 = B_SPLINE_CURVE_WITH_KNOTS('',1,(#2918,#2919),.UNSPECIFIED.,.F.,
  .F.,(2,2),(1.455881860801,9.),.PIECEWISE_BEZIER_KNOTS.);
#2918 = CARTESIAN_POINT('',(5.442116636612,1.455881860801));
#2919 = CARTESIAN_POINT('',(5.442116636612,9.));
#2920 = ( GEOMETRIC_REPRESENTATION_CONTEXT(2) 
PARAMETRIC_REPRESENTATION_CONTEXT() REPRESENTATION_CONTEXT('2D SPACE',''
  ) );
#2921 = ADVANCED_FACE('',(#2922),#157,.T.);
#2922 = FACE_BOUND('',#2923,.T.);
#2923 = EDGE_LOOP('',(#2924,#2947,#2973,#2999,#3020,#3021));
#2924 = ORIENTED_EDGE('',*,*,#2925,.F.);
#2925 = EDGE_CURVE('',#2926,#1044,#2928,.T.);
#2926 = VERTEX_POINT('',#2927);
#2927 = CARTESIAN_POINT('',(-2.,3.,-23.));
#2928 = SURFACE_CURVE('',#2929,(#2933,#2940),.PCURVE_S1.);
#2929 = LINE('',#2930,#2931);
#2930 = CARTESIAN_POINT('',(-2.,3.,-39.));
#2931 = VECTOR('',#2932,1.);
#2932 = DIRECTION('',(0.,0.,1.));
#2933 = PCURVE('',#157,#2934);
#2934 = DEFINITIONAL_REPRESENTATION('',(#2935),#2939);
#2935 = LINE('',#2936,#2937);
#2936 = CARTESIAN_POINT('',(0.,26.));
#2937 = VECTOR('',#2938,1.);
#2938 = DIRECTION('',(1.,0.));
#2939 = ( GEOMETRIC_REPRESENTATION_CONTEXT(2) 
PARAMETRIC_REPRESENTATION_CONTEXT() REPRESENTATION_CONTEXT('2D SPACE',''
  ) );
#2940 = PCURVE('',#601,#2941);
#2941 = DEFINITIONAL_REPRESENTATION('',(#2942),#2946);
#2942 = LINE('',#2943,#2944);
#2943 = CARTESIAN_POINT('',(-46.,-6.));
#2944 = VECTOR('',#2945,1.);
#2945 = DIRECTION('',(1.,0.));
#2946 = ( GEOMETRIC_REPRESENTATION_CONTEXT(2) 
PARAMETRIC_REPRESENTATION_CONTEXT() REPRESENTATION_CONTEXT('2D SPACE',''
  ) );
#2947 = ORIENTED_EDGE('',*,*,#2948,.F.);
#2948 = EDGE_CURVE('',#2949,#2926,#2951,.T.);
#2949 = VERTEX_POINT('',#2950);
#2950 = CARTESIAN_POINT('',(-6.,3.,-23.));
#2951 = SURFACE_CURVE('',#2952,(#2956,#2962),.PCURVE_S1.);
#2952 = LINE('',#2953,#2954);
#2953 = CARTESIAN_POINT('',(-17.,3.,-23.));
#2954 = VECTOR('',#2955,1.);
#2955 = DIRECTION('',(1.,0.,0.));
#2956 = PCURVE('',#157,#2957);
#2957 = DEFINITIONAL_REPRESENTATION('',(#2958),#2961);
#2958 = B_SPLINE_CURVE_WITH_KNOTS('',1,(#2959,#2960),.UNSPECIFIED.,.F.,
  .F.,(2,2),(11.,15.),.PIECEWISE_BEZIER_KNOTS.);
#2959 = CARTESIAN_POINT('',(16.,22.));
#2960 = CARTESIAN_POINT('',(16.,26.));
#2961 = ( GEOMETRIC_REPRESENTATION_CONTEXT(2) 
PARAMETRIC_REPRESENTATION_CONTEXT() REPRESENTATION_CONTEXT('2D SPACE',''
  ) );
#2962 = PCURVE('',#2963,#2968);
#2963 = PLANE('',#2964);
#2964 = AXIS2_PLACEMENT_3D('',#2965,#2966,#2967);
#2965 = CARTESIAN_POINT('',(-6.,-16.,-23.));
#2966 = DIRECTION('',(0.,0.,1.));
#2967 = DIRECTION('',(1.,0.,0.));
#2968 = DEFINITIONAL_REPRESENTATION('',(#2969),#2972);
#2969 = B_SPLINE_CURVE_WITH_KNOTS('',1,(#2970,#2971),.UNSPECIFIED.,.F.,
  .F.,(2,2),(11.,15.),.PIECEWISE_BEZIER_KNOTS.);
#2970 = CARTESIAN_POINT('',(0.,19.));
#2971 = CARTESIAN_POINT('',(4.,19.));
#2972 = ( GEOMETRIC_REPRESENTATION_CONTEXT(2) 
PARAMETRIC_REPRESENTATION_CONTEXT() REPRESENTATION_CONTEXT('2D SPACE',''
  ) );
#2973 = ORIENTED_EDGE('',*,*,#2974,.T.);
#2974 = EDGE_CURVE('',#2949,#2975,#2977,.T.);
#2975 = VERTEX_POINT('',#2976);
#2976 = CARTESIAN_POINT('',(-6.,3.,-39.));
#2977 = SURFACE_CURVE('',#2978,(#2982,#2988),.PCURVE_S1.);
#2978 = LINE('',#2979,#2980);
#2979 = CARTESIAN_POINT('',(-6.,3.,-47.));
#2980 = VECTOR('',#2981,1.);
#2981 = DIRECTION('',(0.,0.,-1.));
#2982 = PCURVE('',#157,#2983);
#2983 = DEFINITIONAL_REPRESENTATION('',(#2984),#2987);
#2984 = B_SPLINE_CURVE_WITH_KNOTS('',1,(#2985,#2986),.UNSPECIFIED.,.F.,
  .F.,(2,2),(-24.,-8.),.PIECEWISE_BEZIER_KNOTS.);
#2985 = CARTESIAN_POINT('',(16.,22.));
#2986 = CARTESIAN_POINT('',(0.,22.));
#2987 = ( GEOMETRIC_REPRESENTATION_CONTEXT(2) 
PARAMETRIC_REPRESENTATION_CONTEXT() REPRESENTATION_CONTEXT('2D SPACE',''
  ) );
#2988 = PCURVE('',#2989,#2994);
#2989 = PLANE('',#2990);
#2990 = AXIS2_PLACEMENT_3D('',#2991,#2992,#2993);
#2991 = CARTESIAN_POINT('',(-6.,-16.,-55.));
#2992 = DIRECTION('',(1.,0.,0.));
#2993 = DIRECTION('',(0.,0.,1.));
#2994 = DEFINITIONAL_REPRESENTATION('',(#2995),#2998);
#2995 = B_SPLINE_CURVE_WITH_KNOTS('',1,(#2996,#2997),.UNSPECIFIED.,.F.,
  .F.,(2,2),(-24.,-8.),.PIECEWISE_BEZIER_KNOTS.);
#2996 = CARTESIAN_POINT('',(32.,-19.));
#2997 = CARTESIAN_POINT('',(16.,-19.));
#2998 = ( GEOMETRIC_REPRESENTATION_CONTEXT(2) 
PARAMETRIC_REPRESENTATION_CONTEXT() REPRESENTATION_CONTEXT('2D SPACE',''
  ) );
#2999 = ORIENTED_EDGE('',*,*,#3000,.F.);
#3000 = EDGE_CURVE('',#114,#2975,#3001,.T.);
#3001 = SURFACE_CURVE('',#3002,(#3006,#3013),.PCURVE_S1.);
#3002 = LINE('',#3003,#3004);
#3003 = CARTESIAN_POINT('',(-28.,3.,-39.));
#3004 = VECTOR('',#3005,1.);
#3005 = DIRECTION('',(1.,0.,0.));
#3006 = PCURVE('',#157,#3007);
#3007 = DEFINITIONAL_REPRESENTATION('',(#3008),#3012);
#3008 = LINE('',#3009,#3010);
#3009 = CARTESIAN_POINT('',(0.,0.));
#3010 = VECTOR('',#3011,1.);
#3011 = DIRECTION('',(0.,1.));
#3012 = ( GEOMETRIC_REPRESENTATION_CONTEXT(2) 
PARAMETRIC_REPRESENTATION_CONTEXT() REPRESENTATION_CONTEXT('2D SPACE',''
  ) );
#3013 = PCURVE('',#129,#3014);
#3014 = DEFINITIONAL_REPRESENTATION('',(#3015),#3019);
#3015 = LINE('',#3016,#3017);
#3016 = CARTESIAN_POINT('',(0.,6.));
#3017 = VECTOR('',#3018,1.);
#3018 = DIRECTION('',(1.,0.));
#3019 = ( GEOMETRIC_REPRESENTATION_CONTEXT(2) 
PARAMETRIC_REPRESENTATION_CONTEXT() REPRESENTATION_CONTEXT('2D SPACE',''
  ) );
#3020 = ORIENTED_EDGE('',*,*,#141,.T.);
#3021 = ORIENTED_EDGE('',*,*,#1043,.T.);
#3022 = ADVANCED_FACE('',(#3023),#129,.F.);
#3023 = FACE_BOUND('',#3024,.F.);
#3024 = EDGE_LOOP('',(#3025,#3026,#3027,#3050));
#3025 = ORIENTED_EDGE('',*,*,#3000,.F.);
#3026 = ORIENTED_EDGE('',*,*,#113,.F.);
#3027 = ORIENTED_EDGE('',*,*,#3028,.T.);
#3028 = EDGE_CURVE('',#86,#3029,#3031,.T.);
#3029 = VERTEX_POINT('',#3030);
#3030 = CARTESIAN_POINT('',(-6.,-3.,-39.));
#3031 = SURFACE_CURVE('',#3032,(#3036,#3043),.PCURVE_S1.);
#3032 = LINE('',#3033,#3034);
#3033 = CARTESIAN_POINT('',(-28.,-3.,-39.));
#3034 = VECTOR('',#3035,1.);
#3035 = DIRECTION('',(1.,0.,0.));
#3036 = PCURVE('',#129,#3037);
#3037 = DEFINITIONAL_REPRESENTATION('',(#3038),#3042);
#3038 = LINE('',#3039,#3040);
#3039 = CARTESIAN_POINT('',(0.,0.));
#3040 = VECTOR('',#3041,1.);
#3041 = DIRECTION('',(1.,0.));
#3042 = ( GEOMETRIC_REPRESENTATION_CONTEXT(2) 
PARAMETRIC_REPRESENTATION_CONTEXT() REPRESENTATION_CONTEXT('2D SPACE',''
  ) );
#3043 = PCURVE('',#101,#3044);
#3044 = DEFINITIONAL_REPRESENTATION('',(#3045),#3049);
#3045 = LINE('',#3046,#3047);
#3046 = CARTESIAN_POINT('',(0.,0.));
#3047 = VECTOR('',#3048,1.);
#3048 = DIRECTION('',(0.,1.));
#3049 = ( GEOMETRIC_REPRESENTATION_CONTEXT(2) 
PARAMETRIC_REPRESENTATION_CONTEXT() REPRESENTATION_CONTEXT('2D SPACE',''
  ) );
#3050 = ORIENTED_EDGE('',*,*,#3051,.T.);
#3051 = EDGE_CURVE('',#3029,#2975,#3052,.T.);
#3052 = SURFACE_CURVE('',#3053,(#3057,#3063),.PCURVE_S1.);
#3053 = LINE('',#3054,#3055);
#3054 = CARTESIAN_POINT('',(-6.,-9.5,-39.));
#3055 = VECTOR('',#3056,1.);
#3056 = DIRECTION('',(0.,1.,0.));
#3057 = PCURVE('',#129,#3058);
#3058 = DEFINITIONAL_REPRESENTATION('',(#3059),#3062);
#3059 = B_SPLINE_CURVE_WITH_KNOTS('',1,(#3060,#3061),.UNSPECIFIED.,.F.,
  .F.,(2,2),(6.5,12.5),.PIECEWISE_BEZIER_KNOTS.);
#3060 = CARTESIAN_POINT('',(22.,0.));
#3061 = CARTESIAN_POINT('',(22.,6.));
#3062 = ( GEOMETRIC_REPRESENTATION_CONTEXT(2) 
PARAMETRIC_REPRESENTATION_CONTEXT() REPRESENTATION_CONTEXT('2D SPACE',''
  ) );
#3063 = PCURVE('',#2989,#3064);
#3064 = DEFINITIONAL_REPRESENTATION('',(#3065),#3068);
#3065 = B_SPLINE_CURVE_WITH_KNOTS('',1,(#3066,#3067),.UNSPECIFIED.,.F.,
  .F.,(2,2),(6.5,12.5),.PIECEWISE_BEZIER_KNOTS.);
#3066 = CARTESIAN_POINT('',(16.,-13.));
#3067 = CARTESIAN_POINT('',(16.,-19.));
#3068 = ( GEOMETRIC_REPRESENTATION_CONTEXT(2) 
PARAMETRIC_REPRESENTATION_CONTEXT() REPRESENTATION_CONTEXT('2D SPACE',''
  ) );
#3069 = ADVANCED_FACE('',(#3070),#101,.F.);
#3070 = FACE_BOUND('',#3071,.F.);
#3071 = EDGE_LOOP('',(#3072,#3097,#3118,#3137,#3138,#3139));
#3072 = ORIENTED_EDGE('',*,*,#3073,.F.);
#3073 = EDGE_CURVE('',#3074,#3076,#3078,.T.);
#3074 = VERTEX_POINT('',#3075);
#3075 = CARTESIAN_POINT('',(-2.,-3.,-23.));
#3076 = VERTEX_POINT('',#3077);
#3077 = CARTESIAN_POINT('',(-2.,-3.,-8.485281374238));
#3078 = SURFACE_CURVE('',#3079,(#3083,#3090),.PCURVE_S1.);
#3079 = LINE('',#3080,#3081);
#3080 = CARTESIAN_POINT('',(-2.,-3.,-39.));
#3081 = VECTOR('',#3082,1.);
#3082 = DIRECTION('',(0.,0.,1.));
#3083 = PCURVE('',#101,#3084);
#3084 = DEFINITIONAL_REPRESENTATION('',(#3085),#3089);
#3085 = LINE('',#3086,#3087);
#3086 = CARTESIAN_POINT('',(0.,26.));
#3087 = VECTOR('',#3088,1.);
#3088 = DIRECTION('',(1.,0.));
#3089 = ( GEOMETRIC_REPRESENTATION_CONTEXT(2) 
PARAMETRIC_REPRESENTATION_CONTEXT() REPRESENTATION_CONTEXT('2D SPACE',''
  ) );
#3090 = PCURVE('',#601,#3091);
#3091 = DEFINITIONAL_REPRESENTATION('',(#3092),#3096);
#3092 = LINE('',#3093,#3094);
#3093 = CARTESIAN_POINT('',(-46.,0.));
#3094 = VECTOR('',#3095,1.);
#3095 = DIRECTION('',(1.,0.));
#3096 = ( GEOMETRIC_REPRESENTATION_CONTEXT(2) 
PARAMETRIC_REPRESENTATION_CONTEXT() REPRESENTATION_CONTEXT('2D SPACE',''
  ) );
#3097 = ORIENTED_EDGE('',*,*,#3098,.F.);
#3098 = EDGE_CURVE('',#3099,#3074,#3101,.T.);
#3099 = VERTEX_POINT('',#3100);
#3100 = CARTESIAN_POINT('',(-6.,-3.,-23.));
#3101 = SURFACE_CURVE('',#3102,(#3106,#3112),.PCURVE_S1.);
#3102 = LINE('',#3103,#3104);
#3103 = CARTESIAN_POINT('',(-17.,-3.,-23.));
#3104 = VECTOR('',#3105,1.);
#3105 = DIRECTION('',(1.,0.,0.));
#3106 = PCURVE('',#101,#3107);
#3107 = DEFINITIONAL_REPRESENTATION('',(#3108),#3111);
#3108 = B_SPLINE_CURVE_WITH_KNOTS('',1,(#3109,#3110),.UNSPECIFIED.,.F.,
  .F.,(2,2),(11.,15.),.PIECEWISE_BEZIER_KNOTS.);
#3109 = CARTESIAN_POINT('',(16.,22.));
#3110 = CARTESIAN_POINT('',(16.,26.));
#3111 = ( GEOMETRIC_REPRESENTATION_CONTEXT(2) 
PARAMETRIC_REPRESENTATION_CONTEXT() REPRESENTATION_CONTEXT('2D SPACE',''
  ) );
#3112 = PCURVE('',#2963,#3113);
#3113 = DEFINITIONAL_REPRESENTATION('',(#3114),#3117);
#3114 = B_SPLINE_CURVE_WITH_KNOTS('',1,(#3115,#3116),.UNSPECIFIED.,.F.,
  .F.,(2,2),(11.,15.),.PIECEWISE_BEZIER_KNOTS.);
#3115 = CARTESIAN_POINT('',(0.,13.));
#3116 = CARTESIAN_POINT('',(4.,13.));
#3117 = ( GEOMETRIC_REPRESENTATION_CONTEXT(2) 
PARAMETRIC_REPRESENTATION_CONTEXT() REPRESENTATION_CONTEXT('2D SPACE',''
  ) );
#3118 = ORIENTED_EDGE('',*,*,#3119,.T.);
#3119 = EDGE_CURVE('',#3099,#3029,#3120,.T.);
#3120 = SURFACE_CURVE('',#3121,(#3125,#3131),.PCURVE_S1.);
#3121 = LINE('',#3122,#3123);
#3122 = CARTESIAN_POINT('',(-6.,-3.,-47.));
#3123 = VECTOR('',#3124,1.);
#3124 = DIRECTION('',(0.,0.,-1.));
#3125 = PCURVE('',#101,#3126);
#3126 = DEFINITIONAL_REPRESENTATION('',(#3127),#3130);
#3127 = B_SPLINE_CURVE_WITH_KNOTS('',1,(#3128,#3129),.UNSPECIFIED.,.F.,
  .F.,(2,2),(-24.,-8.),.PIECEWISE_BEZIER_KNOTS.);
#3128 = CARTESIAN_POINT('',(16.,22.));
#3129 = CARTESIAN_POINT('',(0.,22.));
#3130 = ( GEOMETRIC_REPRESENTATION_CONTEXT(2) 
PARAMETRIC_REPRESENTATION_CONTEXT() REPRESENTATION_CONTEXT('2D SPACE',''
  ) );
#3131 = PCURVE('',#2989,#3132);
#3132 = DEFINITIONAL_REPRESENTATION('',(#3133),#3136);
#3133 = B_SPLINE_CURVE_WITH_KNOTS('',1,(#3134,#3135),.UNSPECIFIED.,.F.,
  .F.,(2,2),(-24.,-8.),.PIECEWISE_BEZIER_KNOTS.);
#3134 = CARTESIAN_POINT('',(32.,-13.));
#3135 = CARTESIAN_POINT('',(16.,-13.));
#3136 = ( GEOMETRIC_REPRESENTATION_CONTEXT(2) 
PARAMETRIC_REPRESENTATION_CONTEXT() REPRESENTATION_CONTEXT('2D SPACE',''
  ) );
#3137 = ORIENTED_EDGE('',*,*,#3028,.F.);
#3138 = ORIENTED_EDGE('',*,*,#85,.T.);
#3139 = ORIENTED_EDGE('',*,*,#3140,.T.);
#3140 = EDGE_CURVE('',#57,#3076,#3141,.T.);
#3141 = SURFACE_CURVE('',#3142,(#3146,#3152),.PCURVE_S1.);
#3142 = LINE('',#3143,#3144);
#3143 = CARTESIAN_POINT('',(-28.,-3.,-8.485281374239));
#3144 = VECTOR('',#3145,1.);
#3145 = DIRECTION('',(1.,0.,2.22044604925E-16));
#3146 = PCURVE('',#101,#3147);
#3147 = DEFINITIONAL_REPRESENTATION('',(#3148),#3151);
#3148 = B_SPLINE_CURVE_WITH_KNOTS('',1,(#3149,#3150),.UNSPECIFIED.,.F.,
  .F.,(2,2),(-5.999999999062E-07,26.0000006),.PIECEWISE_BEZIER_KNOTS.);
#3149 = CARTESIAN_POINT('',(30.514718625761,-5.999999963535E-07));
#3150 = CARTESIAN_POINT('',(30.514718625761,26.0000006));
#3151 = ( GEOMETRIC_REPRESENTATION_CONTEXT(2) 
PARAMETRIC_REPRESENTATION_CONTEXT() REPRESENTATION_CONTEXT('2D SPACE',''
  ) );
#3152 = PCURVE('',#73,#3153);
#3153 = DEFINITIONAL_REPRESENTATION('',(#3154),#3157);
#3154 = B_SPLINE_CURVE_WITH_KNOTS('',1,(#3155,#3156),.UNSPECIFIED.,.F.,
  .F.,(2,2),(-5.999999999062E-07,26.0000006),.PIECEWISE_BEZIER_KNOTS.);
#3155 = CARTESIAN_POINT('',(5.943348397725,-5.999999982376E-07));
#3156 = CARTESIAN_POINT('',(5.943348397725,26.0000006));
#3157 = ( GEOMETRIC_REPRESENTATION_CONTEXT(2) 
PARAMETRIC_REPRESENTATION_CONTEXT() REPRESENTATION_CONTEXT('2D SPACE',''
  ) );
#3158 = ADVANCED_FACE('',(#3159),#73,.T.);
#3159 = FACE_BOUND('',#3160,.T.);
#3160 = EDGE_LOOP('',(#3161,#3162,#3163,#3164,#3190,#3191,#3214,#3240));
#3161 = ORIENTED_EDGE('',*,*,#712,.F.);
#3162 = ORIENTED_EDGE('',*,*,#56,.T.);
#3163 = ORIENTED_EDGE('',*,*,#3140,.T.);
#3164 = ORIENTED_EDGE('',*,*,#3165,.T.);
#3165 = EDGE_CURVE('',#3076,#584,#3166,.T.);
#3166 = SURFACE_CURVE('',#3167,(#3172,#3179),.PCURVE_S1.);
#3167 = CIRCLE('',#3168,9.);
#3168 = AXIS2_PLACEMENT_3D('',#3169,#3170,#3171);
#3169 = CARTESIAN_POINT('',(-2.,0.,5.773159728051E-15));
#3170 = DIRECTION('',(-1.,-8.789529004383E-18,-1.973729821556E-16));
#3171 = DIRECTION('',(-1.973729821556E-16,8.888888888889E-02,
    0.996041548045));
#3172 = PCURVE('',#73,#3173);
#3173 = DEFINITIONAL_REPRESENTATION('',(#3174),#3178);
#3174 = LINE('',#3175,#3176);
#3175 = CARTESIAN_POINT('',(9.335771598389,26.));
#3176 = VECTOR('',#3177,1.);
#3177 = DIRECTION('',(-1.,-0.));
#3178 = ( GEOMETRIC_REPRESENTATION_CONTEXT(2) 
PARAMETRIC_REPRESENTATION_CONTEXT() REPRESENTATION_CONTEXT('2D SPACE',''
  ) );
#3179 = PCURVE('',#601,#3180);
#3180 = DEFINITIONAL_REPRESENTATION('',(#3181),#3189);
#3181 = ( BOUNDED_CURVE() B_SPLINE_CURVE(2,(#3182,#3183,#3184,#3185,
#3186,#3187,#3188),.UNSPECIFIED.,.T.,.F.) B_SPLINE_CURVE_WITH_KNOTS((1,2
    ,2,2,2,1),(-2.094395102393,0.,2.094395102393,4.188790204786,
6.28318530718,8.377580409573),.UNSPECIFIED.) CURVE() 
GEOMETRIC_REPRESENTATION_ITEM() RATIONAL_B_SPLINE_CURVE((1.,0.5,1.,0.5,
1.,0.5,1.)) REPRESENTATION_ITEM('') );
#3182 = CARTESIAN_POINT('',(1.964373932406,-3.8));
#3183 = CARTESIAN_POINT('',(0.578733286351,-19.32675110897));
#3184 = CARTESIAN_POINT('',(-12.17500728923,-10.36337555448));
#3185 = CARTESIAN_POINT('',(-24.92874786481,-1.4));
#3186 = CARTESIAN_POINT('',(-10.78936664317,5.163375554487));
#3187 = CARTESIAN_POINT('',(3.350014578461,11.726751108973));
#3188 = CARTESIAN_POINT('',(1.964373932406,-3.8));
#3189 = ( GEOMETRIC_REPRESENTATION_CONTEXT(2) 
PARAMETRIC_REPRESENTATION_CONTEXT() REPRESENTATION_CONTEXT('2D SPACE',''
  ) );
#3190 = ORIENTED_EDGE('',*,*,#613,.F.);
#3191 = ORIENTED_EDGE('',*,*,#3192,.T.);
#3192 = EDGE_CURVE('',#614,#3193,#3195,.T.);
#3193 = VERTEX_POINT('',#3194);
#3194 = CARTESIAN_POINT('',(-8.,-4.123105625618,8.));
#3195 = SURFACE_CURVE('',#3196,(#3201,#3207),.PCURVE_S1.);
#3196 = CIRCLE('',#3197,9.);
#3197 = AXIS2_PLACEMENT_3D('',#3198,#3199,#3200);
#3198 = CARTESIAN_POINT('',(-8.,0.,4.440892098501E-15));
#3199 = DIRECTION('',(1.,0.,2.22044604925E-16));
#3200 = DIRECTION('',(2.22044604925E-16,0.,-1.));
#3201 = PCURVE('',#73,#3202);
#3202 = DEFINITIONAL_REPRESENTATION('',(#3203),#3206);
#3203 = B_SPLINE_CURVE_WITH_KNOTS('',1,(#3204,#3205),.UNSPECIFIED.,.F.,
  .F.,(2,2),(3.23059901597,3.61747490325),.PIECEWISE_BEZIER_KNOTS.);
#3204 = CARTESIAN_POINT('',(3.23059901597,20.));
#3205 = CARTESIAN_POINT('',(3.61747490325,20.));
#3206 = ( GEOMETRIC_REPRESENTATION_CONTEXT(2) 
PARAMETRIC_REPRESENTATION_CONTEXT() REPRESENTATION_CONTEXT('2D SPACE',''
  ) );
#3207 = PCURVE('',#649,#3208);
#3208 = DEFINITIONAL_REPRESENTATION('',(#3209),#3213);
#3209 = CIRCLE('',#3210,9.);
#3210 = AXIS2_PLACEMENT_2D('',#3211,#3212);
#3211 = CARTESIAN_POINT('',(-8.,-6.));
#3212 = DIRECTION('',(-1.,0.));
#3213 = ( GEOMETRIC_REPRESENTATION_CONTEXT(2) 
PARAMETRIC_REPRESENTATION_CONTEXT() REPRESENTATION_CONTEXT('2D SPACE',''
  ) );
#3214 = ORIENTED_EDGE('',*,*,#3215,.F.);
#3215 = EDGE_CURVE('',#3216,#3193,#3218,.T.);
#3216 = VERTEX_POINT('',#3217);
#3217 = CARTESIAN_POINT('',(-22.,-4.123105625618,8.));
#3218 = SURFACE_CURVE('',#3219,(#3223,#3229),.PCURVE_S1.);
#3219 = LINE('',#3220,#3221);
#3220 = CARTESIAN_POINT('',(-28.,-4.123105625618,8.));
#3221 = VECTOR('',#3222,1.);
#3222 = DIRECTION('',(1.,0.,2.22044604925E-16));
#3223 = PCURVE('',#73,#3224);
#3224 = DEFINITIONAL_REPRESENTATION('',(#3225),#3228);
#3225 = B_SPLINE_CURVE_WITH_KNOTS('',1,(#3226,#3227),.UNSPECIFIED.,.F.,
  .F.,(2,2),(6.,20.),.PIECEWISE_BEZIER_KNOTS.);
#3226 = CARTESIAN_POINT('',(3.61747490325,6.));
#3227 = CARTESIAN_POINT('',(3.61747490325,20.));
#3228 = ( GEOMETRIC_REPRESENTATION_CONTEXT(2) 
PARAMETRIC_REPRESENTATION_CONTEXT() REPRESENTATION_CONTEXT('2D SPACE',''
  ) );
#3229 = PCURVE('',#3230,#3235);
#3230 = PLANE('',#3231);
#3231 = AXIS2_PLACEMENT_3D('',#3232,#3233,#3234);
#3232 = CARTESIAN_POINT('',(-22.,-6.,8.));
#3233 = DIRECTION('',(0.,0.,1.));
#3234 = DIRECTION('',(1.,0.,0.));
#3235 = DEFINITIONAL_REPRESENTATION('',(#3236),#3239);
#3236 = B_SPLINE_CURVE_WITH_KNOTS('',1,(#3237,#3238),.UNSPECIFIED.,.F.,
  .F.,(2,2),(4.6,21.4),.PIECEWISE_BEZIER_KNOTS.);
#3237 = CARTESIAN_POINT('',(-1.4,1.876894374382));
#3238 = CARTESIAN_POINT('',(15.4,1.876894374382));
#3239 = ( GEOMETRIC_REPRESENTATION_CONTEXT(2) 
PARAMETRIC_REPRESENTATION_CONTEXT() REPRESENTATION_CONTEXT('2D SPACE',''
  ) );
#3240 = ORIENTED_EDGE('',*,*,#3241,.F.);
#3241 = EDGE_CURVE('',#687,#3216,#3242,.T.);
#3242 = SURFACE_CURVE('',#3243,(#3248,#3254),.PCURVE_S1.);
#3243 = CIRCLE('',#3244,9.);
#3244 = AXIS2_PLACEMENT_3D('',#3245,#3246,#3247);
#3245 = CARTESIAN_POINT('',(-22.,0.,1.33226762955E-15));
#3246 = DIRECTION('',(1.,0.,2.22044604925E-16));
#3247 = DIRECTION('',(2.22044604925E-16,0.,-1.));
#3248 = PCURVE('',#73,#3249);
#3249 = DEFINITIONAL_REPRESENTATION('',(#3250),#3253);
#3250 = B_SPLINE_CURVE_WITH_KNOTS('',1,(#3251,#3252),.UNSPECIFIED.,.F.,
  .F.,(2,2),(3.23059901597,3.61747490325),.PIECEWISE_BEZIER_KNOTS.);
#3251 = CARTESIAN_POINT('',(3.23059901597,6.));
#3252 = CARTESIAN_POINT('',(3.61747490325,6.));
#3253 = ( GEOMETRIC_REPRESENTATION_CONTEXT(2) 
PARAMETRIC_REPRESENTATION_CONTEXT() REPRESENTATION_CONTEXT('2D SPACE',''
  ) );
#3254 = PCURVE('',#701,#3255);
#3255 = DEFINITIONAL_REPRESENTATION('',(#3256),#3260);
#3256 = CIRCLE('',#3257,9.);
#3257 = AXIS2_PLACEMENT_2D('',#3258,#3259);
#3258 = CARTESIAN_POINT('',(-8.,-6.));
#3259 = DIRECTION('',(-1.,0.));
#3260 = ( GEOMETRIC_REPRESENTATION_CONTEXT(2) 
PARAMETRIC_REPRESENTATION_CONTEXT() REPRESENTATION_CONTEXT('2D SPACE',''
  ) );
#3261 = ADVANCED_FACE('',(#3262,#3309),#601,.T.);
#3262 = FACE_BOUND('',#3263,.T.);
#3263 = EDGE_LOOP('',(#3264,#3265,#3266,#3267,#3286,#3287,#3288,#3289));
#3264 = ORIENTED_EDGE('',*,*,#583,.F.);
#3265 = ORIENTED_EDGE('',*,*,#3165,.F.);
#3266 = ORIENTED_EDGE('',*,*,#3073,.F.);
#3267 = ORIENTED_EDGE('',*,*,#3268,.F.);
#3268 = EDGE_CURVE('',#2926,#3074,#3269,.T.);
#3269 = SURFACE_CURVE('',#3270,(#3274,#3280),.PCURVE_S1.);
#3270 = LINE('',#3271,#3272);
#3271 = CARTESIAN_POINT('',(-2.,-9.5,-23.));
#3272 = VECTOR('',#3273,1.);
#3273 = DIRECTION('',(0.,-1.,0.));
#3274 = PCURVE('',#601,#3275);
#3275 = DEFINITIONAL_REPRESENTATION('',(#3276),#3279);
#3276 = B_SPLINE_CURVE_WITH_KNOTS('',1,(#3277,#3278),.UNSPECIFIED.,.F.,
  .F.,(2,2),(-18.5,-0.5),.PIECEWISE_BEZIER_KNOTS.);
#3277 = CARTESIAN_POINT('',(-30.,-12.));
#3278 = CARTESIAN_POINT('',(-30.,6.));
#3279 = ( GEOMETRIC_REPRESENTATION_CONTEXT(2) 
PARAMETRIC_REPRESENTATION_CONTEXT() REPRESENTATION_CONTEXT('2D SPACE',''
  ) );
#3280 = PCURVE('',#2963,#3281);
#3281 = DEFINITIONAL_REPRESENTATION('',(#3282),#3285);
#3282 = B_SPLINE_CURVE_WITH_KNOTS('',1,(#3283,#3284),.UNSPECIFIED.,.F.,
  .F.,(2,2),(-18.5,-0.5),.PIECEWISE_BEZIER_KNOTS.);
#3283 = CARTESIAN_POINT('',(4.,25.));
#3284 = CARTESIAN_POINT('',(4.,7.));
#3285 = ( GEOMETRIC_REPRESENTATION_CONTEXT(2) 
PARAMETRIC_REPRESENTATION_CONTEXT() REPRESENTATION_CONTEXT('2D SPACE',''
  ) );
#3286 = ORIENTED_EDGE('',*,*,#2925,.T.);
#3287 = ORIENTED_EDGE('',*,*,#1430,.F.);
#3288 = ORIENTED_EDGE('',*,*,#855,.T.);
#3289 = ORIENTED_EDGE('',*,*,#3290,.T.);
#3290 = EDGE_CURVE('',#858,#586,#3291,.T.);
#3291 = SURFACE_CURVE('',#3292,(#3296,#3303),.PCURVE_S1.);
#3292 = LINE('',#3293,#3294);
#3293 = CARTESIAN_POINT('',(-2.,-9.5,20.));
#3294 = VECTOR('',#3295,1.);
#3295 = DIRECTION('',(0.,-1.,0.));
#3296 = PCURVE('',#601,#3297);
#3297 = DEFINITIONAL_REPRESENTATION('',(#3298),#3302);
#3298 = LINE('',#3299,#3300);
#3299 = CARTESIAN_POINT('',(13.,6.5));
#3300 = VECTOR('',#3301,1.);
#3301 = DIRECTION('',(0.,1.));
#3302 = ( GEOMETRIC_REPRESENTATION_CONTEXT(2) 
PARAMETRIC_REPRESENTATION_CONTEXT() REPRESENTATION_CONTEXT('2D SPACE',''
  ) );
#3303 = PCURVE('',#794,#3304);
#3304 = DEFINITIONAL_REPRESENTATION('',(#3305),#3308);
#3305 = B_SPLINE_CURVE_WITH_KNOTS('',1,(#3306,#3307),.UNSPECIFIED.,.F.,
  .F.,(2,2),(-18.5,-0.5),.PIECEWISE_BEZIER_KNOTS.);
#3306 = CARTESIAN_POINT('',(4.,25.));
#3307 = CARTESIAN_POINT('',(4.,7.));
#3308 = ( GEOMETRIC_REPRESENTATION_CONTEXT(2) 
PARAMETRIC_REPRESENTATION_CONTEXT() REPRESENTATION_CONTEXT('2D SPACE',''
  ) );
#3309 = FACE_BOUND('',#3310,.T.);
#3310 = EDGE_LOOP('',(#3311,#3312,#3313,#3339));
#3311 = ORIENTED_EDGE('',*,*,#1670,.T.);
#3312 = ORIENTED_EDGE('',*,*,#1625,.F.);
#3313 = ORIENTED_EDGE('',*,*,#3314,.T.);
#3314 = EDGE_CURVE('',#1558,#1698,#3315,.T.);
#3315 = SURFACE_CURVE('',#3316,(#3321,#3332),.PCURVE_S1.);
#3316 = CIRCLE('',#3317,4.);
#3317 = AXIS2_PLACEMENT_3D('',#3318,#3319,#3320);
#3318 = CARTESIAN_POINT('',(-2.,0.,5.995204332976E-15));
#3319 = DIRECTION('',(-1.,-2.243106021674E-17,-2.22044604925E-16));
#3320 = DIRECTION('',(-2.22044604925E-16,0.2,0.979795897113));
#3321 = PCURVE('',#601,#3322);
#3322 = DEFINITIONAL_REPRESENTATION('',(#3323),#3331);
#3323 = ( BOUNDED_CURVE() B_SPLINE_CURVE(2,(#3324,#3325,#3326,#3327,
#3328,#3329,#3330),.UNSPECIFIED.,.T.,.F.) B_SPLINE_CURVE_WITH_KNOTS((1,2
    ,2,2,2,1),(-2.094395102393,0.,2.094395102393,4.188790204786,
6.28318530718,8.377580409573),.UNSPECIFIED.) CURVE() 
GEOMETRIC_REPRESENTATION_ITEM() RATIONAL_B_SPLINE_CURVE((1.,0.5,1.,0.5,
1.,0.5,1.)) REPRESENTATION_ITEM('') );
#3324 = CARTESIAN_POINT('',(-3.080816411547,-3.8));
#3325 = CARTESIAN_POINT('',(-4.466457057602,-10.58822509939));
#3326 = CARTESIAN_POINT('',(-9.652412117254,-5.994112549695));
#3327 = CARTESIAN_POINT('',(-14.8383671769,-1.4));
#3328 = CARTESIAN_POINT('',(-8.266771471199,0.794112549695));
#3329 = CARTESIAN_POINT('',(-1.695175765492,2.988225099391));
#3330 = CARTESIAN_POINT('',(-3.080816411547,-3.8));
#3331 = ( GEOMETRIC_REPRESENTATION_CONTEXT(2) 
PARAMETRIC_REPRESENTATION_CONTEXT() REPRESENTATION_CONTEXT('2D SPACE',''
  ) );
#3332 = PCURVE('',#1572,#3333);
#3333 = DEFINITIONAL_REPRESENTATION('',(#3334),#3338);
#3334 = LINE('',#3335,#3336);
#3335 = CARTESIAN_POINT('',(9.223420039979,27.));
#3336 = VECTOR('',#3337,1.);
#3337 = DIRECTION('',(-1.,-0.));
#3338 = ( GEOMETRIC_REPRESENTATION_CONTEXT(2) 
PARAMETRIC_REPRESENTATION_CONTEXT() REPRESENTATION_CONTEXT('2D SPACE',''
  ) );
#3339 = ORIENTED_EDGE('',*,*,#1740,.T.);
#3340 = ADVANCED_FACE('',(#3341),#794,.F.);
#3341 = FACE_BOUND('',#3342,.F.);
#3342 = EDGE_LOOP('',(#3343,#3366,#3394,#3422,#3450,#3471,#3472,#3473));
#3343 = ORIENTED_EDGE('',*,*,#3344,.F.);
#3344 = EDGE_CURVE('',#3345,#756,#3347,.T.);
#3345 = VERTEX_POINT('',#3346);
#3346 = CARTESIAN_POINT('',(-6.,-16.,20.));
#3347 = SURFACE_CURVE('',#3348,(#3352,#3359),.PCURVE_S1.);
#3348 = LINE('',#3349,#3350);
#3349 = CARTESIAN_POINT('',(-6.,-16.,20.));
#3350 = VECTOR('',#3351,1.);
#3351 = DIRECTION('',(0.,1.,0.));
#3352 = PCURVE('',#794,#3353);
#3353 = DEFINITIONAL_REPRESENTATION('',(#3354),#3358);
#3354 = LINE('',#3355,#3356);
#3355 = CARTESIAN_POINT('',(0.,0.));
#3356 = VECTOR('',#3357,1.);
#3357 = DIRECTION('',(0.,1.));
#3358 = ( GEOMETRIC_REPRESENTATION_CONTEXT(2) 
PARAMETRIC_REPRESENTATION_CONTEXT() REPRESENTATION_CONTEXT('2D SPACE',''
  ) );
#3359 = PCURVE('',#770,#3360);
#3360 = DEFINITIONAL_REPRESENTATION('',(#3361),#3365);
#3361 = LINE('',#3362,#3363);
#3362 = CARTESIAN_POINT('',(0.,0.));
#3363 = VECTOR('',#3364,1.);
#3364 = DIRECTION('',(0.,-1.));
#3365 = ( GEOMETRIC_REPRESENTATION_CONTEXT(2) 
PARAMETRIC_REPRESENTATION_CONTEXT() REPRESENTATION_CONTEXT('2D SPACE',''
  ) );
#3366 = ORIENTED_EDGE('',*,*,#3367,.T.);
#3367 = EDGE_CURVE('',#3345,#3368,#3370,.T.);
#3368 = VERTEX_POINT('',#3369);
#3369 = CARTESIAN_POINT('',(0.,-16.,20.));
#3370 = SURFACE_CURVE('',#3371,(#3375,#3382),.PCURVE_S1.);
#3371 = LINE('',#3372,#3373);
#3372 = CARTESIAN_POINT('',(-6.,-16.,20.));
#3373 = VECTOR('',#3374,1.);
#3374 = DIRECTION('',(1.,0.,0.));
#3375 = PCURVE('',#794,#3376);
#3376 = DEFINITIONAL_REPRESENTATION('',(#3377),#3381);
#3377 = LINE('',#3378,#3379);
#3378 = CARTESIAN_POINT('',(0.,0.));
#3379 = VECTOR('',#3380,1.);
#3380 = DIRECTION('',(1.,0.));
#3381 = ( GEOMETRIC_REPRESENTATION_CONTEXT(2) 
PARAMETRIC_REPRESENTATION_CONTEXT() REPRESENTATION_CONTEXT('2D SPACE',''
  ) );
#3382 = PCURVE('',#3383,#3388);
#3383 = PLANE('',#3384);
#3384 = AXIS2_PLACEMENT_3D('',#3385,#3386,#3387);
#3385 = CARTESIAN_POINT('',(-6.,-16.,20.));
#3386 = DIRECTION('',(0.,1.,0.));
#3387 = DIRECTION('',(0.,0.,1.));
#3388 = DEFINITIONAL_REPRESENTATION('',(#3389),#3393);
#3389 = LINE('',#3390,#3391);
#3390 = CARTESIAN_POINT('',(0.,0.));
#3391 = VECTOR('',#3392,1.);
#3392 = DIRECTION('',(0.,1.));
#3393 = ( GEOMETRIC_REPRESENTATION_CONTEXT(2) 
PARAMETRIC_REPRESENTATION_CONTEXT() REPRESENTATION_CONTEXT('2D SPACE',''
  ) );
#3394 = ORIENTED_EDGE('',*,*,#3395,.T.);
#3395 = EDGE_CURVE('',#3368,#3396,#3398,.T.);
#3396 = VERTEX_POINT('',#3397);
#3397 = CARTESIAN_POINT('',(0.,16.,20.));
#3398 = SURFACE_CURVE('',#3399,(#3403,#3410),.PCURVE_S1.);
#3399 = LINE('',#3400,#3401);
#3400 = CARTESIAN_POINT('',(0.,-16.,20.));
#3401 = VECTOR('',#3402,1.);
#3402 = DIRECTION('',(0.,1.,0.));
#3403 = PCURVE('',#794,#3404);
#3404 = DEFINITIONAL_REPRESENTATION('',(#3405),#3409);
#3405 = LINE('',#3406,#3407);
#3406 = CARTESIAN_POINT('',(6.,0.));
#3407 = VECTOR('',#3408,1.);
#3408 = DIRECTION('',(0.,1.));
#3409 = ( GEOMETRIC_REPRESENTATION_CONTEXT(2) 
PARAMETRIC_REPRESENTATION_CONTEXT() REPRESENTATION_CONTEXT('2D SPACE',''
  ) );
#3410 = PCURVE('',#3411,#3416);
#3411 = PLANE('',#3412);
#3412 = AXIS2_PLACEMENT_3D('',#3413,#3414,#3415);
#3413 = CARTESIAN_POINT('',(0.,-16.,20.));
#3414 = DIRECTION('',(1.,0.,0.));
#3415 = DIRECTION('',(0.,0.,1.));
#3416 = DEFINITIONAL_REPRESENTATION('',(#3417),#3421);
#3417 = LINE('',#3418,#3419);
#3418 = CARTESIAN_POINT('',(0.,0.));
#3419 = VECTOR('',#3420,1.);
#3420 = DIRECTION('',(0.,-1.));
#3421 = ( GEOMETRIC_REPRESENTATION_CONTEXT(2) 
PARAMETRIC_REPRESENTATION_CONTEXT() REPRESENTATION_CONTEXT('2D SPACE',''
  ) );
#3422 = ORIENTED_EDGE('',*,*,#3423,.F.);
#3423 = EDGE_CURVE('',#3424,#3396,#3426,.T.);
#3424 = VERTEX_POINT('',#3425);
#3425 = CARTESIAN_POINT('',(-6.,16.,20.));
#3426 = SURFACE_CURVE('',#3427,(#3431,#3438),.PCURVE_S1.);
#3427 = LINE('',#3428,#3429);
#3428 = CARTESIAN_POINT('',(-6.,16.,20.));
#3429 = VECTOR('',#3430,1.);
#3430 = DIRECTION('',(1.,0.,0.));
#3431 = PCURVE('',#794,#3432);
#3432 = DEFINITIONAL_REPRESENTATION('',(#3433),#3437);
#3433 = LINE('',#3434,#3435);
#3434 = CARTESIAN_POINT('',(0.,32.));
#3435 = VECTOR('',#3436,1.);
#3436 = DIRECTION('',(1.,0.));
#3437 = ( GEOMETRIC_REPRESENTATION_CONTEXT(2) 
PARAMETRIC_REPRESENTATION_CONTEXT() REPRESENTATION_CONTEXT('2D SPACE',''
  ) );
#3438 = PCURVE('',#3439,#3444);
#3439 = PLANE('',#3440);
#3440 = AXIS2_PLACEMENT_3D('',#3441,#3442,#3443);
#3441 = CARTESIAN_POINT('',(-6.,16.,20.));
#3442 = DIRECTION('',(0.,1.,0.));
#3443 = DIRECTION('',(0.,0.,1.));
#3444 = DEFINITIONAL_REPRESENTATION('',(#3445),#3449);
#3445 = LINE('',#3446,#3447);
#3446 = CARTESIAN_POINT('',(0.,0.));
#3447 = VECTOR('',#3448,1.);
#3448 = DIRECTION('',(0.,1.));
#3449 = ( GEOMETRIC_REPRESENTATION_CONTEXT(2) 
PARAMETRIC_REPRESENTATION_CONTEXT() REPRESENTATION_CONTEXT('2D SPACE',''
  ) );
#3450 = ORIENTED_EDGE('',*,*,#3451,.F.);
#3451 = EDGE_CURVE('',#1001,#3424,#3452,.T.);
#3452 = SURFACE_CURVE('',#3453,(#3457,#3464),.PCURVE_S1.);
#3453 = LINE('',#3454,#3455);
#3454 = CARTESIAN_POINT('',(-6.,-16.,20.));
#3455 = VECTOR('',#3456,1.);
#3456 = DIRECTION('',(0.,1.,0.));
#3457 = PCURVE('',#794,#3458);
#3458 = DEFINITIONAL_REPRESENTATION('',(#3459),#3463);
#3459 = LINE('',#3460,#3461);
#3460 = CARTESIAN_POINT('',(0.,0.));
#3461 = VECTOR('',#3462,1.);
#3462 = DIRECTION('',(0.,1.));
#3463 = ( GEOMETRIC_REPRESENTATION_CONTEXT(2) 
PARAMETRIC_REPRESENTATION_CONTEXT() REPRESENTATION_CONTEXT('2D SPACE',''
  ) );
#3464 = PCURVE('',#770,#3465);
#3465 = DEFINITIONAL_REPRESENTATION('',(#3466),#3470);
#3466 = LINE('',#3467,#3468);
#3467 = CARTESIAN_POINT('',(0.,0.));
#3468 = VECTOR('',#3469,1.);
#3469 = DIRECTION('',(0.,-1.));
#3470 = ( GEOMETRIC_REPRESENTATION_CONTEXT(2) 
PARAMETRIC_REPRESENTATION_CONTEXT() REPRESENTATION_CONTEXT('2D SPACE',''
  ) );
#3471 = ORIENTED_EDGE('',*,*,#1021,.T.);
#3472 = ORIENTED_EDGE('',*,*,#3290,.T.);
#3473 = ORIENTED_EDGE('',*,*,#781,.F.);
#3474 = ADVANCED_FACE('',(#3475),#770,.F.);
#3475 = FACE_BOUND('',#3476,.F.);
#3476 = EDGE_LOOP('',(#3477,#3507,#3528,#3529,#3530,#3531,#3532,#3533));
#3477 = ORIENTED_EDGE('',*,*,#3478,.F.);
#3478 = EDGE_CURVE('',#3479,#3481,#3483,.T.);
#3479 = VERTEX_POINT('',#3480);
#3480 = CARTESIAN_POINT('',(-6.,-16.,52.));
#3481 = VERTEX_POINT('',#3482);
#3482 = CARTESIAN_POINT('',(-6.,16.,52.));
#3483 = SURFACE_CURVE('',#3484,(#3488,#3495),.PCURVE_S1.);
#3484 = LINE('',#3485,#3486);
#3485 = CARTESIAN_POINT('',(-6.,-16.,52.));
#3486 = VECTOR('',#3487,1.);
#3487 = DIRECTION('',(0.,1.,0.));
#3488 = PCURVE('',#770,#3489);
#3489 = DEFINITIONAL_REPRESENTATION('',(#3490),#3494);
#3490 = LINE('',#3491,#3492);
#3491 = CARTESIAN_POINT('',(32.,0.));
#3492 = VECTOR('',#3493,1.);
#3493 = DIRECTION('',(0.,-1.));
#3494 = ( GEOMETRIC_REPRESENTATION_CONTEXT(2) 
PARAMETRIC_REPRESENTATION_CONTEXT() REPRESENTATION_CONTEXT('2D SPACE',''
  ) );
#3495 = PCURVE('',#3496,#3501);
#3496 = PLANE('',#3497);
#3497 = AXIS2_PLACEMENT_3D('',#3498,#3499,#3500);
#3498 = CARTESIAN_POINT('',(-6.,-16.,52.));
#3499 = DIRECTION('',(0.,0.,1.));
#3500 = DIRECTION('',(1.,0.,0.));
#3501 = DEFINITIONAL_REPRESENTATION('',(#3502),#3506);
#3502 = LINE('',#3503,#3504);
#3503 = CARTESIAN_POINT('',(0.,0.));
#3504 = VECTOR('',#3505,1.);
#3505 = DIRECTION('',(0.,1.));
#3506 = ( GEOMETRIC_REPRESENTATION_CONTEXT(2) 
PARAMETRIC_REPRESENTATION_CONTEXT() REPRESENTATION_CONTEXT('2D SPACE',''
  ) );
#3507 = ORIENTED_EDGE('',*,*,#3508,.F.);
#3508 = EDGE_CURVE('',#3345,#3479,#3509,.T.);
#3509 = SURFACE_CURVE('',#3510,(#3514,#3521),.PCURVE_S1.);
#3510 = LINE('',#3511,#3512);
#3511 = CARTESIAN_POINT('',(-6.,-16.,20.));
#3512 = VECTOR('',#3513,1.);
#3513 = DIRECTION('',(0.,0.,1.));
#3514 = PCURVE('',#770,#3515);
#3515 = DEFINITIONAL_REPRESENTATION('',(#3516),#3520);
#3516 = LINE('',#3517,#3518);
#3517 = CARTESIAN_POINT('',(0.,0.));
#3518 = VECTOR('',#3519,1.);
#3519 = DIRECTION('',(1.,0.));
#3520 = ( GEOMETRIC_REPRESENTATION_CONTEXT(2) 
PARAMETRIC_REPRESENTATION_CONTEXT() REPRESENTATION_CONTEXT('2D SPACE',''
  ) );
#3521 = PCURVE('',#3383,#3522);
#3522 = DEFINITIONAL_REPRESENTATION('',(#3523),#3527);
#3523 = LINE('',#3524,#3525);
#3524 = CARTESIAN_POINT('',(0.,0.));
#3525 = VECTOR('',#3526,1.);
#3526 = DIRECTION('',(1.,0.));
#3527 = ( GEOMETRIC_REPRESENTATION_CONTEXT(2) 
PARAMETRIC_REPRESENTATION_CONTEXT() REPRESENTATION_CONTEXT('2D SPACE',''
  ) );
#3528 = ORIENTED_EDGE('',*,*,#3344,.T.);
#3529 = ORIENTED_EDGE('',*,*,#755,.F.);
#3530 = ORIENTED_EDGE('',*,*,#833,.T.);
#3531 = ORIENTED_EDGE('',*,*,#1000,.T.);
#3532 = ORIENTED_EDGE('',*,*,#3451,.T.);
#3533 = ORIENTED_EDGE('',*,*,#3534,.T.);
#3534 = EDGE_CURVE('',#3424,#3481,#3535,.T.);
#3535 = SURFACE_CURVE('',#3536,(#3540,#3547),.PCURVE_S1.);
#3536 = LINE('',#3537,#3538);
#3537 = CARTESIAN_POINT('',(-6.,16.,20.));
#3538 = VECTOR('',#3539,1.);
#3539 = DIRECTION('',(0.,0.,1.));
#3540 = PCURVE('',#770,#3541);
#3541 = DEFINITIONAL_REPRESENTATION('',(#3542),#3546);
#3542 = LINE('',#3543,#3544);
#3543 = CARTESIAN_POINT('',(0.,-32.));
#3544 = VECTOR('',#3545,1.);
#3545 = DIRECTION('',(1.,0.));
#3546 = ( GEOMETRIC_REPRESENTATION_CONTEXT(2) 
PARAMETRIC_REPRESENTATION_CONTEXT() REPRESENTATION_CONTEXT('2D SPACE',''
  ) );
#3547 = PCURVE('',#3439,#3548);
#3548 = DEFINITIONAL_REPRESENTATION('',(#3549),#3553);
#3549 = LINE('',#3550,#3551);
#3550 = CARTESIAN_POINT('',(0.,0.));
#3551 = VECTOR('',#3552,1.);
#3552 = DIRECTION('',(1.,0.));
#3553 = ( GEOMETRIC_REPRESENTATION_CONTEXT(2) 
PARAMETRIC_REPRESENTATION_CONTEXT() REPRESENTATION_CONTEXT('2D SPACE',''
  ) );
#3554 = ADVANCED_FACE('',(#3555),#701,.F.);
#3555 = FACE_BOUND('',#3556,.F.);
#3556 = EDGE_LOOP('',(#3557,#3580,#3608,#3629,#3630));
#3557 = ORIENTED_EDGE('',*,*,#3558,.F.);
#3558 = EDGE_CURVE('',#3559,#661,#3561,.T.);
#3559 = VERTEX_POINT('',#3560);
#3560 = CARTESIAN_POINT('',(-22.,-6.,16.));
#3561 = SURFACE_CURVE('',#3562,(#3566,#3573),.PCURVE_S1.);
#3562 = LINE('',#3563,#3564);
#3563 = CARTESIAN_POINT('',(-22.,-6.,16.));
#3564 = VECTOR('',#3565,1.);
#3565 = DIRECTION('',(0.,1.,0.));
#3566 = PCURVE('',#701,#3567);
#3567 = DEFINITIONAL_REPRESENTATION('',(#3568),#3572);
#3568 = LINE('',#3569,#3570);
#3569 = CARTESIAN_POINT('',(8.,0.));
#3570 = VECTOR('',#3571,1.);
#3571 = DIRECTION('',(0.,-1.));
#3572 = ( GEOMETRIC_REPRESENTATION_CONTEXT(2) 
PARAMETRIC_REPRESENTATION_CONTEXT() REPRESENTATION_CONTEXT('2D SPACE',''
  ) );
#3573 = PCURVE('',#675,#3574);
#3574 = DEFINITIONAL_REPRESENTATION('',(#3575),#3579);
#3575 = LINE('',#3576,#3577);
#3576 = CARTESIAN_POINT('',(0.,0.));
#3577 = VECTOR('',#3578,1.);
#3578 = DIRECTION('',(0.,1.));
#3579 = ( GEOMETRIC_REPRESENTATION_CONTEXT(2) 
PARAMETRIC_REPRESENTATION_CONTEXT() REPRESENTATION_CONTEXT('2D SPACE',''
  ) );
#3580 = ORIENTED_EDGE('',*,*,#3581,.F.);
#3581 = EDGE_CURVE('',#3582,#3559,#3584,.T.);
#3582 = VERTEX_POINT('',#3583);
#3583 = CARTESIAN_POINT('',(-22.,-6.,8.));
#3584 = SURFACE_CURVE('',#3585,(#3589,#3596),.PCURVE_S1.);
#3585 = LINE('',#3586,#3587);
#3586 = CARTESIAN_POINT('',(-22.,-6.,8.));
#3587 = VECTOR('',#3588,1.);
#3588 = DIRECTION('',(0.,0.,1.));
#3589 = PCURVE('',#701,#3590);
#3590 = DEFINITIONAL_REPRESENTATION('',(#3591),#3595);
#3591 = LINE('',#3592,#3593);
#3592 = CARTESIAN_POINT('',(0.,0.));
#3593 = VECTOR('',#3594,1.);
#3594 = DIRECTION('',(1.,0.));
#3595 = ( GEOMETRIC_REPRESENTATION_CONTEXT(2) 
PARAMETRIC_REPRESENTATION_CONTEXT() REPRESENTATION_CONTEXT('2D SPACE',''
  ) );
#3596 = PCURVE('',#3597,#3602);
#3597 = PLANE('',#3598);
#3598 = AXIS2_PLACEMENT_3D('',#3599,#3600,#3601);
#3599 = CARTESIAN_POINT('',(-22.,-6.,8.));
#3600 = DIRECTION('',(0.,1.,0.));
#3601 = DIRECTION('',(0.,0.,1.));
#3602 = DEFINITIONAL_REPRESENTATION('',(#3603),#3607);
#3603 = LINE('',#3604,#3605);
#3604 = CARTESIAN_POINT('',(0.,0.));
#3605 = VECTOR('',#3606,1.);
#3606 = DIRECTION('',(1.,0.));
#3607 = ( GEOMETRIC_REPRESENTATION_CONTEXT(2) 
PARAMETRIC_REPRESENTATION_CONTEXT() REPRESENTATION_CONTEXT('2D SPACE',''
  ) );
#3608 = ORIENTED_EDGE('',*,*,#3609,.T.);
#3609 = EDGE_CURVE('',#3582,#3216,#3610,.T.);
#3610 = SURFACE_CURVE('',#3611,(#3615,#3622),.PCURVE_S1.);
#3611 = LINE('',#3612,#3613);
#3612 = CARTESIAN_POINT('',(-22.,-6.,8.));
#3613 = VECTOR('',#3614,1.);
#3614 = DIRECTION('',(0.,1.,0.));
#3615 = PCURVE('',#701,#3616);
#3616 = DEFINITIONAL_REPRESENTATION('',(#3617),#3621);
#3617 = LINE('',#3618,#3619);
#3618 = CARTESIAN_POINT('',(0.,0.));
#3619 = VECTOR('',#3620,1.);
#3620 = DIRECTION('',(0.,-1.));
#3621 = ( GEOMETRIC_REPRESENTATION_CONTEXT(2) 
PARAMETRIC_REPRESENTATION_CONTEXT() REPRESENTATION_CONTEXT('2D SPACE',''
  ) );
#3622 = PCURVE('',#3230,#3623);
#3623 = DEFINITIONAL_REPRESENTATION('',(#3624),#3628);
#3624 = LINE('',#3625,#3626);
#3625 = CARTESIAN_POINT('',(0.,0.));
#3626 = VECTOR('',#3627,1.);
#3627 = DIRECTION('',(0.,1.));
#3628 = ( GEOMETRIC_REPRESENTATION_CONTEXT(2) 
PARAMETRIC_REPRESENTATION_CONTEXT() REPRESENTATION_CONTEXT('2D SPACE',''
  ) );
#3629 = ORIENTED_EDGE('',*,*,#3241,.F.);
#3630 = ORIENTED_EDGE('',*,*,#686,.T.);
#3631 = ADVANCED_FACE('',(#3632),#675,.T.);
#3632 = FACE_BOUND('',#3633,.T.);
#3633 = EDGE_LOOP('',(#3634,#3635,#3658,#3679));
#3634 = ORIENTED_EDGE('',*,*,#3558,.F.);
#3635 = ORIENTED_EDGE('',*,*,#3636,.T.);
#3636 = EDGE_CURVE('',#3559,#3637,#3639,.T.);
#3637 = VERTEX_POINT('',#3638);
#3638 = CARTESIAN_POINT('',(-8.,-6.,16.));
#3639 = SURFACE_CURVE('',#3640,(#3644,#3651),.PCURVE_S1.);
#3640 = LINE('',#3641,#3642);
#3641 = CARTESIAN_POINT('',(-22.,-6.,16.));
#3642 = VECTOR('',#3643,1.);
#3643 = DIRECTION('',(1.,0.,0.));
#3644 = PCURVE('',#675,#3645);
#3645 = DEFINITIONAL_REPRESENTATION('',(#3646),#3650);
#3646 = LINE('',#3647,#3648);
#3647 = CARTESIAN_POINT('',(0.,0.));
#3648 = VECTOR('',#3649,1.);
#3649 = DIRECTION('',(1.,0.));
#3650 = ( GEOMETRIC_REPRESENTATION_CONTEXT(2) 
PARAMETRIC_REPRESENTATION_CONTEXT() REPRESENTATION_CONTEXT('2D SPACE',''
  ) );
#3651 = PCURVE('',#3597,#3652);
#3652 = DEFINITIONAL_REPRESENTATION('',(#3653),#3657);
#3653 = LINE('',#3654,#3655);
#3654 = CARTESIAN_POINT('',(8.,0.));
#3655 = VECTOR('',#3656,1.);
#3656 = DIRECTION('',(0.,1.));
#3657 = ( GEOMETRIC_REPRESENTATION_CONTEXT(2) 
PARAMETRIC_REPRESENTATION_CONTEXT() REPRESENTATION_CONTEXT('2D SPACE',''
  ) );
#3658 = ORIENTED_EDGE('',*,*,#3659,.T.);
#3659 = EDGE_CURVE('',#3637,#635,#3660,.T.);
#3660 = SURFACE_CURVE('',#3661,(#3665,#3672),.PCURVE_S1.);
#3661 = LINE('',#3662,#3663);
#3662 = CARTESIAN_POINT('',(-8.,-6.,16.));
#3663 = VECTOR('',#3664,1.);
#3664 = DIRECTION('',(0.,1.,0.));
#3665 = PCURVE('',#675,#3666);
#3666 = DEFINITIONAL_REPRESENTATION('',(#3667),#3671);
#3667 = LINE('',#3668,#3669);
#3668 = CARTESIAN_POINT('',(14.,0.));
#3669 = VECTOR('',#3670,1.);
#3670 = DIRECTION('',(0.,1.));
#3671 = ( GEOMETRIC_REPRESENTATION_CONTEXT(2) 
PARAMETRIC_REPRESENTATION_CONTEXT() REPRESENTATION_CONTEXT('2D SPACE',''
  ) );
#3672 = PCURVE('',#649,#3673);
#3673 = DEFINITIONAL_REPRESENTATION('',(#3674),#3678);
#3674 = LINE('',#3675,#3676);
#3675 = CARTESIAN_POINT('',(8.,0.));
#3676 = VECTOR('',#3677,1.);
#3677 = DIRECTION('',(0.,-1.));
#3678 = ( GEOMETRIC_REPRESENTATION_CONTEXT(2) 
PARAMETRIC_REPRESENTATION_CONTEXT() REPRESENTATION_CONTEXT('2D SPACE',''
  ) );
#3679 = ORIENTED_EDGE('',*,*,#660,.T.);
#3680 = ADVANCED_FACE('',(#3681),#649,.T.);
#3681 = FACE_BOUND('',#3682,.T.);
#3682 = EDGE_LOOP('',(#3683,#3684,#3707,#3728,#3729));
#3683 = ORIENTED_EDGE('',*,*,#3659,.F.);
#3684 = ORIENTED_EDGE('',*,*,#3685,.F.);
#3685 = EDGE_CURVE('',#3686,#3637,#3688,.T.);
#3686 = VERTEX_POINT('',#3687);
#3687 = CARTESIAN_POINT('',(-8.,-6.,8.));
#3688 = SURFACE_CURVE('',#3689,(#3693,#3700),.PCURVE_S1.);
#3689 = LINE('',#3690,#3691);
#3690 = CARTESIAN_POINT('',(-8.,-6.,8.));
#3691 = VECTOR('',#3692,1.);
#3692 = DIRECTION('',(0.,0.,1.));
#3693 = PCURVE('',#649,#3694);
#3694 = DEFINITIONAL_REPRESENTATION('',(#3695),#3699);
#3695 = LINE('',#3696,#3697);
#3696 = CARTESIAN_POINT('',(0.,0.));
#3697 = VECTOR('',#3698,1.);
#3698 = DIRECTION('',(1.,0.));
#3699 = ( GEOMETRIC_REPRESENTATION_CONTEXT(2) 
PARAMETRIC_REPRESENTATION_CONTEXT() REPRESENTATION_CONTEXT('2D SPACE',''
  ) );
#3700 = PCURVE('',#3597,#3701);
#3701 = DEFINITIONAL_REPRESENTATION('',(#3702),#3706);
#3702 = LINE('',#3703,#3704);
#3703 = CARTESIAN_POINT('',(0.,14.));
#3704 = VECTOR('',#3705,1.);
#3705 = DIRECTION('',(1.,0.));
#3706 = ( GEOMETRIC_REPRESENTATION_CONTEXT(2) 
PARAMETRIC_REPRESENTATION_CONTEXT() REPRESENTATION_CONTEXT('2D SPACE',''
  ) );
#3707 = ORIENTED_EDGE('',*,*,#3708,.T.);
#3708 = EDGE_CURVE('',#3686,#3193,#3709,.T.);
#3709 = SURFACE_CURVE('',#3710,(#3714,#3721),.PCURVE_S1.);
#3710 = LINE('',#3711,#3712);
#3711 = CARTESIAN_POINT('',(-8.,-6.,8.));
#3712 = VECTOR('',#3713,1.);
#3713 = DIRECTION('',(0.,1.,0.));
#3714 = PCURVE('',#649,#3715);
#3715 = DEFINITIONAL_REPRESENTATION('',(#3716),#3720);
#3716 = LINE('',#3717,#3718);
#3717 = CARTESIAN_POINT('',(0.,0.));
#3718 = VECTOR('',#3719,1.);
#3719 = DIRECTION('',(0.,-1.));
#3720 = ( GEOMETRIC_REPRESENTATION_CONTEXT(2) 
PARAMETRIC_REPRESENTATION_CONTEXT() REPRESENTATION_CONTEXT('2D SPACE',''
  ) );
#3721 = PCURVE('',#3230,#3722);
#3722 = DEFINITIONAL_REPRESENTATION('',(#3723),#3727);
#3723 = LINE('',#3724,#3725);
#3724 = CARTESIAN_POINT('',(14.,0.));
#3725 = VECTOR('',#3726,1.);
#3726 = DIRECTION('',(0.,1.));
#3727 = ( GEOMETRIC_REPRESENTATION_CONTEXT(2) 
PARAMETRIC_REPRESENTATION_CONTEXT() REPRESENTATION_CONTEXT('2D SPACE',''
  ) );
#3728 = ORIENTED_EDGE('',*,*,#3192,.F.);
#3729 = ORIENTED_EDGE('',*,*,#634,.T.);
#3730 = ADVANCED_FACE('',(#3731),#968,.F.);
#3731 = FACE_BOUND('',#3732,.F.);
#3732 = EDGE_LOOP('',(#3733,#3756,#3757,#3758,#3781));
#3733 = ORIENTED_EDGE('',*,*,#3734,.F.);
#3734 = EDGE_CURVE('',#928,#3735,#3737,.T.);
#3735 = VERTEX_POINT('',#3736);
#3736 = CARTESIAN_POINT('',(-22.,6.,16.));
#3737 = SURFACE_CURVE('',#3738,(#3742,#3749),.PCURVE_S1.);
#3738 = LINE('',#3739,#3740);
#3739 = CARTESIAN_POINT('',(-22.,-6.,16.));
#3740 = VECTOR('',#3741,1.);
#3741 = DIRECTION('',(0.,1.,0.));
#3742 = PCURVE('',#968,#3743);
#3743 = DEFINITIONAL_REPRESENTATION('',(#3744),#3748);
#3744 = LINE('',#3745,#3746);
#3745 = CARTESIAN_POINT('',(8.,0.));
#3746 = VECTOR('',#3747,1.);
#3747 = DIRECTION('',(0.,-1.));
#3748 = ( GEOMETRIC_REPRESENTATION_CONTEXT(2) 
PARAMETRIC_REPRESENTATION_CONTEXT() REPRESENTATION_CONTEXT('2D SPACE',''
  ) );
#3749 = PCURVE('',#942,#3750);
#3750 = DEFINITIONAL_REPRESENTATION('',(#3751),#3755);
#3751 = LINE('',#3752,#3753);
#3752 = CARTESIAN_POINT('',(0.,0.));
#3753 = VECTOR('',#3754,1.);
#3754 = DIRECTION('',(0.,1.));
#3755 = ( GEOMETRIC_REPRESENTATION_CONTEXT(2) 
PARAMETRIC_REPRESENTATION_CONTEXT() REPRESENTATION_CONTEXT('2D SPACE',''
  ) );
#3756 = ORIENTED_EDGE('',*,*,#953,.F.);
#3757 = ORIENTED_EDGE('',*,*,#1359,.F.);
#3758 = ORIENTED_EDGE('',*,*,#3759,.T.);
#3759 = EDGE_CURVE('',#1360,#3760,#3762,.T.);
#3760 = VERTEX_POINT('',#3761);
#3761 = CARTESIAN_POINT('',(-22.,6.,8.));
#3762 = SURFACE_CURVE('',#3763,(#3767,#3774),.PCURVE_S1.);
#3763 = LINE('',#3764,#3765);
#3764 = CARTESIAN_POINT('',(-22.,-6.,8.));
#3765 = VECTOR('',#3766,1.);
#3766 = DIRECTION('',(0.,1.,0.));
#3767 = PCURVE('',#968,#3768);
#3768 = DEFINITIONAL_REPRESENTATION('',(#3769),#3773);
#3769 = LINE('',#3770,#3771);
#3770 = CARTESIAN_POINT('',(0.,0.));
#3771 = VECTOR('',#3772,1.);
#3772 = DIRECTION('',(0.,-1.));
#3773 = ( GEOMETRIC_REPRESENTATION_CONTEXT(2) 
PARAMETRIC_REPRESENTATION_CONTEXT() REPRESENTATION_CONTEXT('2D SPACE',''
  ) );
#3774 = PCURVE('',#1397,#3775);
#3775 = DEFINITIONAL_REPRESENTATION('',(#3776),#3780);
#3776 = LINE('',#3777,#3778);
#3777 = CARTESIAN_POINT('',(0.,0.));
#3778 = VECTOR('',#3779,1.);
#3779 = DIRECTION('',(0.,1.));
#3780 = ( GEOMETRIC_REPRESENTATION_CONTEXT(2) 
PARAMETRIC_REPRESENTATION_CONTEXT() REPRESENTATION_CONTEXT('2D SPACE',''
  ) );
#3781 = ORIENTED_EDGE('',*,*,#3782,.T.);
#3782 = EDGE_CURVE('',#3760,#3735,#3783,.T.);
#3783 = SURFACE_CURVE('',#3784,(#3788,#3795),.PCURVE_S1.);
#3784 = LINE('',#3785,#3786);
#3785 = CARTESIAN_POINT('',(-22.,6.,8.));
#3786 = VECTOR('',#3787,1.);
#3787 = DIRECTION('',(0.,0.,1.));
#3788 = PCURVE('',#968,#3789);
#3789 = DEFINITIONAL_REPRESENTATION('',(#3790),#3794);
#3790 = LINE('',#3791,#3792);
#3791 = CARTESIAN_POINT('',(0.,-12.));
#3792 = VECTOR('',#3793,1.);
#3793 = DIRECTION('',(1.,0.));
#3794 = ( GEOMETRIC_REPRESENTATION_CONTEXT(2) 
PARAMETRIC_REPRESENTATION_CONTEXT() REPRESENTATION_CONTEXT('2D SPACE',''
  ) );
#3795 = PCURVE('',#3796,#3801);
#3796 = PLANE('',#3797);
#3797 = AXIS2_PLACEMENT_3D('',#3798,#3799,#3800);
#3798 = CARTESIAN_POINT('',(-22.,6.,8.));
#3799 = DIRECTION('',(0.,1.,0.));
#3800 = DIRECTION('',(0.,0.,1.));
#3801 = DEFINITIONAL_REPRESENTATION('',(#3802),#3806);
#3802 = LINE('',#3803,#3804);
#3803 = CARTESIAN_POINT('',(0.,0.));
#3804 = VECTOR('',#3805,1.);
#3805 = DIRECTION('',(1.,0.));
#3806 = ( GEOMETRIC_REPRESENTATION_CONTEXT(2) 
PARAMETRIC_REPRESENTATION_CONTEXT() REPRESENTATION_CONTEXT('2D SPACE',''
  ) );
#3807 = ADVANCED_FACE('',(#3808),#942,.T.);
#3808 = FACE_BOUND('',#3809,.T.);
#3809 = EDGE_LOOP('',(#3810,#3811,#3812,#3835));
#3810 = ORIENTED_EDGE('',*,*,#3734,.F.);
#3811 = ORIENTED_EDGE('',*,*,#927,.F.);
#3812 = ORIENTED_EDGE('',*,*,#3813,.T.);
#3813 = EDGE_CURVE('',#902,#3814,#3816,.T.);
#3814 = VERTEX_POINT('',#3815);
#3815 = CARTESIAN_POINT('',(-8.,6.,16.));
#3816 = SURFACE_CURVE('',#3817,(#3821,#3828),.PCURVE_S1.);
#3817 = LINE('',#3818,#3819);
#3818 = CARTESIAN_POINT('',(-8.,-6.,16.));
#3819 = VECTOR('',#3820,1.);
#3820 = DIRECTION('',(0.,1.,0.));
#3821 = PCURVE('',#942,#3822);
#3822 = DEFINITIONAL_REPRESENTATION('',(#3823),#3827);
#3823 = LINE('',#3824,#3825);
#3824 = CARTESIAN_POINT('',(14.,0.));
#3825 = VECTOR('',#3826,1.);
#3826 = DIRECTION('',(0.,1.));
#3827 = ( GEOMETRIC_REPRESENTATION_CONTEXT(2) 
PARAMETRIC_REPRESENTATION_CONTEXT() REPRESENTATION_CONTEXT('2D SPACE',''
  ) );
#3828 = PCURVE('',#916,#3829);
#3829 = DEFINITIONAL_REPRESENTATION('',(#3830),#3834);
#3830 = LINE('',#3831,#3832);
#3831 = CARTESIAN_POINT('',(8.,0.));
#3832 = VECTOR('',#3833,1.);
#3833 = DIRECTION('',(0.,-1.));
#3834 = ( GEOMETRIC_REPRESENTATION_CONTEXT(2) 
PARAMETRIC_REPRESENTATION_CONTEXT() REPRESENTATION_CONTEXT('2D SPACE',''
  ) );
#3835 = ORIENTED_EDGE('',*,*,#3836,.F.);
#3836 = EDGE_CURVE('',#3735,#3814,#3837,.T.);
#3837 = SURFACE_CURVE('',#3838,(#3842,#3849),.PCURVE_S1.);
#3838 = LINE('',#3839,#3840);
#3839 = CARTESIAN_POINT('',(-22.,6.,16.));
#3840 = VECTOR('',#3841,1.);
#3841 = DIRECTION('',(1.,0.,0.));
#3842 = PCURVE('',#942,#3843);
#3843 = DEFINITIONAL_REPRESENTATION('',(#3844),#3848);
#3844 = LINE('',#3845,#3846);
#3845 = CARTESIAN_POINT('',(0.,12.));
#3846 = VECTOR('',#3847,1.);
#3847 = DIRECTION('',(1.,0.));
#3848 = ( GEOMETRIC_REPRESENTATION_CONTEXT(2) 
PARAMETRIC_REPRESENTATION_CONTEXT() REPRESENTATION_CONTEXT('2D SPACE',''
  ) );
#3849 = PCURVE('',#3796,#3850);
#3850 = DEFINITIONAL_REPRESENTATION('',(#3851),#3855);
#3851 = LINE('',#3852,#3853);
#3852 = CARTESIAN_POINT('',(8.,0.));
#3853 = VECTOR('',#3854,1.);
#3854 = DIRECTION('',(0.,1.));
#3855 = ( GEOMETRIC_REPRESENTATION_CONTEXT(2) 
PARAMETRIC_REPRESENTATION_CONTEXT() REPRESENTATION_CONTEXT('2D SPACE',''
  ) );
#3856 = ADVANCED_FACE('',(#3857),#916,.T.);
#3857 = FACE_BOUND('',#3858,.T.);
#3858 = EDGE_LOOP('',(#3859,#3860,#3861,#3862,#3885));
#3859 = ORIENTED_EDGE('',*,*,#3813,.F.);
#3860 = ORIENTED_EDGE('',*,*,#901,.F.);
#3861 = ORIENTED_EDGE('',*,*,#1408,.F.);
#3862 = ORIENTED_EDGE('',*,*,#3863,.T.);
#3863 = EDGE_CURVE('',#1383,#3864,#3866,.T.);
#3864 = VERTEX_POINT('',#3865);
#3865 = CARTESIAN_POINT('',(-8.,6.,8.));
#3866 = SURFACE_CURVE('',#3867,(#3871,#3878),.PCURVE_S1.);
#3867 = LINE('',#3868,#3869);
#3868 = CARTESIAN_POINT('',(-8.,-6.,8.));
#3869 = VECTOR('',#3870,1.);
#3870 = DIRECTION('',(0.,1.,0.));
#3871 = PCURVE('',#916,#3872);
#3872 = DEFINITIONAL_REPRESENTATION('',(#3873),#3877);
#3873 = LINE('',#3874,#3875);
#3874 = CARTESIAN_POINT('',(0.,0.));
#3875 = VECTOR('',#3876,1.);
#3876 = DIRECTION('',(0.,-1.));
#3877 = ( GEOMETRIC_REPRESENTATION_CONTEXT(2) 
PARAMETRIC_REPRESENTATION_CONTEXT() REPRESENTATION_CONTEXT('2D SPACE',''
  ) );
#3878 = PCURVE('',#1397,#3879);
#3879 = DEFINITIONAL_REPRESENTATION('',(#3880),#3884);
#3880 = LINE('',#3881,#3882);
#3881 = CARTESIAN_POINT('',(14.,0.));
#3882 = VECTOR('',#3883,1.);
#3883 = DIRECTION('',(0.,1.));
#3884 = ( GEOMETRIC_REPRESENTATION_CONTEXT(2) 
PARAMETRIC_REPRESENTATION_CONTEXT() REPRESENTATION_CONTEXT('2D SPACE',''
  ) );
#3885 = ORIENTED_EDGE('',*,*,#3886,.T.);
#3886 = EDGE_CURVE('',#3864,#3814,#3887,.T.);
#3887 = SURFACE_CURVE('',#3888,(#3892,#3899),.PCURVE_S1.);
#3888 = LINE('',#3889,#3890);
#3889 = CARTESIAN_POINT('',(-8.,6.,8.));
#3890 = VECTOR('',#3891,1.);
#3891 = DIRECTION('',(0.,0.,1.));
#3892 = PCURVE('',#916,#3893);
#3893 = DEFINITIONAL_REPRESENTATION('',(#3894),#3898);
#3894 = LINE('',#3895,#3896);
#3895 = CARTESIAN_POINT('',(0.,-12.));
#3896 = VECTOR('',#3897,1.);
#3897 = DIRECTION('',(1.,0.));
#3898 = ( GEOMETRIC_REPRESENTATION_CONTEXT(2) 
PARAMETRIC_REPRESENTATION_CONTEXT() REPRESENTATION_CONTEXT('2D SPACE',''
  ) );
#3899 = PCURVE('',#3796,#3900);
#3900 = DEFINITIONAL_REPRESENTATION('',(#3901),#3905);
#3901 = LINE('',#3902,#3903);
#3902 = CARTESIAN_POINT('',(0.,14.));
#3903 = VECTOR('',#3904,1.);
#3904 = DIRECTION('',(1.,0.));
#3905 = ( GEOMETRIC_REPRESENTATION_CONTEXT(2) 
PARAMETRIC_REPRESENTATION_CONTEXT() REPRESENTATION_CONTEXT('2D SPACE',''
  ) );
#3906 = ADVANCED_FACE('',(#3907),#1397,.F.);
#3907 = FACE_BOUND('',#3908,.F.);
#3908 = EDGE_LOOP('',(#3909,#3910,#3911,#3912));
#3909 = ORIENTED_EDGE('',*,*,#3759,.F.);
#3910 = ORIENTED_EDGE('',*,*,#1382,.T.);
#3911 = ORIENTED_EDGE('',*,*,#3863,.T.);
#3912 = ORIENTED_EDGE('',*,*,#3913,.F.);
#3913 = EDGE_CURVE('',#3760,#3864,#3914,.T.);
#3914 = SURFACE_CURVE('',#3915,(#3919,#3926),.PCURVE_S1.);
#3915 = LINE('',#3916,#3917);
#3916 = CARTESIAN_POINT('',(-22.,6.,8.));
#3917 = VECTOR('',#3918,1.);
#3918 = DIRECTION('',(1.,0.,0.));
#3919 = PCURVE('',#1397,#3920);
#3920 = DEFINITIONAL_REPRESENTATION('',(#3921),#3925);
#3921 = LINE('',#3922,#3923);
#3922 = CARTESIAN_POINT('',(0.,12.));
#3923 = VECTOR('',#3924,1.);
#3924 = DIRECTION('',(1.,0.));
#3925 = ( GEOMETRIC_REPRESENTATION_CONTEXT(2) 
PARAMETRIC_REPRESENTATION_CONTEXT() REPRESENTATION_CONTEXT('2D SPACE',''
  ) );
#3926 = PCURVE('',#3796,#3927);
#3927 = DEFINITIONAL_REPRESENTATION('',(#3928),#3932);
#3928 = LINE('',#3929,#3930);
#3929 = CARTESIAN_POINT('',(0.,0.));
#3930 = VECTOR('',#3931,1.);
#3931 = DIRECTION('',(0.,1.));
#3932 = ( GEOMETRIC_REPRESENTATION_CONTEXT(2) 
PARAMETRIC_REPRESENTATION_CONTEXT() REPRESENTATION_CONTEXT('2D SPACE',''
  ) );
#3933 = ADVANCED_FACE('',(#3934),#1184,.F.);
#3934 = FACE_BOUND('',#3935,.F.);
#3935 = EDGE_LOOP('',(#3936,#3937));
#3936 = ORIENTED_EDGE('',*,*,#1086,.F.);
#3937 = ORIENTED_EDGE('',*,*,#1817,.T.);
#3938 = ADVANCED_FACE('',(#3939),#1521,.T.);
#3939 = FACE_BOUND('',#3940,.T.);
#3940 = EDGE_LOOP('',(#3941,#3942,#3943,#3944));
#3941 = ORIENTED_EDGE('',*,*,#1583,.T.);
#3942 = ORIENTED_EDGE('',*,*,#1504,.F.);
#3943 = ORIENTED_EDGE('',*,*,#1718,.F.);
#3944 = ORIENTED_EDGE('',*,*,#3945,.T.);
#3945 = EDGE_CURVE('',#1696,#1556,#3946,.T.);
#3946 = SURFACE_CURVE('',#3947,(#4075,#4258),.PCURVE_S1.);
#3947 = B_SPLINE_CURVE_WITH_KNOTS('',6,(#3948,#3949,#3950,#3951,#3952,
    #3953,#3954,#3955,#3956,#3957,#3958,#3959,#3960,#3961,#3962,#3963,
    #3964,#3965,#3966,#3967,#3968,#3969,#3970,#3971,#3972,#3973,#3974,
    #3975,#3976,#3977,#3978,#3979,#3980,#3981,#3982,#3983,#3984,#3985,
    #3986,#3987,#3988,#3989,#3990,#3991,#3992,#3993,#3994,#3995,#3996,
    #3997,#3998,#3999,#4000,#4001,#4002,#4003,#4004,#4005,#4006,#4007,
    #4008,#4009,#4010,#4011,#4012,#4013,#4014,#4015,#4016,#4017,#4018,
    #4019,#4020,#4021,#4022,#4023,#4024,#4025,#4026,#4027,#4028,#4029,
    #4030,#4031,#4032,#4033,#4034,#4035,#4036,#4037,#4038,#4039,#4040,
    #4041,#4042,#4043,#4044,#4045,#4046,#4047,#4048,#4049,#4050,#4051,
    #4052,#4053,#4054,#4055,#4056,#4057,#4058,#4059,#4060,#4061,#4062,
    #4063,#4064,#4065,#4066,#4067,#4068,#4069,#4070,#4071,#4072,#4073,
    #4074),.UNSPECIFIED.,.F.,.F.,(7,5,5,5,5,5,5,5,5,5,5,5,5,5,5,5,5,5,5,
    5,5,5,5,5,5,7),(0.,6.22027202851E-02,0.104726041193,0.212978316236,
    0.358934416893,0.39931600975,0.472054265528,0.545401685333,
    0.585695990455,0.630250139722,0.730529215461,0.859380940918,1.,
    1.047922461899,1.10938898466,1.141775552268,1.211683331742,
    1.270307625019,1.318035461061,1.471997862433,1.587132229781,
    1.626519349093,1.673929633459,1.73227697266,1.802036752571,
    1.890313667349),.UNSPECIFIED.);
#3948 = CARTESIAN_POINT('',(-15.75136374907,-0.8,3.919183588453));
#3949 = CARTESIAN_POINT('',(-15.81188061898,-0.938661568579,
    3.89087941429));
#3950 = CARTESIAN_POINT('',(-15.87413280678,-1.073669420662,
    3.857188766392));
#3951 = CARTESIAN_POINT('',(-15.93785015545,-1.204906835242,
    3.818541826443));
#3952 = CARTESIAN_POINT('',(-16.00275977121,-1.332288218084,
    3.775340203656));
#3953 = CARTESIAN_POINT('',(-16.06859091146,-1.455755578756,
    3.727959597388));
#3954 = CARTESIAN_POINT('',(-16.18053337429,-1.656981450835,
    3.641745991589));
#3955 = CARTESIAN_POINT('',(-16.22630944885,-1.73686979396,3.6049394805)
  );
#3956 = CARTESIAN_POINT('',(-16.27233746911,-1.81495170315,3.56643311395
    ));
#3957 = CARTESIAN_POINT('',(-16.31855136621,-1.891243777494,
    3.526316442762));
#3958 = CARTESIAN_POINT('',(-16.36488962979,-1.965767549055,
    3.484668381116));
#3959 = CARTESIAN_POINT('',(-16.52943096013,-2.2238315763,3.331808423336
    ));
#3960 = CARTESIAN_POINT('',(-16.6480119478,-2.397836816116,
    3.212569528586));
#3961 = CARTESIAN_POINT('',(-16.76608468907,-2.56096467476,
    3.084974200116));
#3962 = CARTESIAN_POINT('',(-16.88280161635,-2.71364387752,2.94978196667
    ));
#3963 = CARTESIAN_POINT('',(-16.99734864467,-2.856227585168,
    2.807460944568));
#3964 = CARTESIAN_POINT('',(-17.25912667398,-3.167849714228,
    2.457074142522));
#3965 = CARTESIAN_POINT('',(-17.40400695405,-3.328996521351,
    2.243160535011));
#3966 = CARTESIAN_POINT('',(-17.54096910738,-3.472508026773,
    2.017395232602));
#3967 = CARTESIAN_POINT('',(-17.66710735695,-3.598053170017,
    1.780331949827));
#3968 = CARTESIAN_POINT('',(-17.77891892065,-3.704956216028,
    1.532278282335));
#3969 = CARTESIAN_POINT('',(-17.89832014912,-3.815946726852,
    1.201773343905));
#3970 = CARTESIAN_POINT('',(-17.92278073261,-3.838457077895,
    1.129362984113));
#3971 = CARTESIAN_POINT('',(-17.94573051082,-3.859386181467,
    1.056213891415));
#3972 = CARTESIAN_POINT('',(-17.96707904676,-3.878699408475,
    0.982370699783));
#3973 = CARTESIAN_POINT('',(-17.98674183759,-3.896364852763,
    0.907875401222));
#3974 = CARTESIAN_POINT('',(-18.0368821648,-3.941149342878,
    0.697477272708));
#3975 = CARTESIAN_POINT('',(-18.06342532857,-3.964523165856,
    0.560096900483));
#3976 = CARTESIAN_POINT('',(-18.08372292465,-3.9822122678,0.421169711241
    ));
#3977 = CARTESIAN_POINT('',(-18.09739385957,-3.994065257401,
    0.281195979823));
#3978 = CARTESIAN_POINT('',(-18.1042388108,-4.,0.140650281238));
#3979 = CARTESIAN_POINT('',(-18.1042388108,-4.,-0.141828190868));
#3980 = CARTESIAN_POINT('',(-18.09727873098,-3.99396543769,
    -0.283547529265));
#3981 = CARTESIAN_POINT('',(-18.08337847671,-3.981913625043,
    -0.424680380432));
#3982 = CARTESIAN_POINT('',(-18.06274392048,-3.96392929462,
    -0.564741595852));
#3983 = CARTESIAN_POINT('',(-18.03576835912,-3.940168412022,
    -0.703219325996));
#3984 = CARTESIAN_POINT('',(-17.9850237556,-3.894822106409,
    -0.914455629848));
#3985 = CARTESIAN_POINT('',(-17.96527999501,-3.877074601551,
    -0.988740896836));
#3986 = CARTESIAN_POINT('',(-17.94386283416,-3.857688494777,
    -1.062373983233));
#3987 = CARTESIAN_POINT('',(-17.92085637371,-3.836695489551,
    -1.135313563875));
#3988 = CARTESIAN_POINT('',(-17.89635049039,-3.81412993594,
    -1.207515710088));
#3989 = CARTESIAN_POINT('',(-17.84179071536,-3.763382458457,
    -1.357902269427));
#3990 = CARTESIAN_POINT('',(-17.81142251677,-3.734857767118,
    -1.435916390619));
#3991 = CARTESIAN_POINT('',(-17.77944928878,-3.704492973776,
    -1.512954016496));
#3992 = CARTESIAN_POINT('',(-17.7459839828,-3.672323860684,
    -1.588990748848));
#3993 = CARTESIAN_POINT('',(-17.71113881565,-3.638385038531,
    -1.664000025118));
#3994 = CARTESIAN_POINT('',(-17.59374365843,-3.522415174348,
    -1.904401091613));
#3995 = CARTESIAN_POINT('',(-17.50604680417,-3.433336521619,
    -2.065476646758));
#3996 = CARTESIAN_POINT('',(-17.4130716061,-3.335734505528,
    -2.221129588184));
#3997 = CARTESIAN_POINT('',(-17.31580904824,-3.229730343534,
    -2.371272867838));
#3998 = CARTESIAN_POINT('',(-17.21511930183,-3.115334059502,
    -2.515748994257));
#3999 = CARTESIAN_POINT('',(-16.97898454404,-2.834528476763,
    -2.832327334484));
#4000 = CARTESIAN_POINT('',(-16.84182440104,-2.662602440238,
    -3.000553669632));
#4001 = CARTESIAN_POINT('',(-16.70180588486,-2.476286426188,
    -3.158605912012));
#4002 = CARTESIAN_POINT('',(-16.5602688742,-2.274927688071,
    -3.305627249009));
#4003 = CARTESIAN_POINT('',(-16.41868064008,-2.05775094333,
    -3.44014018925));
#4004 = CARTESIAN_POINT('',(-16.12609154792,-1.569196096877,
    -3.690485998902));
#4005 = CARTESIAN_POINT('',(-15.97414365028,-1.292562902033,
    -3.804574973834));
#4006 = CARTESIAN_POINT('',(-15.82669480419,-0.995248846327,
    -3.897345626682));
#4007 = CARTESIAN_POINT('',(-15.68748075629,-0.678913239182,
    -3.964086198088));
#4008 = CARTESIAN_POINT('',(-15.55990333793,-0.345999527119,-4.));
#4009 = CARTESIAN_POINT('',(-15.40803770419,0.117915375509,-4.));
#4010 = CARTESIAN_POINT('',(-15.37121809668,0.236988197128,
    -3.995828726094));
#4011 = CARTESIAN_POINT('',(-15.33635185998,0.356800716603,
    -3.987332935303));
#4012 = CARTESIAN_POINT('',(-15.30356356035,0.476932359191,
    -3.974421915453));
#4013 = CARTESIAN_POINT('',(-15.27293208631,0.596961964002,
    -3.957068611298));
#4014 = CARTESIAN_POINT('',(-15.20801632995,0.869753988066,
    -3.907403585966));
#4015 = CARTESIAN_POINT('',(-15.17518453112,1.022019333597,
    -3.872279505865));
#4016 = CARTESIAN_POINT('',(-15.14605329706,1.172411007831,
    -3.830043488424));
#4017 = CARTESIAN_POINT('',(-15.12056163041,1.320094828808,
    -3.780964730604));
#4018 = CARTESIAN_POINT('',(-15.09855277821,1.46427249703,
    -3.725484859853));
#4019 = CARTESIAN_POINT('',(-15.06991182689,1.677922294149,
    -3.631949071954));
#4020 = CARTESIAN_POINT('',(-15.06092741109,1.750495937631,
    -3.59805517928));
#4021 = CARTESIAN_POINT('',(-15.05280265164,1.821854439027,
    -3.562612116526));
#4022 = CARTESIAN_POINT('',(-15.04549645113,1.891938152938,
    -3.525693171555));
#4023 = CARTESIAN_POINT('',(-15.03896588373,1.96069088676,
    -3.487377271241));
#4024 = CARTESIAN_POINT('',(-15.02064732154,2.173478773922,
    -3.362209637626));
#4025 = CARTESIAN_POINT('',(-15.01154250711,2.312356688702,
    -3.270611135715));
#4026 = CARTESIAN_POINT('',(-15.00536654371,2.444535716231,
    -3.173610722473));
#4027 = CARTESIAN_POINT('',(-15.00166073343,2.569903577646,
    -3.071851667427));
#4028 = CARTESIAN_POINT('',(-15.,2.688396154627,-2.965965020801));
#4029 = CARTESIAN_POINT('',(-15.,2.893590393104,-2.764834436954));
#4030 = CARTESIAN_POINT('',(-15.00116787717,2.982395132819,
    -2.670573613968));
#4031 = CARTESIAN_POINT('',(-15.00327974105,3.066482506107,
    -2.574062296765));
#4032 = CARTESIAN_POINT('',(-15.00613743128,3.145924828801,
    -2.475546936241));
#4033 = CARTESIAN_POINT('',(-15.0095663249,3.22079763432,-2.375246965065
    ));
#4034 = CARTESIAN_POINT('',(-15.01654495698,3.348478379783,
    -2.19040112188));
#4035 = CARTESIAN_POINT('',(-15.01995375557,3.402803655357,
    -2.106388039608));
#4036 = CARTESIAN_POINT('',(-15.02355762741,3.454199397525,
    -2.021413923883));
#4037 = CARTESIAN_POINT('',(-15.02728307147,3.502707784326,
    -1.935568285826));
#4038 = CARTESIAN_POINT('',(-15.03106499775,3.54836846341,
    -1.848931699818));
#4039 = CARTESIAN_POINT('',(-15.04704598483,3.72944611675,
    -1.479779587975));
#4040 = CARTESIAN_POINT('',(-15.05924482592,3.83846569627,
    -1.190418936423));
#4041 = CARTESIAN_POINT('',(-15.06951862701,3.919425526013,
    -0.896014672271));
#4042 = CARTESIAN_POINT('',(-15.07674382899,3.973129921376,
    -0.59845040285));
#4043 = CARTESIAN_POINT('',(-15.0803587516,4.,-0.299275926168));
#4044 = CARTESIAN_POINT('',(-15.0803587516,4.,0.223801032687));
#4045 = CARTESIAN_POINT('',(-15.07833722671,3.984973902519,
    0.447578327858));
#4046 = CARTESIAN_POINT('',(-15.07429497755,3.954927855104,0.67067917443
    ));
#4047 = CARTESIAN_POINT('',(-15.06840843666,3.909736142253,
    0.892440534915));
#4048 = CARTESIAN_POINT('',(-15.06103056332,3.849152827859,
    1.112125275021));
#4049 = CARTESIAN_POINT('',(-15.04989121564,3.746701002336,
    1.403000646905));
#4050 = CARTESIAN_POINT('',(-15.0469438558,3.718741632624,1.476801186113
    ));
#4051 = CARTESIAN_POINT('',(-15.0439111073,3.688922365442,1.550225289943
    ));
#4052 = CARTESIAN_POINT('',(-15.0408187502,3.657226175284,1.623236928395
    ));
#4053 = CARTESIAN_POINT('',(-15.03769576373,3.623634238947,
    1.695797651111));
#4054 = CARTESIAN_POINT('',(-15.03081705147,3.545384582737,
    1.854615982143));
#4055 = CARTESIAN_POINT('',(-15.02706229929,3.49986705547,1.940651853226
    ));
#4056 = CARTESIAN_POINT('',(-15.02336592972,3.45153682403,2.02590369119)
  );
#4057 = CARTESIAN_POINT('',(-15.01979201528,3.400354917332,
    2.110292235822));
#4058 = CARTESIAN_POINT('',(-15.01641284112,3.346279922907,
    2.193729476125));
#4059 = CARTESIAN_POINT('',(-15.00948892339,3.219103995844,
    2.377514141979));
#4060 = CARTESIAN_POINT('',(-15.00608583956,3.144487485641,
    2.477328414659));
#4061 = CARTESIAN_POINT('',(-15.00325115126,3.06534160553,2.575371305474
    ));
#4062 = CARTESIAN_POINT('',(-15.0011573378,2.981591906233,2.671426041802
    ));
#4063 = CARTESIAN_POINT('',(-15.,2.893167129894,2.765249317883));
#4064 = CARTESIAN_POINT('',(-15.,2.688609856672,2.965755550899));
#4065 = CARTESIAN_POINT('',(-15.00165437737,2.57036633922,3.071437315261
    ));
#4066 = CARTESIAN_POINT('',(-15.00534477904,2.445279746847,
    3.173005748027));
#4067 = CARTESIAN_POINT('',(-15.01149345277,2.313409745121,
    3.269837820626));
#4068 = CARTESIAN_POINT('',(-15.02055653518,2.174863024124,
    3.361296714315));
#4069 = CARTESIAN_POINT('',(-15.04878575791,1.846210753796,
    3.554841140095));
#4070 = CARTESIAN_POINT('',(-15.07003560244,1.651709723348,
    3.653580863278));
#4071 = CARTESIAN_POINT('',(-15.09767962402,1.447878425781,
    3.740717098518));
#4072 = CARTESIAN_POINT('',(-15.13248321783,1.236601068882,3.81463562403
    ));
#4073 = CARTESIAN_POINT('',(-15.17490892295,1.019929958284,
    3.874290573708));
#4074 = CARTESIAN_POINT('',(-15.2250356126,0.8,3.919183588453));
#4075 = PCURVE('',#1521,#4076);
#4076 = DEFINITIONAL_REPRESENTATION('',(#4077),#4257);
#4077 = B_SPLINE_CURVE_WITH_KNOTS('',3,(#4078,#4079,#4080,#4081,#4082,
    #4083,#4084,#4085,#4086,#4087,#4088,#4089,#4090,#4091,#4092,#4093,
    #4094,#4095,#4096,#4097,#4098,#4099,#4100,#4101,#4102,#4103,#4104,
    #4105,#4106,#4107,#4108,#4109,#4110,#4111,#4112,#4113,#4114,#4115,
    #4116,#4117,#4118,#4119,#4120,#4121,#4122,#4123,#4124,#4125,#4126,
    #4127,#4128,#4129,#4130,#4131,#4132,#4133,#4134,#4135,#4136,#4137,
    #4138,#4139,#4140,#4141,#4142,#4143,#4144,#4145,#4146,#4147,#4148,
    #4149,#4150,#4151,#4152,#4153,#4154,#4155,#4156,#4157,#4158,#4159,
    #4160,#4161,#4162,#4163,#4164,#4165,#4166,#4167,#4168,#4169,#4170,
    #4171,#4172,#4173,#4174,#4175,#4176,#4177,#4178,#4179,#4180,#4181,
    #4182,#4183,#4184,#4185,#4186,#4187,#4188,#4189,#4190,#4191,#4192,
    #4193,#4194,#4195,#4196,#4197,#4198,#4199,#4200,#4201,#4202,#4203,
    #4204,#4205,#4206,#4207,#4208,#4209,#4210,#4211,#4212,#4213,#4214,
    #4215,#4216,#4217,#4218,#4219,#4220,#4221,#4222,#4223,#4224,#4225,
    #4226,#4227,#4228,#4229,#4230,#4231,#4232,#4233,#4234,#4235,#4236,
    #4237,#4238,#4239,#4240,#4241,#4242,#4243,#4244,#4245,#4246,#4247,
    #4248,#4249,#4250,#4251,#4252,#4253,#4254,#4255,#4256),
  .UNSPECIFIED.,.F.,.F.,(4,1,1,1,1,1,1,1,1,1,1,1,1,1,1,1,1,1,1,1,1,1,1,1
    ,1,1,1,1,1,1,1,1,1,1,1,1,1,1,1,1,1,1,1,1,1,1,1,1,1,1,1,1,1,1,1,1,1,1
    ,1,1,1,1,1,1,1,1,1,1,1,1,1,1,1,1,1,1,1,1,1,1,1,1,1,1,1,1,1,1,1,1,1,1
    ,1,1,1,1,1,1,1,1,1,1,1,1,1,1,1,1,1,1,1,1,1,1,1,1,1,1,1,1,1,1,1,1,1,1
    ,1,1,1,1,1,1,1,1,1,1,1,1,1,1,1,1,1,1,1,1,1,1,1,1,1,1,1,1,1,1,1,1,1,1
    ,1,1,1,1,1,1,1,1,1,1,1,1,1,1,1,1,4),(0.,1.074041856448E-02,
    2.148083712897E-02,3.222125569345E-02,4.296167425794E-02,
    5.370209282242E-02,6.444251138691E-02,7.518292995139E-02,
    8.592334851588E-02,9.666376708036E-02,0.107404185645,0.118144604209,
    0.128885022774,0.139625441338,0.150365859903,0.161106278467,
    0.171846697032,0.182587115596,0.193327534161,0.204067952725,
    0.21480837129,0.225548789854,0.236289208419,0.247029626983,
    0.257770045548,0.268510464112,0.279250882677,0.289991301241,
    0.300731719806,0.31147213837,0.322212556935,0.332952975499,
    0.343693394064,0.354433812628,0.365174231192,0.375914649757,
    0.386655068321,0.397395486886,0.40813590545,0.418876324015,
    0.429616742579,0.440357161144,0.451097579708,0.461837998273,
    0.472578416837,0.483318835402,0.494059253966,0.504799672531,
    0.515540091095,0.52628050966,0.537020928224,0.547761346789,
    0.558501765353,0.569242183918,0.579982602482,0.590723021047,
    0.601463439611,0.612203858176,0.62294427674,0.633684695305,
    0.644425113869,0.655165532434,0.665905950998,0.676646369563,
    0.687386788127,0.698127206691,0.708867625256,0.71960804382,
    0.730348462385,0.741088880949,0.751829299514,0.762569718078,
    0.773310136643,0.784050555207,0.794790973772,0.805531392336,
    0.816271810901,0.827012229465,0.83775264803,0.848493066594,
    0.859233485159,0.869973903723,0.880714322288,0.891454740852,
    0.902195159417,0.912935577981,0.923675996546,0.93441641511,
    0.945156833675,0.955897252239,0.966637670804,0.977378089368,
    0.988118507933,0.998858926497,1.009599345062,1.020339763626,
    1.031080182191,1.041820600755,1.052561019319,1.063301437884,
    1.074041856448,1.084782275013,1.095522693577,1.106263112142,
    1.117003530706,1.127743949271,1.138484367835,1.1492247864,
    1.159965204964,1.170705623529,1.181446042093,1.192186460658,
    1.202926879222,1.213667297787,1.224407716351,1.235148134916,
    1.24588855348,1.256628972045,1.267369390609,1.278109809174,
    1.288850227738,1.299590646303,1.310331064867,1.321071483432,
    1.331811901996,1.342552320561,1.353292739125,1.36403315769,
    1.374773576254,1.385513994818,1.396254413383,1.406994831947,
    1.417735250512,1.428475669076,1.439216087641,1.449956506205,
    1.46069692477,1.471437343334,1.482177761899,1.492918180463,
    1.503658599028,1.514399017592,1.525139436157,1.535879854721,
    1.546620273286,1.55736069185,1.568101110415,1.578841528979,
    1.589581947544,1.600322366108,1.611062784673,1.621803203237,
    1.632543621802,1.643284040366,1.654024458931,1.664764877495,
    1.67550529606,1.686245714624,1.696986133189,1.707726551753,
    1.718466970318,1.729207388882,1.739947807446,1.750688226011,
    1.761428644575,1.77216906314,1.782909481704,1.793649900269,
    1.804390318833,1.815130737398,1.825871155962,1.836611574527,
    1.847351993091,1.858092411656,1.86883283022,1.879573248785,
    1.890313667349),.QUASI_UNIFORM_KNOTS.);
#4078 = CARTESIAN_POINT('',(5.871668461112,7.919183588453));
#4079 = CARTESIAN_POINT('',(5.865863241075,7.909408406331));
#4080 = CARTESIAN_POINT('',(5.85434088519,7.888254891274));
#4081 = CARTESIAN_POINT('',(5.837330337251,7.851966761796));
#4082 = CARTESIAN_POINT('',(5.82060164015,7.811375589536));
#4083 = CARTESIAN_POINT('',(5.804163198157,7.766724923624));
#4084 = CARTESIAN_POINT('',(5.788022427404,7.718248826293));
#4085 = CARTESIAN_POINT('',(5.772188558281,7.666181009515));
#4086 = CARTESIAN_POINT('',(5.756661120132,7.610715122608));
#4087 = CARTESIAN_POINT('',(5.741438921155,7.552026778161));
#4088 = CARTESIAN_POINT('',(5.726522701836,7.490284832055));
#4089 = CARTESIAN_POINT('',(5.711911961376,7.42564081752));
#4090 = CARTESIAN_POINT('',(5.69760522503,7.358228376067));
#4091 = CARTESIAN_POINT('',(5.683601711305,7.288170264396));
#4092 = CARTESIAN_POINT('',(5.669900893505,7.21557748525));
#4093 = CARTESIAN_POINT('',(5.656502463622,7.140549089614));
#4094 = CARTESIAN_POINT('',(5.643406438767,7.063172899264));
#4095 = CARTESIAN_POINT('',(5.630613239631,6.983526040112));
#4096 = CARTESIAN_POINT('',(5.618123743036,6.901675235367));
#4097 = CARTESIAN_POINT('',(5.605939471492,6.817678172025));
#4098 = CARTESIAN_POINT('',(5.594062266734,6.73158073761));
#4099 = CARTESIAN_POINT('',(5.582495897184,6.643429625932));
#4100 = CARTESIAN_POINT('',(5.571240072763,6.553224560106));
#4101 = CARTESIAN_POINT('',(5.560300745292,6.460995954774));
#4102 = CARTESIAN_POINT('',(5.549686309843,6.366782994353));
#4103 = CARTESIAN_POINT('',(5.53940573896,6.270618421925));
#4104 = CARTESIAN_POINT('',(5.529469084444,6.172532787462));
#4105 = CARTESIAN_POINT('',(5.519887346707,6.072553483783));
#4106 = CARTESIAN_POINT('',(5.510672515163,5.970705184417));
#4107 = CARTESIAN_POINT('',(5.50183756339,5.867009898276));
#4108 = CARTESIAN_POINT('',(5.493396458571,5.761487167365));
#4109 = CARTESIAN_POINT('',(5.485364161588,5.654154087695));
#4110 = CARTESIAN_POINT('',(5.477756651215,5.545025906522));
#4111 = CARTESIAN_POINT('',(5.470590860964,5.434114503245));
#4112 = CARTESIAN_POINT('',(5.463884939936,5.321434771525));
#4113 = CARTESIAN_POINT('',(5.45765730303,5.206981525012));
#4114 = CARTESIAN_POINT('',(5.451935933599,5.090927583314));
#4115 = CARTESIAN_POINT('',(5.446742926706,4.973365666815));
#4116 = CARTESIAN_POINT('',(5.442100171302,4.854402153771));
#4117 = CARTESIAN_POINT('',(5.438026991583,4.734099844207));
#4118 = CARTESIAN_POINT('',(5.434544204138,4.61258523838));
#4119 = CARTESIAN_POINT('',(5.431672625242,4.490078963733));
#4120 = CARTESIAN_POINT('',(5.429428588051,4.366771384833));
#4121 = CARTESIAN_POINT('',(5.427825139768,4.242852279976));
#4122 = CARTESIAN_POINT('',(5.426871765917,4.118514834185));
#4123 = CARTESIAN_POINT('',(5.426574537514,3.993915448015));
#4124 = CARTESIAN_POINT('',(5.426935998258,3.869337000684));
#4125 = CARTESIAN_POINT('',(5.427953116042,3.745033454317));
#4126 = CARTESIAN_POINT('',(5.429619513465,3.621168258215));
#4127 = CARTESIAN_POINT('',(5.431925364029,3.497932349502));
#4128 = CARTESIAN_POINT('',(5.434857292493,3.375516018736));
#4129 = CARTESIAN_POINT('',(5.438398673456,3.254108910818));
#4130 = CARTESIAN_POINT('',(5.442528291611,3.133933574033));
#4131 = CARTESIAN_POINT('',(5.447225526682,3.015105331053));
#4132 = CARTESIAN_POINT('',(5.45247083779,2.897690015558));
#4133 = CARTESIAN_POINT('',(5.458242541356,2.78178871174));
#4134 = CARTESIAN_POINT('',(5.464517565868,2.667508060702));
#4135 = CARTESIAN_POINT('',(5.471274371386,2.554913735884));
#4136 = CARTESIAN_POINT('',(5.478493596781,2.444039204739));
#4137 = CARTESIAN_POINT('',(5.486155777438,2.334928454954));
#4138 = CARTESIAN_POINT('',(5.494241800192,2.227627396138));
#4139 = CARTESIAN_POINT('',(5.502733135218,2.122180506205));
#4140 = CARTESIAN_POINT('',(5.511615316849,2.0185929538));
#4141 = CARTESIAN_POINT('',(5.520874764597,1.916876872254));
#4142 = CARTESIAN_POINT('',(5.530499148932,1.817045645017));
#4143 = CARTESIAN_POINT('',(5.540477262572,1.719115853702));
#4144 = CARTESIAN_POINT('',(5.550799021753,1.623107189963));
#4145 = CARTESIAN_POINT('',(5.561455444045,1.529042829602));
#4146 = CARTESIAN_POINT('',(5.572438593485,1.436949974147));
#4147 = CARTESIAN_POINT('',(5.583741685167,1.346859240507));
#4148 = CARTESIAN_POINT('',(5.595358591945,1.258808471054));
#4149 = CARTESIAN_POINT('',(5.607285607851,1.172830113253));
#4150 = CARTESIAN_POINT('',(5.619520232735,1.088962309609));
#4151 = CARTESIAN_POINT('',(5.632060551824,1.007253267388));
#4152 = CARTESIAN_POINT('',(5.644905295051,0.9277606292));
#4153 = CARTESIAN_POINT('',(5.658053710765,0.85055222307));
#4154 = CARTESIAN_POINT('',(5.671505511194,0.775706381932));
#4155 = CARTESIAN_POINT('',(5.685260724016,0.703312697369));
#4156 = CARTESIAN_POINT('',(5.699319854195,0.633471558441));
#4157 = CARTESIAN_POINT('',(5.713682904064,0.566298207356));
#4158 = CARTESIAN_POINT('',(5.728352654517,0.501910034153));
#4159 = CARTESIAN_POINT('',(5.743322046953,0.440476489952));
#4160 = CARTESIAN_POINT('',(5.758620903667,0.382035378378));
#4161 = CARTESIAN_POINT('',(5.774267917984,0.326715373729));
#4162 = CARTESIAN_POINT('',(5.790240993983,0.274804419758));
#4163 = CARTESIAN_POINT('',(5.806528637825,0.22654754964));
#4164 = CARTESIAN_POINT('',(5.823116186122,0.182201393164));
#4165 = CARTESIAN_POINT('',(5.839989478564,0.142019945529));
#4166 = CARTESIAN_POINT('',(5.857133852903,0.106258764869));
#4167 = CARTESIAN_POINT('',(5.874534367891,7.517424811836E-02));
#4168 = CARTESIAN_POINT('',(5.892175751923,4.902421959773E-02));
#4169 = CARTESIAN_POINT('',(5.910042179257,2.80682452522E-02));
#4170 = CARTESIAN_POINT('',(5.928117967186,1.256778639637E-02));
#4171 = CARTESIAN_POINT('',(5.94638471775,2.787324622343E-03));
#4172 = CARTESIAN_POINT('',(5.964831715463,-1.008182603234E-03));
#4173 = CARTESIAN_POINT('',(5.983416811185,1.457914584297E-03));
#4174 = CARTESIAN_POINT('',(6.00202873225,1.037841231434E-02));
#4175 = CARTESIAN_POINT('',(6.02062119531,2.587896642628E-02));
#4176 = CARTESIAN_POINT('',(6.039131767597,4.802836676667E-02));
#4177 = CARTESIAN_POINT('',(6.05750666107,7.684393168057E-02));
#4178 = CARTESIAN_POINT('',(6.075670585182,0.112240781116));
#4179 = CARTESIAN_POINT('',(6.093572137348,0.154099588333));
#4180 = CARTESIAN_POINT('',(6.111159717576,0.202245139714));
#4181 = CARTESIAN_POINT('',(6.128383381272,0.256444024279));
#4182 = CARTESIAN_POINT('',(6.145194785345,0.316406775107));
#4183 = CARTESIAN_POINT('',(6.161545662175,0.381775835512));
#4184 = CARTESIAN_POINT('',(6.17741833166,0.452266655504));
#4185 = CARTESIAN_POINT('',(6.192790324291,0.527554460198));
#4186 = CARTESIAN_POINT('',(6.207638178375,0.607276314678));
#4187 = CARTESIAN_POINT('',(6.221946475389,0.6910795644));
#4188 = CARTESIAN_POINT('',(6.235716131935,0.778695779524));
#4189 = CARTESIAN_POINT('',(6.24894487143,0.869841281856));
#4190 = CARTESIAN_POINT('',(6.261631658202,0.964238345761));
#4191 = CARTESIAN_POINT('',(6.273776307423,1.061615753922));
#4192 = CARTESIAN_POINT('',(6.285377036919,1.161684723334));
#4193 = CARTESIAN_POINT('',(6.296441784933,1.264240367929));
#4194 = CARTESIAN_POINT('',(6.306979862295,1.369109688242));
#4195 = CARTESIAN_POINT('',(6.316997381898,1.47610366492));
#4196 = CARTESIAN_POINT('',(6.326501114056,1.585051472334));
#4197 = CARTESIAN_POINT('',(6.335497480937,1.695791241896));
#4198 = CARTESIAN_POINT('',(6.343992917671,1.808172861913));
#4199 = CARTESIAN_POINT('',(6.351994484402,1.922068575905));
#4200 = CARTESIAN_POINT('',(6.359508323289,2.037352712729));
#4201 = CARTESIAN_POINT('',(6.366540347335,2.153909904965));
#4202 = CARTESIAN_POINT('',(6.373095947279,2.271629739329));
#4203 = CARTESIAN_POINT('',(6.379180893941,2.390423847592));
#4204 = CARTESIAN_POINT('',(6.384799612834,2.5101947444));
#4205 = CARTESIAN_POINT('',(6.38995612656,2.630848581451));
#4206 = CARTESIAN_POINT('',(6.394654122692,2.752296478918));
#4207 = CARTESIAN_POINT('',(6.398896947191,2.874453713934));
#4208 = CARTESIAN_POINT('',(6.402687615047,2.997239484546));
#4209 = CARTESIAN_POINT('',(6.406028813757,3.120576520041));
#4210 = CARTESIAN_POINT('',(6.408922906345,3.244390735598));
#4211 = CARTESIAN_POINT('',(6.411371932282,3.368610868556));
#4212 = CARTESIAN_POINT('',(6.413377606897,3.493168149199));
#4213 = CARTESIAN_POINT('',(6.414941319154,3.617995857155));
#4214 = CARTESIAN_POINT('',(6.416064128253,3.743029306106));
#4215 = CARTESIAN_POINT('',(6.416746757782,3.86820423494));
#4216 = CARTESIAN_POINT('',(6.4169895924,3.993461150133));
#4217 = CARTESIAN_POINT('',(6.416792658697,4.11872746205));
#4218 = CARTESIAN_POINT('',(6.416155871344,4.24392394986));
#4219 = CARTESIAN_POINT('',(6.415078834964,4.368990399771));
#4220 = CARTESIAN_POINT('',(6.413560836916,4.493860478966));
#4221 = CARTESIAN_POINT('',(6.411600853606,4.61846800855));
#4222 = CARTESIAN_POINT('',(6.409197551156,4.742744872561));
#4223 = CARTESIAN_POINT('',(6.406349286344,4.866621151885));
#4224 = CARTESIAN_POINT('',(6.403054103092,4.990024719324));
#4225 = CARTESIAN_POINT('',(6.399309737149,5.112880761992));
#4226 = CARTESIAN_POINT('',(6.395113582659,5.235112130067));
#4227 = CARTESIAN_POINT('',(6.39046279272,5.356636449657));
#4228 = CARTESIAN_POINT('',(6.385353830286,5.477376343031));
#4229 = CARTESIAN_POINT('',(6.379782804603,5.597248152061));
#4230 = CARTESIAN_POINT('',(6.373745507643,5.716161325564));
#4231 = CARTESIAN_POINT('',(6.367237289434,5.834021094011));
#4232 = CARTESIAN_POINT('',(6.360253113822,5.950726231102));
#4233 = CARTESIAN_POINT('',(6.352787480368,6.066169842478));
#4234 = CARTESIAN_POINT('',(6.344834542071,6.180236686002));
#4235 = CARTESIAN_POINT('',(6.336388200084,6.292801787642));
#4236 = CARTESIAN_POINT('',(6.327441453711,6.40373804614));
#4237 = CARTESIAN_POINT('',(6.317987763554,6.512897838151));
#4238 = CARTESIAN_POINT('',(6.30802072797,6.62012001992));
#4239 = CARTESIAN_POINT('',(6.29753365459,6.725234221533));
#4240 = CARTESIAN_POINT('',(6.286520179626,6.828054655692));
#4241 = CARTESIAN_POINT('',(6.274972027016,6.928400658317));
#4242 = CARTESIAN_POINT('',(6.262880415368,7.026076810701));
#4243 = CARTESIAN_POINT('',(6.250246857227,7.120796772378));
#4244 = CARTESIAN_POINT('',(6.237071178018,7.212291868417));
#4245 = CARTESIAN_POINT('',(6.223354642602,7.300283649135));
#4246 = CARTESIAN_POINT('',(6.209097429838,7.384498695413));
#4247 = CARTESIAN_POINT('',(6.194305185431,7.464636210564));
#4248 = CARTESIAN_POINT('',(6.178961872145,7.54049793617));
#4249 = CARTESIAN_POINT('',(6.163099278356,7.611643296285));
#4250 = CARTESIAN_POINT('',(6.146753878825,7.677670454736));
#4251 = CARTESIAN_POINT('',(6.129962816052,7.738226839899));
#4252 = CARTESIAN_POINT('',(6.112764765544,7.793004960867));
#4253 = CARTESIAN_POINT('',(6.095199569296,7.841743998153));
#4254 = CARTESIAN_POINT('',(6.077308086497,7.88422340822));
#4255 = CARTESIAN_POINT('',(6.065191079673,7.908263203795));
#4256 = CARTESIAN_POINT('',(6.059092214878,7.919183588453));
#4257 = ( GEOMETRIC_REPRESENTATION_CONTEXT(2) 
PARAMETRIC_REPRESENTATION_CONTEXT() REPRESENTATION_CONTEXT('2D SPACE',''
  ) );
#4258 = PCURVE('',#1572,#4259);
#4259 = DEFINITIONAL_REPRESENTATION('',(#4260),#4440);
#4260 = B_SPLINE_CURVE_WITH_KNOTS('',3,(#4261,#4262,#4263,#4264,#4265,
    #4266,#4267,#4268,#4269,#4270,#4271,#4272,#4273,#4274,#4275,#4276,
    #4277,#4278,#4279,#4280,#4281,#4282,#4283,#4284,#4285,#4286,#4287,
    #4288,#4289,#4290,#4291,#4292,#4293,#4294,#4295,#4296,#4297,#4298,
    #4299,#4300,#4301,#4302,#4303,#4304,#4305,#4306,#4307,#4308,#4309,
    #4310,#4311,#4312,#4313,#4314,#4315,#4316,#4317,#4318,#4319,#4320,
    #4321,#4322,#4323,#4324,#4325,#4326,#4327,#4328,#4329,#4330,#4331,
    #4332,#4333,#4334,#4335,#4336,#4337,#4338,#4339,#4340,#4341,#4342,
    #4343,#4344,#4345,#4346,#4347,#4348,#4349,#4350,#4351,#4352,#4353,
    #4354,#4355,#4356,#4357,#4358,#4359,#4360,#4361,#4362,#4363,#4364,
    #4365,#4366,#4367,#4368,#4369,#4370,#4371,#4372,#4373,#4374,#4375,
    #4376,#4377,#4378,#4379,#4380,#4381,#4382,#4383,#4384,#4385,#4386,
    #4387,#4388,#4389,#4390,#4391,#4392,#4393,#4394,#4395,#4396,#4397,
    #4398,#4399,#4400,#4401,#4402,#4403,#4404,#4405,#4406,#4407,#4408,
    #4409,#4410,#4411,#4412,#4413,#4414,#4415,#4416,#4417,#4418,#4419,
    #4420,#4421,#4422,#4423,#4424,#4425,#4426,#4427,#4428,#4429,#4430,
    #4431,#4432,#4433,#4434,#4435,#4436,#4437,#4438,#4439),
  .UNSPECIFIED.,.F.,.F.,(4,1,1,1,1,1,1,1,1,1,1,1,1,1,1,1,1,1,1,1,1,1,1,1
    ,1,1,1,1,1,1,1,1,1,1,1,1,1,1,1,1,1,1,1,1,1,1,1,1,1,1,1,1,1,1,1,1,1,1
    ,1,1,1,1,1,1,1,1,1,1,1,1,1,1,1,1,1,1,1,1,1,1,1,1,1,1,1,1,1,1,1,1,1,1
    ,1,1,1,1,1,1,1,1,1,1,1,1,1,1,1,1,1,1,1,1,1,1,1,1,1,1,1,1,1,1,1,1,1,1
    ,1,1,1,1,1,1,1,1,1,1,1,1,1,1,1,1,1,1,1,1,1,1,1,1,1,1,1,1,1,1,1,1,1,1
    ,1,1,1,1,1,1,1,1,1,1,1,1,1,1,1,1,4),(0.,1.074041856448E-02,
    2.148083712897E-02,3.222125569345E-02,4.296167425794E-02,
    5.370209282242E-02,6.444251138691E-02,7.518292995139E-02,
    8.592334851588E-02,9.666376708036E-02,0.107404185645,0.118144604209,
    0.128885022774,0.139625441338,0.150365859903,0.161106278467,
    0.171846697032,0.182587115596,0.193327534161,0.204067952725,
    0.21480837129,0.225548789854,0.236289208419,0.247029626983,
    0.257770045548,0.268510464112,0.279250882677,0.289991301241,
    0.300731719806,0.31147213837,0.322212556935,0.332952975499,
    0.343693394064,0.354433812628,0.365174231192,0.375914649757,
    0.386655068321,0.397395486886,0.40813590545,0.418876324015,
    0.429616742579,0.440357161144,0.451097579708,0.461837998273,
    0.472578416837,0.483318835402,0.494059253966,0.504799672531,
    0.515540091095,0.52628050966,0.537020928224,0.547761346789,
    0.558501765353,0.569242183918,0.579982602482,0.590723021047,
    0.601463439611,0.612203858176,0.62294427674,0.633684695305,
    0.644425113869,0.655165532434,0.665905950998,0.676646369563,
    0.687386788127,0.698127206691,0.708867625256,0.71960804382,
    0.730348462385,0.741088880949,0.751829299514,0.762569718078,
    0.773310136643,0.784050555207,0.794790973772,0.805531392336,
    0.816271810901,0.827012229465,0.83775264803,0.848493066594,
    0.859233485159,0.869973903723,0.880714322288,0.891454740852,
    0.902195159417,0.912935577981,0.923675996546,0.93441641511,
    0.945156833675,0.955897252239,0.966637670804,0.977378089368,
    0.988118507933,0.998858926497,1.009599345062,1.020339763626,
    1.031080182191,1.041820600755,1.052561019319,1.063301437884,
    1.074041856448,1.084782275013,1.095522693577,1.106263112142,
    1.117003530706,1.127743949271,1.138484367835,1.1492247864,
    1.159965204964,1.170705623529,1.181446042093,1.192186460658,
    1.202926879222,1.213667297787,1.224407716351,1.235148134916,
    1.24588855348,1.256628972045,1.267369390609,1.278109809174,
    1.288850227738,1.299590646303,1.310331064867,1.321071483432,
    1.331811901996,1.342552320561,1.353292739125,1.36403315769,
    1.374773576254,1.385513994818,1.396254413383,1.406994831947,
    1.417735250512,1.428475669076,1.439216087641,1.449956506205,
    1.46069692477,1.471437343334,1.482177761899,1.492918180463,
    1.503658599028,1.514399017592,1.525139436157,1.535879854721,
    1.546620273286,1.55736069185,1.568101110415,1.578841528979,
    1.589581947544,1.600322366108,1.611062784673,1.621803203237,
    1.632543621802,1.643284040366,1.654024458931,1.664764877495,
    1.67550529606,1.686245714624,1.696986133189,1.707726551753,
    1.718466970318,1.729207388882,1.739947807446,1.750688226011,
    1.761428644575,1.77216906314,1.782909481704,1.793649900269,
    1.804390318833,1.815130737398,1.825871155962,1.836611574527,
    1.847351993091,1.858092411656,1.86883283022,1.879573248785,
    1.890313667349),.QUASI_UNIFORM_KNOTS.);
#4261 = CARTESIAN_POINT('',(3.34295057438,13.248636250921));
#4262 = CARTESIAN_POINT('',(3.355168523366,13.227737617543));
#4263 = CARTESIAN_POINT('',(3.379418325928,13.185422886793));
#4264 = CARTESIAN_POINT('',(3.415250745305,13.120565970584));
#4265 = CARTESIAN_POINT('',(3.450557469762,13.054491636495));
#4266 = CARTESIAN_POINT('',(3.485353031602,12.98736788069));
#4267 = CARTESIAN_POINT('',(3.519652344435,12.919359265906));
#4268 = CARTESIAN_POINT('',(3.553464559144,12.850639026383));
#4269 = CARTESIAN_POINT('',(3.58681795773,12.781337412023));
#4270 = CARTESIAN_POINT('',(3.619741332354,12.711577287464));
#4271 = CARTESIAN_POINT('',(3.652258445518,12.641486080997));
#4272 = CARTESIAN_POINT('',(3.68439509978,12.571182132664));
#4273 = CARTESIAN_POINT('',(3.716178888367,12.500775061935));
#4274 = CARTESIAN_POINT('',(3.747635801451,12.430373547807));
#4275 = CARTESIAN_POINT('',(3.778791367832,12.360083771854));
#4276 = CARTESIAN_POINT('',(3.809670966855,12.290009286202));
#4277 = CARTESIAN_POINT('',(3.840299809531,12.220251780745));
#4278 = CARTESIAN_POINT('',(3.87070297803,12.15091170554));
#4279 = CARTESIAN_POINT('',(3.900905536199,12.082088772092));
#4280 = CARTESIAN_POINT('',(3.930932281344,12.013883282768));
#4281 = CARTESIAN_POINT('',(3.96080885261,11.94639446762));
#4282 = CARTESIAN_POINT('',(3.990557772223,11.879730162309));
#4283 = CARTESIAN_POINT('',(4.020214393165,11.813972099063));
#4284 = CARTESIAN_POINT('',(4.049800837501,11.74923573483));
#4285 = CARTESIAN_POINT('',(4.079334818317,11.685649851654));
#4286 = CARTESIAN_POINT('',(4.108834738675,11.623345771994));
#4287 = CARTESIAN_POINT('',(4.138318479747,11.562460500703));
#4288 = CARTESIAN_POINT('',(4.167803866315,11.503136087652));
#4289 = CARTESIAN_POINT('',(4.197308669951,11.445519956259));
#4290 = CARTESIAN_POINT('',(4.226850728394,11.389764922898));
#4291 = CARTESIAN_POINT('',(4.256448015928,11.336029262008));
#4292 = CARTESIAN_POINT('',(4.286118757285,11.284476672682));
#4293 = CARTESIAN_POINT('',(4.315881391384,11.235276368763));
#4294 = CARTESIAN_POINT('',(4.345755079138,11.188602548563));
#4295 = CARTESIAN_POINT('',(4.375758184843,11.144635997748));
#4296 = CARTESIAN_POINT('',(4.40591433219,11.103557555046));
#4297 = CARTESIAN_POINT('',(4.436201071677,11.065609627237));
#4298 = CARTESIAN_POINT('',(4.466618492359,11.030994068243));
#4299 = CARTESIAN_POINT('',(4.49716405364,10.999908508015));
#4300 = CARTESIAN_POINT('',(4.527847285448,10.972529902491));
#4301 = CARTESIAN_POINT('',(4.558662238557,10.949041004296));
#4302 = CARTESIAN_POINT('',(4.589580352135,10.929619897441));
#4303 = CARTESIAN_POINT('',(4.620581945916,10.914408900338));
#4304 = CARTESIAN_POINT('',(4.651648351162,10.903521799699));
#4305 = CARTESIAN_POINT('',(4.682760725162,10.897041368946));
#4306 = CARTESIAN_POINT('',(4.71390987294,10.895019901483));
#4307 = CARTESIAN_POINT('',(4.745055262168,10.897478148348));
#4308 = CARTESIAN_POINT('',(4.776163570496,10.904391292133));
#4309 = CARTESIAN_POINT('',(4.807223802575,10.915704232382));
#4310 = CARTESIAN_POINT('',(4.838217621114,10.931331191373));
#4311 = CARTESIAN_POINT('',(4.86912615131,10.951155521017));
#4312 = CARTESIAN_POINT('',(4.899929799822,10.975032349779));
#4313 = CARTESIAN_POINT('',(4.930599385366,11.002780415459));
#4314 = CARTESIAN_POINT('',(4.961131701582,11.034217857908));
#4315 = CARTESIAN_POINT('',(4.991535405477,11.069165910783));
#4316 = CARTESIAN_POINT('',(5.021809266233,11.107427974856));
#4317 = CARTESIAN_POINT('',(5.051949528442,11.148795613779));
#4318 = CARTESIAN_POINT('',(5.081962236436,11.193068446532));
#4319 = CARTESIAN_POINT('',(5.111861505616,11.24005837728));
#4320 = CARTESIAN_POINT('',(5.141658259644,11.289575625433));
#4321 = CARTESIAN_POINT('',(5.171362600042,11.341431284142));
#4322 = CARTESIAN_POINT('',(5.200984697395,11.395439595916));
#4323 = CARTESIAN_POINT('',(5.230545787658,11.451440213865));
#4324 = CARTESIAN_POINT('',(5.260065762458,11.509277374053));
#4325 = CARTESIAN_POINT('',(5.289564837441,11.568802349659));
#4326 = CARTESIAN_POINT('',(5.319063180261,11.629872501413));
#4327 = CARTESIAN_POINT('',(5.348581084361,11.692351185078));
#4328 = CARTESIAN_POINT('',(5.378139032479,11.756107451064));
#4329 = CARTESIAN_POINT('',(5.407757698709,11.821015535134));
#4330 = CARTESIAN_POINT('',(5.437458359727,11.886955209233));
#4331 = CARTESIAN_POINT('',(5.467261792651,11.953808717354));
#4332 = CARTESIAN_POINT('',(5.497192868372,12.021470518527));
#4333 = CARTESIAN_POINT('',(5.527277357819,12.089839600743));
#4334 = CARTESIAN_POINT('',(5.55754062502,12.158815652546));
#4335 = CARTESIAN_POINT('',(5.588008041626,12.228299107027));
#4336 = CARTESIAN_POINT('',(5.618704924923,12.298190172661));
#4337 = CARTESIAN_POINT('',(5.649656645253,12.368388278867));
#4338 = CARTESIAN_POINT('',(5.680888522323,12.438791107973));
#4339 = CARTESIAN_POINT('',(5.712426394039,12.509295098945));
#4340 = CARTESIAN_POINT('',(5.744294712588,12.579790709812));
#4341 = CARTESIAN_POINT('',(5.776523875326,12.650177405639));
#4342 = CARTESIAN_POINT('',(5.809123116897,12.720305217773));
#4343 = CARTESIAN_POINT('',(5.842181961941,12.790190524559));
#4344 = CARTESIAN_POINT('',(5.875764770057,12.859780073646));
#4345 = CARTESIAN_POINT('',(5.90984965374,12.928834164601));
#4346 = CARTESIAN_POINT('',(5.944439778649,12.997164773866));
#4347 = CARTESIAN_POINT('',(5.979533515684,13.064572544996));
#4348 = CARTESIAN_POINT('',(6.015132407223,13.130864446167));
#4349 = CARTESIAN_POINT('',(6.051239025736,13.19584984199));
#4350 = CARTESIAN_POINT('',(6.087857522682,13.259342315152));
#4351 = CARTESIAN_POINT('',(6.124993612814,13.321160148807));
#4352 = CARTESIAN_POINT('',(6.162654230873,13.381126490478));
#4353 = CARTESIAN_POINT('',(6.200849183214,13.439072203521));
#4354 = CARTESIAN_POINT('',(6.239585282707,13.494828361195));
#4355 = CARTESIAN_POINT('',(6.278888705757,13.548257557063));
#4356 = CARTESIAN_POINT('',(6.318722141573,13.599140381836));
#4357 = CARTESIAN_POINT('',(6.358900362323,13.647115626726));
#4358 = CARTESIAN_POINT('',(6.39937653066,13.692047662823));
#4359 = CARTESIAN_POINT('',(6.440068356013,13.733793828799));
#4360 = CARTESIAN_POINT('',(6.480910744095,13.772270823803));
#4361 = CARTESIAN_POINT('',(6.521787601025,13.807391524274));
#4362 = CARTESIAN_POINT('',(6.562631532893,13.839159236541));
#4363 = CARTESIAN_POINT('',(6.60337056813,13.86760856997));
#4364 = CARTESIAN_POINT('',(6.643931059136,13.892808452133));
#4365 = CARTESIAN_POINT('',(6.684236828662,13.914858382015));
#4366 = CARTESIAN_POINT('',(6.724203810118,13.933885668967));
#4367 = CARTESIAN_POINT('',(6.763815750685,13.950071193106));
#4368 = CARTESIAN_POINT('',(6.803040386473,13.963595575177));
#4369 = CARTESIAN_POINT('',(6.841836749139,13.974646902483));
#4370 = CARTESIAN_POINT('',(6.880178189685,13.983424409595));
#4371 = CARTESIAN_POINT('',(6.918077665523,13.990134939998));
#4372 = CARTESIAN_POINT('',(6.955537452074,13.994976320306));
#4373 = CARTESIAN_POINT('',(6.992560349698,13.998140676129));
#4374 = CARTESIAN_POINT('',(7.029149049828,13.999812966158));
#4375 = CARTESIAN_POINT('',(7.065297992237,14.00017090022));
#4376 = CARTESIAN_POINT('',(7.10102923309,13.999384091652));
#4377 = CARTESIAN_POINT('',(7.136370052441,13.997610612212));
#4378 = CARTESIAN_POINT('',(7.171337464326,13.994998558528));
#4379 = CARTESIAN_POINT('',(7.205950568899,13.99168629048));
#4380 = CARTESIAN_POINT('',(7.240227501349,13.987802747765));
#4381 = CARTESIAN_POINT('',(7.274186659926,13.98346790038));
#4382 = CARTESIAN_POINT('',(7.307849834767,13.978792271358));
#4383 = CARTESIAN_POINT('',(7.341236264687,13.973878289862));
#4384 = CARTESIAN_POINT('',(7.374365396038,13.968820697945));
#4385 = CARTESIAN_POINT('',(7.407255561165,13.963706458853));
#4386 = CARTESIAN_POINT('',(7.439928883844,13.958614711929));
#4387 = CARTESIAN_POINT('',(7.472402765995,13.953618620082));
#4388 = CARTESIAN_POINT('',(7.504693833219,13.948784829574));
#4389 = CARTESIAN_POINT('',(7.536818438544,13.944173765474));
#4390 = CARTESIAN_POINT('',(7.568792607278,13.939839849846));
#4391 = CARTESIAN_POINT('',(7.600632122802,13.935831715969));
#4392 = CARTESIAN_POINT('',(7.632352566587,13.932192398979));
#4393 = CARTESIAN_POINT('',(7.663969364156,13.928959508155));
#4394 = CARTESIAN_POINT('',(7.695497821811,13.926165379488));
#4395 = CARTESIAN_POINT('',(7.726953168344,13.923837208843));
#4396 = CARTESIAN_POINT('',(7.758350565399,13.921997165764));
#4397 = CARTESIAN_POINT('',(7.789705223022,13.92066248745));
#4398 = CARTESIAN_POINT('',(7.821032116148,13.919845554726));
#4399 = CARTESIAN_POINT('',(7.852347187918,13.919553943185));
#4400 = CARTESIAN_POINT('',(7.883663006042,13.919790474986));
#4401 = CARTESIAN_POINT('',(7.914990481662,13.92055293875));
#4402 = CARTESIAN_POINT('',(7.946345375149,13.921834308349));
#4403 = CARTESIAN_POINT('',(7.977742131636,13.923622729362));
#4404 = CARTESIAN_POINT('',(8.00919556283,13.925901464611));
#4405 = CARTESIAN_POINT('',(8.040720439624,13.92864882742));
#4406 = CARTESIAN_POINT('',(8.072331642039,13.931838094218));
#4407 = CARTESIAN_POINT('',(8.104044178061,13.935437401385));
#4408 = CARTESIAN_POINT('',(8.135873183672,13.939409615135));
#4409 = CARTESIAN_POINT('',(8.167834148274,13.943712214351));
#4410 = CARTESIAN_POINT('',(8.19994228127,13.948297037918));
#4411 = CARTESIAN_POINT('',(8.232215382028,13.953110476284));
#4412 = CARTESIAN_POINT('',(8.26467107131,13.958093042832));
#4413 = CARTESIAN_POINT('',(8.297326776764,13.963178759848));
#4414 = CARTESIAN_POINT('',(8.330200607295,13.968295331204));
#4415 = CARTESIAN_POINT('',(8.363310950583,13.973363641406));
#4416 = CARTESIAN_POINT('',(8.396676894008,13.978297608011));
#4417 = CARTESIAN_POINT('',(8.430317687403,13.983003211848));
#4418 = CARTESIAN_POINT('',(8.464252506929,13.987378716454));
#4419 = CARTESIAN_POINT('',(8.498503030922,13.991314463298));
#4420 = CARTESIAN_POINT('',(8.533088114683,13.994691352296));
#4421 = CARTESIAN_POINT('',(8.568025814634,13.997381290874));
#4422 = CARTESIAN_POINT('',(8.603335000548,13.999246810011));
#4423 = CARTESIAN_POINT('',(8.639033452886,14.000140710151));
#4424 = CARTESIAN_POINT('',(8.675145230105,13.999905907703));
#4425 = CARTESIAN_POINT('',(8.711695154669,13.998373907232));
#4426 = CARTESIAN_POINT('',(8.748678270948,13.995367800541));
#4427 = CARTESIAN_POINT('',(8.786098055038,13.990703222035));
#4428 = CARTESIAN_POINT('',(8.823956528143,13.984189028328));
#4429 = CARTESIAN_POINT('',(8.86226106516,13.975626175196));
#4430 = CARTESIAN_POINT('',(8.901007607274,13.964814038653));
#4431 = CARTESIAN_POINT('',(8.940249547527,13.951526332036));
#4432 = CARTESIAN_POINT('',(8.979919941169,13.935571451439));
#4433 = CARTESIAN_POINT('',(9.019949985148,13.916777147897));
#4434 = CARTESIAN_POINT('',(9.060277124975,13.894987910432));
#4435 = CARTESIAN_POINT('',(9.100842059567,13.870068658936));
#4436 = CARTESIAN_POINT('',(9.141588808186,13.841907653285));
#4437 = CARTESIAN_POINT('',(9.182463752162,13.810415181012));
#4438 = CARTESIAN_POINT('',(9.209765130312,13.787164305611));
#4439 = CARTESIAN_POINT('',(9.223420039979,13.774964387392));
#4440 = ( GEOMETRIC_REPRESENTATION_CONTEXT(2) 
PARAMETRIC_REPRESENTATION_CONTEXT() REPRESENTATION_CONTEXT('2D SPACE',''
  ) );
#4441 = ADVANCED_FACE('',(#4442),#1572,.F.);
#4442 = FACE_BOUND('',#4443,.F.);
#4443 = EDGE_LOOP('',(#4444,#4445,#4446,#4447));
#4444 = ORIENTED_EDGE('',*,*,#1695,.F.);
#4445 = ORIENTED_EDGE('',*,*,#3945,.T.);
#4446 = ORIENTED_EDGE('',*,*,#1555,.T.);
#4447 = ORIENTED_EDGE('',*,*,#3314,.T.);
#4448 = ADVANCED_FACE('',(#4449),#2444,.F.);
#4449 = FACE_BOUND('',#4450,.F.);
#4450 = EDGE_LOOP('',(#4451,#4477,#4478,#4570,#4596,#4686,#4687,#4709,
    #4710));
#4451 = ORIENTED_EDGE('',*,*,#4452,.F.);
#4452 = EDGE_CURVE('',#2816,#2389,#4453,.T.);
#4453 = SURFACE_CURVE('',#4454,(#4459,#4466),.PCURVE_S1.);
#4454 = CIRCLE('',#4455,1.5);
#4455 = AXIS2_PLACEMENT_3D('',#4456,#4457,#4458);
#4456 = CARTESIAN_POINT('',(-29.,0.,1.));
#4457 = DIRECTION('',(-1.,0.,0.));
#4458 = DIRECTION('',(0.,0.7453559925,-0.666666666667));
#4459 = PCURVE('',#2444,#4460);
#4460 = DEFINITIONAL_REPRESENTATION('',(#4461),#4465);
#4461 = LINE('',#4462,#4463);
#4462 = CARTESIAN_POINT('',(7.124253977748,1.));
#4463 = VECTOR('',#4464,1.);
#4464 = DIRECTION('',(-1.,-0.));
#4465 = ( GEOMETRIC_REPRESENTATION_CONTEXT(2) 
PARAMETRIC_REPRESENTATION_CONTEXT() REPRESENTATION_CONTEXT('2D SPACE',''
  ) );
#4466 = PCURVE('',#2403,#4467);
#4467 = DEFINITIONAL_REPRESENTATION('',(#4468),#4476);
#4468 = ( BOUNDED_CURVE() B_SPLINE_CURVE(2,(#4469,#4470,#4471,#4472,
#4473,#4474,#4475),.UNSPECIFIED.,.T.,.F.) B_SPLINE_CURVE_WITH_KNOTS((1,2
    ,2,2,2,1),(-2.094395102393,0.,2.094395102393,4.188790204786,
6.28318530718,8.377580409573),.UNSPECIFIED.) CURVE() 
GEOMETRIC_REPRESENTATION_ITEM() RATIONAL_B_SPLINE_CURVE((1.,0.5,1.,0.5,
1.,0.5,1.)) REPRESENTATION_ITEM('') );
#4469 = CARTESIAN_POINT('',(2.,-4.11803398875));
#4470 = CARTESIAN_POINT('',(6.350832689629E-02,-2.385983181181));
#4471 = CARTESIAN_POINT('',(2.531754163448,-1.574957601841));
#4472 = CARTESIAN_POINT('',(5.,-0.7639320225));
#4473 = CARTESIAN_POINT('',(4.468245836552,-3.307008409409));
#4474 = CARTESIAN_POINT('',(3.936491673104,-5.850084796319));
#4475 = CARTESIAN_POINT('',(2.,-4.11803398875));
#4476 = ( GEOMETRIC_REPRESENTATION_CONTEXT(2) 
PARAMETRIC_REPRESENTATION_CONTEXT() REPRESENTATION_CONTEXT('2D SPACE',''
  ) );
#4477 = ORIENTED_EDGE('',*,*,#2815,.T.);
#4478 = ORIENTED_EDGE('',*,*,#4479,.T.);
#4479 = EDGE_CURVE('',#2787,#4480,#4482,.T.);
#4480 = VERTEX_POINT('',#4481);
#4481 = CARTESIAN_POINT('',(-25.98267252389,1.11803398875,2.));
#4482 = SURFACE_CURVE('',#4483,(#4510,#4540),.PCURVE_S1.);
#4483 = B_SPLINE_CURVE_WITH_KNOTS('',5,(#4484,#4485,#4486,#4487,#4488,
    #4489,#4490,#4491,#4492,#4493,#4494,#4495,#4496,#4497,#4498,#4499,
    #4500,#4501,#4502,#4503,#4504,#4505,#4506,#4507,#4508,#4509),
  .UNSPECIFIED.,.F.,.F.,(6,4,4,4,4,4,6),(0.,0.207266175446,0.29715704875
    ,0.499344132863,0.701942360672,0.794023644219,1.),.UNSPECIFIED.);
#4484 = CARTESIAN_POINT('',(-25.98267070283,1.11803184212,
    -2.399999999736E-06));
#4485 = CARTESIAN_POINT('',(-26.0315805294,1.175685775558,
    6.445637870619E-02));
#4486 = CARTESIAN_POINT('',(-26.07417071344,1.230138298327,
    0.134684533895));
#4487 = CARTESIAN_POINT('',(-26.11061580814,1.28012823109,0.210208658656
    ));
#4488 = CARTESIAN_POINT('',(-26.14128762471,1.324539225136,
    0.290118020086));
#4489 = CARTESIAN_POINT('',(-26.1775829218,1.379251223138,0.409039660585
    ));
#4490 = CARTESIAN_POINT('',(-26.18756607762,1.394643102821,
    0.445621733995));
#4491 = CARTESIAN_POINT('',(-26.19659563683,1.408835581148,0.48274486423
    ));
#4492 = CARTESIAN_POINT('',(-26.20470933245,1.421796086248,
    0.520337744269));
#4493 = CARTESIAN_POINT('',(-26.22820341912,1.459825736544,
    0.643766660861));
#4494 = CARTESIAN_POINT('',(-26.23999336911,1.479785747264,
    0.731171637065));
#4495 = CARTESIAN_POINT('',(-26.24772772467,1.493178494938,
    0.819883030309));
#4496 = CARTESIAN_POINT('',(-26.25161594373,1.499913213743,
    0.909233854231));
#4497 = CARTESIAN_POINT('',(-26.2517154525,1.500085567872,1.088056293593
    ));
#4498 = CARTESIAN_POINT('',(-26.24791115786,1.493496206214,
    1.177600609461));
#4499 = CARTESIAN_POINT('',(-26.24024793755,1.480220798272,
    1.266514202106));
#4500 = CARTESIAN_POINT('',(-26.22851724671,1.460349381619,
    1.354126750862));
#4501 = CARTESIAN_POINT('',(-26.20492939418,1.422145432647,
    1.478706935528));
#4502 = CARTESIAN_POINT('',(-26.19663305748,1.408888361745,
    1.517224617031));
#4503 = CARTESIAN_POINT('',(-26.18737597636,1.394338237685,
    1.555249674501));
#4504 = CARTESIAN_POINT('',(-26.17711758703,1.378530134082,
    1.592705441758));
#4505 = CARTESIAN_POINT('',(-26.14052220334,1.323431653079,
    1.711870856883));
#4506 = CARTESIAN_POINT('',(-26.10993445384,1.279194136092,
    1.791201444386));
#4507 = CARTESIAN_POINT('',(-26.07363959994,1.229459274526,
    1.866191181313));
#4508 = CARTESIAN_POINT('',(-26.03127471586,1.175325288619,
    1.935946656203));
#4509 = CARTESIAN_POINT('',(-25.98267070283,1.11803184212,2.0000024));
#4510 = PCURVE('',#2444,#4511);
#4511 = DEFINITIONAL_REPRESENTATION('',(#4512),#4539);
#4512 = B_SPLINE_CURVE_WITH_KNOTS('',5,(#4513,#4514,#4515,#4516,#4517,
    #4518,#4519,#4520,#4521,#4522,#4523,#4524,#4525,#4526,#4527,#4528,
    #4529,#4530,#4531,#4532,#4533,#4534,#4535,#4536,#4537,#4538),
  .UNSPECIFIED.,.F.,.F.,(6,4,4,4,4,4,6),(1.543430291086E-06,
    0.207266175446,0.29715704875,0.499344132863,0.701942360672,
    0.794023644219,0.999998456524),.UNSPECIFIED.);
#4513 = CARTESIAN_POINT('',(7.124253977748,4.017327476107));
#4514 = CARTESIAN_POINT('',(7.18190738652,3.968418201989));
#4515 = CARTESIAN_POINT('',(7.241005370064,3.925828472374));
#4516 = CARTESIAN_POINT('',(7.301147401998,3.889383735058));
#4517 = CARTESIAN_POINT('',(7.361917592587,3.858712186765));
#4518 = CARTESIAN_POINT('',(7.449186223323,3.822417078196));
#4519 = CARTESIAN_POINT('',(7.475630642588,3.812433922372));
#4520 = CARTESIAN_POINT('',(7.502107110265,3.803404363169));
#4521 = CARTESIAN_POINT('',(7.528602029515,3.795290667545));
#4522 = CARTESIAN_POINT('',(7.614705202131,3.771796580874));
#4523 = CARTESIAN_POINT('',(7.674310027054,3.760006630889));
#4524 = CARTESIAN_POINT('',(7.733899293866,3.752272275323));
#4525 = CARTESIAN_POINT('',(7.793470842321,3.748384056265));
#4526 = CARTESIAN_POINT('',(7.912685857269,3.748284547491));
#4527 = CARTESIAN_POINT('',(7.972377839176,3.752088842133));
#4528 = CARTESIAN_POINT('',(8.032087457615,3.759752062443));
#4529 = CARTESIAN_POINT('',(8.091813090533,3.771482753282));
#4530 = CARTESIAN_POINT('',(8.178684039848,3.79507060582));
#4531 = CARTESIAN_POINT('',(8.205825171613,3.803366942511));
#4532 = CARTESIAN_POINT('',(8.232946984703,3.812624023631));
#4533 = CARTESIAN_POINT('',(8.260034831603,3.822882412961));
#4534 = CARTESIAN_POINT('',(8.347558949567,3.859477607151));
#4535 = CARTESIAN_POINT('',(8.407939080437,3.890065087739));
#4536 = CARTESIAN_POINT('',(8.46769485337,3.926359584132));
#4537 = CARTESIAN_POINT('',(8.52641636771,3.968724014303));
#4538 = CARTESIAN_POINT('',(8.583709290201,4.017327476107));
#4539 = ( GEOMETRIC_REPRESENTATION_CONTEXT(2) 
PARAMETRIC_REPRESENTATION_CONTEXT() REPRESENTATION_CONTEXT('2D SPACE',''
  ) );
#4540 = PCURVE('',#2803,#4541);
#4541 = DEFINITIONAL_REPRESENTATION('',(#4542),#4569);
#4542 = B_SPLINE_CURVE_WITH_KNOTS('',5,(#4543,#4544,#4545,#4546,#4547,
    #4548,#4549,#4550,#4551,#4552,#4553,#4554,#4555,#4556,#4557,#4558,
    #4559,#4560,#4561,#4562,#4563,#4564,#4565,#4566,#4567,#4568),
  .UNSPECIFIED.,.F.,.F.,(6,4,4,4,4,4,6),(0.,0.207266175446,0.29715704875
    ,0.499344132863,0.701942360672,0.794023644219,1.),.UNSPECIFIED.);
#4543 = CARTESIAN_POINT('',(3.845119072469,11.9999976));
#4544 = CARTESIAN_POINT('',(3.81604014708,12.064456378706));
#4545 = CARTESIAN_POINT('',(3.789472738292,12.134684533895));
#4546 = CARTESIAN_POINT('',(3.765691042168,12.210208658656));
#4547 = CARTESIAN_POINT('',(3.744935649301,12.290118020086));
#4548 = CARTESIAN_POINT('',(3.719683221578,12.409039660585));
#4549 = CARTESIAN_POINT('',(3.712627441404,12.445621733995));
#4550 = CARTESIAN_POINT('',(3.706157982828,12.48274486423));
#4551 = CARTESIAN_POINT('',(3.700277006441,12.520337744269));
#4552 = CARTESIAN_POINT('',(3.683084111897,12.643766660861));
#4553 = CARTESIAN_POINT('',(3.674169614987,12.731171637065));
#4554 = CARTESIAN_POINT('',(3.668220851395,12.819883030309));
#4555 = CARTESIAN_POINT('',(3.665229972325,12.909233854231));
#4556 = CARTESIAN_POINT('',(3.665153427155,13.088056293593));
#4557 = CARTESIAN_POINT('',(3.668079749176,13.177600609461));
#4558 = CARTESIAN_POINT('',(3.673975753856,13.266514202106));
#4559 = CARTESIAN_POINT('',(3.68284933089,13.354126750862));
#4560 = CARTESIAN_POINT('',(3.700118212608,13.478706935528));
#4561 = CARTESIAN_POINT('',(3.706133142254,13.517224617031));
#4562 = CARTESIAN_POINT('',(3.712765607342,13.555249674501));
#4563 = CARTESIAN_POINT('',(3.720013270623,13.592705441758));
#4564 = CARTESIAN_POINT('',(3.745453375233,13.711870856883));
#4565 = CARTESIAN_POINT('',(3.766135506717,13.791201444386));
#4566 = CARTESIAN_POINT('',(3.789804035265,13.866191181313));
#4567 = CARTESIAN_POINT('',(3.816221965946,13.935946656203));
#4568 = CARTESIAN_POINT('',(3.845119072469,14.0000024));
#4569 = ( GEOMETRIC_REPRESENTATION_CONTEXT(2) 
PARAMETRIC_REPRESENTATION_CONTEXT() REPRESENTATION_CONTEXT('2D SPACE',''
  ) );
#4570 = ORIENTED_EDGE('',*,*,#4571,.T.);
#4571 = EDGE_CURVE('',#4480,#4572,#4574,.T.);
#4572 = VERTEX_POINT('',#4573);
#4573 = CARTESIAN_POINT('',(-22.0173274761,1.11803398875,2.));
#4574 = SURFACE_CURVE('',#4575,(#4579,#4585),.PCURVE_S1.);
#4575 = LINE('',#4576,#4577);
#4576 = CARTESIAN_POINT('',(-30.,1.11803398875,2.));
#4577 = VECTOR('',#4578,1.);
#4578 = DIRECTION('',(1.,0.,2.22044604925E-16));
#4579 = PCURVE('',#2444,#4580);
#4580 = DEFINITIONAL_REPRESENTATION('',(#4581),#4584);
#4581 = B_SPLINE_CURVE_WITH_KNOTS('',1,(#4582,#4583),.UNSPECIFIED.,.F.,
  .F.,(2,2),(4.017327476107,7.982672523893),.PIECEWISE_BEZIER_KNOTS.);
#4582 = CARTESIAN_POINT('',(8.583709290201,4.017327476107));
#4583 = CARTESIAN_POINT('',(8.583709290201,7.982672523893));
#4584 = ( GEOMETRIC_REPRESENTATION_CONTEXT(2) 
PARAMETRIC_REPRESENTATION_CONTEXT() REPRESENTATION_CONTEXT('2D SPACE',''
  ) );
#4585 = PCURVE('',#4586,#4591);
#4586 = PLANE('',#4587);
#4587 = AXIS2_PLACEMENT_3D('',#4588,#4589,#4590);
#4588 = CARTESIAN_POINT('',(-24.,2.8,2.));
#4589 = DIRECTION('',(0.,0.,1.));
#4590 = DIRECTION('',(1.,0.,0.));
#4591 = DEFINITIONAL_REPRESENTATION('',(#4592),#4595);
#4592 = B_SPLINE_CURVE_WITH_KNOTS('',1,(#4593,#4594),.UNSPECIFIED.,.F.,
  .F.,(2,2),(2.88,9.0000024),.PIECEWISE_BEZIER_KNOTS.);
#4593 = CARTESIAN_POINT('',(-3.12,-1.68196601125));
#4594 = CARTESIAN_POINT('',(3.0000024,-1.68196601125));
#4595 = ( GEOMETRIC_REPRESENTATION_CONTEXT(2) 
PARAMETRIC_REPRESENTATION_CONTEXT() REPRESENTATION_CONTEXT('2D SPACE',''
  ) );
#4596 = ORIENTED_EDGE('',*,*,#4597,.F.);
#4597 = EDGE_CURVE('',#2766,#4572,#4598,.T.);
#4598 = SURFACE_CURVE('',#4599,(#4626,#4656),.PCURVE_S1.);
#4599 = B_SPLINE_CURVE_WITH_KNOTS('',5,(#4600,#4601,#4602,#4603,#4604,
    #4605,#4606,#4607,#4608,#4609,#4610,#4611,#4612,#4613,#4614,#4615,
    #4616,#4617,#4618,#4619,#4620,#4621,#4622,#4623,#4624,#4625),
  .UNSPECIFIED.,.F.,.F.,(6,4,4,4,4,4,6),(0.,0.207266169827,
    0.297157040708,0.499344119372,0.701942341694,0.794023627643,1.),
  .UNSPECIFIED.);
#4600 = CARTESIAN_POINT('',(-22.01732929716,1.11803184212,
    -2.399999999403E-06));
#4601 = CARTESIAN_POINT('',(-21.96841947059,1.175685775558,
    6.445637870619E-02));
#4602 = CARTESIAN_POINT('',(-21.92582928655,1.230138298327,
    0.134684533895));
#4603 = CARTESIAN_POINT('',(-21.88938419186,1.28012823109,0.210208658656
    ));
#4604 = CARTESIAN_POINT('',(-21.85871237528,1.324539225136,
    0.290118020086));
#4605 = CARTESIAN_POINT('',(-21.82241707819,1.379251223141,0.40903966059
    ));
#4606 = CARTESIAN_POINT('',(-21.81243392237,1.39464310282,0.44562173399)
  );
#4607 = CARTESIAN_POINT('',(-21.80340436317,1.408835581146,
    0.482744864226));
#4608 = CARTESIAN_POINT('',(-21.79529066754,1.421796086249,
    0.520337744274));
#4609 = CARTESIAN_POINT('',(-21.77179658087,1.45982573654,0.643766660849
    ));
#4610 = CARTESIAN_POINT('',(-21.76000663088,1.479785747269,
    0.731171637075));
#4611 = CARTESIAN_POINT('',(-21.75227227532,1.493178494936,0.81988303032
    ));
#4612 = CARTESIAN_POINT('',(-21.74838405626,1.499913213743,
    0.909233854219));
#4613 = CARTESIAN_POINT('',(-21.74828454749,1.500085567872,
    1.088056293593));
#4614 = CARTESIAN_POINT('',(-21.75208884213,1.493496206214,
    1.177600609461));
#4615 = CARTESIAN_POINT('',(-21.75975206244,1.480220798272,
    1.266514202106));
#4616 = CARTESIAN_POINT('',(-21.77148275328,1.460349381619,
    1.354126750862));
#4617 = CARTESIAN_POINT('',(-21.79507060621,1.422145432013,
    1.478706937598));
#4618 = CARTESIAN_POINT('',(-21.80336694203,1.408888362467,
    1.517224615348));
#4619 = CARTESIAN_POINT('',(-21.81262402326,1.394338238262,
    1.555249672784));
#4620 = CARTESIAN_POINT('',(-21.82288241357,1.378530133156,
    1.592705443761));
#4621 = CARTESIAN_POINT('',(-21.85947779665,1.323431653079,
    1.711870856883));
#4622 = CARTESIAN_POINT('',(-21.89006554615,1.279194136092,
    1.791201444386));
#4623 = CARTESIAN_POINT('',(-21.92636040005,1.229459274526,
    1.866191181313));
#4624 = CARTESIAN_POINT('',(-21.96872528413,1.175325288619,
    1.935946656203));
#4625 = CARTESIAN_POINT('',(-22.01732929716,1.11803184212,2.0000024));
#4626 = PCURVE('',#2444,#4627);
#4627 = DEFINITIONAL_REPRESENTATION('',(#4628),#4655);
#4628 = B_SPLINE_CURVE_WITH_KNOTS('',5,(#4629,#4630,#4631,#4632,#4633,
    #4634,#4635,#4636,#4637,#4638,#4639,#4640,#4641,#4642,#4643,#4644,
    #4645,#4646,#4647,#4648,#4649,#4650,#4651,#4652,#4653,#4654),
  .UNSPECIFIED.,.F.,.F.,(6,4,4,4,4,4,6),(1.54343024896E-06,
    0.207266169827,0.297157040708,0.499344119372,0.701942341694,
    0.794023627643,0.999998456524),.UNSPECIFIED.);
#4629 = CARTESIAN_POINT('',(7.124253977748,7.982672523893));
#4630 = CARTESIAN_POINT('',(7.18190738652,8.031581798011));
#4631 = CARTESIAN_POINT('',(7.241005370064,8.074171527626));
#4632 = CARTESIAN_POINT('',(7.301147401998,8.110616264942));
#4633 = CARTESIAN_POINT('',(7.361917592587,8.141287813235));
#4634 = CARTESIAN_POINT('',(7.449186223327,8.177582921806));
#4635 = CARTESIAN_POINT('',(7.475630642585,8.187566077627));
#4636 = CARTESIAN_POINT('',(7.502107110262,8.19659563683));
#4637 = CARTESIAN_POINT('',(7.528602029519,8.204709332456));
#4638 = CARTESIAN_POINT('',(7.614705202123,8.228203419123));
#4639 = CARTESIAN_POINT('',(7.674310027061,8.239993369114));
#4640 = CARTESIAN_POINT('',(7.733899293873,8.247727724675));
#4641 = CARTESIAN_POINT('',(7.793470842313,8.251615943735));
#4642 = CARTESIAN_POINT('',(7.912685857269,8.251715452509));
#4643 = CARTESIAN_POINT('',(7.972377839176,8.247911157867));
#4644 = CARTESIAN_POINT('',(8.032087457615,8.240247937557));
#4645 = CARTESIAN_POINT('',(8.091813090533,8.228517246718));
#4646 = CARTESIAN_POINT('',(8.178684041291,8.204929393788));
#4647 = CARTESIAN_POINT('',(8.205825170391,8.196633057963));
#4648 = CARTESIAN_POINT('',(8.232946983494,8.187375976731));
#4649 = CARTESIAN_POINT('',(8.260034833074,8.177117586424));
#4650 = CARTESIAN_POINT('',(8.347558949567,8.140522392849));
#4651 = CARTESIAN_POINT('',(8.407939080437,8.109934912261));
#4652 = CARTESIAN_POINT('',(8.46769485337,8.073640415868));
#4653 = CARTESIAN_POINT('',(8.52641636771,8.031275985697));
#4654 = CARTESIAN_POINT('',(8.583709290201,7.982672523893));
#4655 = ( GEOMETRIC_REPRESENTATION_CONTEXT(2) 
PARAMETRIC_REPRESENTATION_CONTEXT() REPRESENTATION_CONTEXT('2D SPACE',''
  ) );
#4656 = PCURVE('',#2803,#4657);
#4657 = DEFINITIONAL_REPRESENTATION('',(#4658),#4685);
#4658 = B_SPLINE_CURVE_WITH_KNOTS('',5,(#4659,#4660,#4661,#4662,#4663,
    #4664,#4665,#4666,#4667,#4668,#4669,#4670,#4671,#4672,#4673,#4674,
    #4675,#4676,#4677,#4678,#4679,#4680,#4681,#4682,#4683,#4684),
  .UNSPECIFIED.,.F.,.F.,(6,4,4,4,4,4,6),(0.,0.207266169827,
    0.297157040708,0.499344119372,0.701942341694,0.794023627643,1.),
  .UNSPECIFIED.);
#4659 = CARTESIAN_POINT('',(5.579658888301,11.9999976));
#4660 = CARTESIAN_POINT('',(5.608737813689,12.064456378706));
#4661 = CARTESIAN_POINT('',(5.635305222478,12.134684533895));
#4662 = CARTESIAN_POINT('',(5.659086918601,12.210208658656));
#4663 = CARTESIAN_POINT('',(5.679842311468,12.290118020086));
#4664 = CARTESIAN_POINT('',(5.705094739193,12.40903966059));
#4665 = CARTESIAN_POINT('',(5.712150519364,12.44562173399));
#4666 = CARTESIAN_POINT('',(5.718619977941,12.482744864226));
#4667 = CARTESIAN_POINT('',(5.724500954329,12.520337744274));
#4668 = CARTESIAN_POINT('',(5.741693848871,12.643766660849));
#4669 = CARTESIAN_POINT('',(5.750608345785,12.731171637075));
#4670 = CARTESIAN_POINT('',(5.756557109373,12.81988303032));
#4671 = CARTESIAN_POINT('',(5.759547988445,12.909233854219));
#4672 = CARTESIAN_POINT('',(5.759624533614,13.088056293593));
#4673 = CARTESIAN_POINT('',(5.756698211594,13.177600609461));
#4674 = CARTESIAN_POINT('',(5.750802206914,13.266514202106));
#4675 = CARTESIAN_POINT('',(5.74192862988,13.354126750862));
#4676 = CARTESIAN_POINT('',(5.724659747875,13.478706937598));
#4677 = CARTESIAN_POINT('',(5.718644818848,13.517224615348));
#4678 = CARTESIAN_POINT('',(5.71201235369,13.555249672784));
#4679 = CARTESIAN_POINT('',(5.704764689719,13.592705443761));
#4680 = CARTESIAN_POINT('',(5.679324585536,13.711870856883));
#4681 = CARTESIAN_POINT('',(5.658642454052,13.791201444386));
#4682 = CARTESIAN_POINT('',(5.634973925504,13.866191181313));
#4683 = CARTESIAN_POINT('',(5.608555994824,13.935946656203));
#4684 = CARTESIAN_POINT('',(5.579658888301,14.0000024));
#4685 = ( GEOMETRIC_REPRESENTATION_CONTEXT(2) 
PARAMETRIC_REPRESENTATION_CONTEXT() REPRESENTATION_CONTEXT('2D SPACE',''
  ) );
#4686 = ORIENTED_EDGE('',*,*,#2765,.T.);
#4687 = ORIENTED_EDGE('',*,*,#4688,.F.);
#4688 = EDGE_CURVE('',#2672,#2745,#4689,.T.);
#4689 = SURFACE_CURVE('',#4690,(#4695,#4702),.PCURVE_S1.);
#4690 = CIRCLE('',#4691,1.5);
#4691 = AXIS2_PLACEMENT_3D('',#4692,#4693,#4694);
#4692 = CARTESIAN_POINT('',(-21.,0.,1.));
#4693 = DIRECTION('',(1.,0.,0.));
#4694 = DIRECTION('',(0.,-0.7453559925,-0.666666666667));
#4695 = PCURVE('',#2444,#4696);
#4696 = DEFINITIONAL_REPRESENTATION('',(#4697),#4701);
#4697 = LINE('',#4698,#4699);
#4698 = CARTESIAN_POINT('',(5.442116636612,9.));
#4699 = VECTOR('',#4700,1.);
#4700 = DIRECTION('',(1.,0.));
#4701 = ( GEOMETRIC_REPRESENTATION_CONTEXT(2) 
PARAMETRIC_REPRESENTATION_CONTEXT() REPRESENTATION_CONTEXT('2D SPACE',''
  ) );
#4702 = PCURVE('',#2251,#4703);
#4703 = DEFINITIONAL_REPRESENTATION('',(#4704),#4708);
#4704 = CIRCLE('',#4705,1.5);
#4705 = AXIS2_PLACEMENT_2D('',#4706,#4707);
#4706 = CARTESIAN_POINT('',(3.,-3.));
#4707 = DIRECTION('',(-0.666666666667,0.7453559925));
#4708 = ( GEOMETRIC_REPRESENTATION_CONTEXT(2) 
PARAMETRIC_REPRESENTATION_CONTEXT() REPRESENTATION_CONTEXT('2D SPACE',''
  ) );
#4709 = ORIENTED_EDGE('',*,*,#2903,.F.);
#4710 = ORIENTED_EDGE('',*,*,#2414,.T.);
#4711 = ADVANCED_FACE('',(#4712),#2403,.F.);
#4712 = FACE_BOUND('',#4713,.F.);
#4713 = EDGE_LOOP('',(#4714,#4715,#4738,#4759,#4760));
#4714 = ORIENTED_EDGE('',*,*,#2388,.F.);
#4715 = ORIENTED_EDGE('',*,*,#4716,.T.);
#4716 = EDGE_CURVE('',#2366,#4717,#4719,.T.);
#4717 = VERTEX_POINT('',#4718);
#4718 = CARTESIAN_POINT('',(-29.,3.,-2.));
#4719 = SURFACE_CURVE('',#4720,(#4724,#4731),.PCURVE_S1.);
#4720 = LINE('',#4721,#4722);
#4721 = CARTESIAN_POINT('',(-29.,-3.,-2.));
#4722 = VECTOR('',#4723,1.);
#4723 = DIRECTION('',(0.,1.,0.));
#4724 = PCURVE('',#2403,#4725);
#4725 = DEFINITIONAL_REPRESENTATION('',(#4726),#4730);
#4726 = LINE('',#4727,#4728);
#4727 = CARTESIAN_POINT('',(0.,0.));
#4728 = VECTOR('',#4729,1.);
#4729 = DIRECTION('',(0.,-1.));
#4730 = ( GEOMETRIC_REPRESENTATION_CONTEXT(2) 
PARAMETRIC_REPRESENTATION_CONTEXT() REPRESENTATION_CONTEXT('2D SPACE',''
  ) );
#4731 = PCURVE('',#2278,#4732);
#4732 = DEFINITIONAL_REPRESENTATION('',(#4733),#4737);
#4733 = LINE('',#4734,#4735);
#4734 = CARTESIAN_POINT('',(0.,0.));
#4735 = VECTOR('',#4736,1.);
#4736 = DIRECTION('',(0.,1.));
#4737 = ( GEOMETRIC_REPRESENTATION_CONTEXT(2) 
PARAMETRIC_REPRESENTATION_CONTEXT() REPRESENTATION_CONTEXT('2D SPACE',''
  ) );
#4738 = ORIENTED_EDGE('',*,*,#4739,.T.);
#4739 = EDGE_CURVE('',#4717,#2837,#4740,.T.);
#4740 = SURFACE_CURVE('',#4741,(#4745,#4752),.PCURVE_S1.);
#4741 = LINE('',#4742,#4743);
#4742 = CARTESIAN_POINT('',(-29.,3.,-2.));
#4743 = VECTOR('',#4744,1.);
#4744 = DIRECTION('',(0.,0.,1.));
#4745 = PCURVE('',#2403,#4746);
#4746 = DEFINITIONAL_REPRESENTATION('',(#4747),#4751);
#4747 = LINE('',#4748,#4749);
#4748 = CARTESIAN_POINT('',(0.,-6.));
#4749 = VECTOR('',#4750,1.);
#4750 = DIRECTION('',(1.,0.));
#4751 = ( GEOMETRIC_REPRESENTATION_CONTEXT(2) 
PARAMETRIC_REPRESENTATION_CONTEXT() REPRESENTATION_CONTEXT('2D SPACE',''
  ) );
#4752 = PCURVE('',#2733,#4753);
#4753 = DEFINITIONAL_REPRESENTATION('',(#4754),#4758);
#4754 = LINE('',#4755,#4756);
#4755 = CARTESIAN_POINT('',(0.,0.));
#4756 = VECTOR('',#4757,1.);
#4757 = DIRECTION('',(1.,0.));
#4758 = ( GEOMETRIC_REPRESENTATION_CONTEXT(2) 
PARAMETRIC_REPRESENTATION_CONTEXT() REPRESENTATION_CONTEXT('2D SPACE',''
  ) );
#4759 = ORIENTED_EDGE('',*,*,#2836,.F.);
#4760 = ORIENTED_EDGE('',*,*,#4452,.T.);
#4761 = ADVANCED_FACE('',(#4762),#2278,.F.);
#4762 = FACE_BOUND('',#4763,.F.);
#4763 = EDGE_LOOP('',(#4764,#4765,#4766,#4787,#4788,#4811));
#4764 = ORIENTED_EDGE('',*,*,#4716,.F.);
#4765 = ORIENTED_EDGE('',*,*,#2365,.T.);
#4766 = ORIENTED_EDGE('',*,*,#4767,.T.);
#4767 = EDGE_CURVE('',#2345,#2263,#4768,.T.);
#4768 = SURFACE_CURVE('',#4769,(#4773,#4780),.PCURVE_S1.);
#4769 = LINE('',#4770,#4771);
#4770 = CARTESIAN_POINT('',(-29.,-3.,-2.));
#4771 = VECTOR('',#4772,1.);
#4772 = DIRECTION('',(1.,0.,0.));
#4773 = PCURVE('',#2278,#4774);
#4774 = DEFINITIONAL_REPRESENTATION('',(#4775),#4779);
#4775 = LINE('',#4776,#4777);
#4776 = CARTESIAN_POINT('',(0.,0.));
#4777 = VECTOR('',#4778,1.);
#4778 = DIRECTION('',(1.,0.));
#4779 = ( GEOMETRIC_REPRESENTATION_CONTEXT(2) 
PARAMETRIC_REPRESENTATION_CONTEXT() REPRESENTATION_CONTEXT('2D SPACE',''
  ) );
#4780 = PCURVE('',#2305,#4781);
#4781 = DEFINITIONAL_REPRESENTATION('',(#4782),#4786);
#4782 = LINE('',#4783,#4784);
#4783 = CARTESIAN_POINT('',(0.,0.));
#4784 = VECTOR('',#4785,1.);
#4785 = DIRECTION('',(0.,1.));
#4786 = ( GEOMETRIC_REPRESENTATION_CONTEXT(2) 
PARAMETRIC_REPRESENTATION_CONTEXT() REPRESENTATION_CONTEXT('2D SPACE',''
  ) );
#4787 = ORIENTED_EDGE('',*,*,#2262,.T.);
#4788 = ORIENTED_EDGE('',*,*,#4789,.T.);
#4789 = EDGE_CURVE('',#2237,#4790,#4792,.T.);
#4790 = VERTEX_POINT('',#4791);
#4791 = CARTESIAN_POINT('',(-21.,3.,-2.));
#4792 = SURFACE_CURVE('',#4793,(#4797,#4804),.PCURVE_S1.);
#4793 = LINE('',#4794,#4795);
#4794 = CARTESIAN_POINT('',(-21.,-3.,-2.));
#4795 = VECTOR('',#4796,1.);
#4796 = DIRECTION('',(0.,1.,0.));
#4797 = PCURVE('',#2278,#4798);
#4798 = DEFINITIONAL_REPRESENTATION('',(#4799),#4803);
#4799 = LINE('',#4800,#4801);
#4800 = CARTESIAN_POINT('',(8.,0.));
#4801 = VECTOR('',#4802,1.);
#4802 = DIRECTION('',(0.,1.));
#4803 = ( GEOMETRIC_REPRESENTATION_CONTEXT(2) 
PARAMETRIC_REPRESENTATION_CONTEXT() REPRESENTATION_CONTEXT('2D SPACE',''
  ) );
#4804 = PCURVE('',#2251,#4805);
#4805 = DEFINITIONAL_REPRESENTATION('',(#4806),#4810);
#4806 = LINE('',#4807,#4808);
#4807 = CARTESIAN_POINT('',(0.,0.));
#4808 = VECTOR('',#4809,1.);
#4809 = DIRECTION('',(0.,-1.));
#4810 = ( GEOMETRIC_REPRESENTATION_CONTEXT(2) 
PARAMETRIC_REPRESENTATION_CONTEXT() REPRESENTATION_CONTEXT('2D SPACE',''
  ) );
#4811 = ORIENTED_EDGE('',*,*,#4812,.F.);
#4812 = EDGE_CURVE('',#4717,#4790,#4813,.T.);
#4813 = SURFACE_CURVE('',#4814,(#4818,#4825),.PCURVE_S1.);
#4814 = LINE('',#4815,#4816);
#4815 = CARTESIAN_POINT('',(-29.,3.,-2.));
#4816 = VECTOR('',#4817,1.);
#4817 = DIRECTION('',(1.,0.,0.));
#4818 = PCURVE('',#2278,#4819);
#4819 = DEFINITIONAL_REPRESENTATION('',(#4820),#4824);
#4820 = LINE('',#4821,#4822);
#4821 = CARTESIAN_POINT('',(0.,6.));
#4822 = VECTOR('',#4823,1.);
#4823 = DIRECTION('',(1.,0.));
#4824 = ( GEOMETRIC_REPRESENTATION_CONTEXT(2) 
PARAMETRIC_REPRESENTATION_CONTEXT() REPRESENTATION_CONTEXT('2D SPACE',''
  ) );
#4825 = PCURVE('',#2733,#4826);
#4826 = DEFINITIONAL_REPRESENTATION('',(#4827),#4831);
#4827 = LINE('',#4828,#4829);
#4828 = CARTESIAN_POINT('',(0.,0.));
#4829 = VECTOR('',#4830,1.);
#4830 = DIRECTION('',(0.,1.));
#4831 = ( GEOMETRIC_REPRESENTATION_CONTEXT(2) 
PARAMETRIC_REPRESENTATION_CONTEXT() REPRESENTATION_CONTEXT('2D SPACE',''
  ) );
#4832 = ADVANCED_FACE('',(#4833),#2305,.F.);
#4833 = FACE_BOUND('',#4834,.F.);
#4834 = EDGE_LOOP('',(#4835,#4836,#4837,#4856));
#4835 = ORIENTED_EDGE('',*,*,#4767,.F.);
#4836 = ORIENTED_EDGE('',*,*,#2344,.T.);
#4837 = ORIENTED_EDGE('',*,*,#4838,.F.);
#4838 = EDGE_CURVE('',#2291,#2317,#4839,.T.);
#4839 = SURFACE_CURVE('',#4840,(#4844,#4850),.PCURVE_S1.);
#4840 = LINE('',#4841,#4842);
#4841 = CARTESIAN_POINT('',(-26.5,-3.,0.));
#4842 = VECTOR('',#4843,1.);
#4843 = DIRECTION('',(-1.,0.,0.));
#4844 = PCURVE('',#2305,#4845);
#4845 = DEFINITIONAL_REPRESENTATION('',(#4846),#4849);
#4846 = B_SPLINE_CURVE_WITH_KNOTS('',1,(#4847,#4848),.UNSPECIFIED.,.F.,
  .F.,(2,2),(-5.5,2.5),.PIECEWISE_BEZIER_KNOTS.);
#4847 = CARTESIAN_POINT('',(2.,8.));
#4848 = CARTESIAN_POINT('',(2.,0.));
#4849 = ( GEOMETRIC_REPRESENTATION_CONTEXT(2) 
PARAMETRIC_REPRESENTATION_CONTEXT() REPRESENTATION_CONTEXT('2D SPACE',''
  ) );
#4850 = PCURVE('',#2332,#4851);
#4851 = DEFINITIONAL_REPRESENTATION('',(#4852),#4855);
#4852 = B_SPLINE_CURVE_WITH_KNOTS('',1,(#4853,#4854),.UNSPECIFIED.,.F.,
  .F.,(2,2),(-5.5,2.5),.PIECEWISE_BEZIER_KNOTS.);
#4853 = CARTESIAN_POINT('',(3.,-5.8));
#4854 = CARTESIAN_POINT('',(-5.,-5.8));
#4855 = ( GEOMETRIC_REPRESENTATION_CONTEXT(2) 
PARAMETRIC_REPRESENTATION_CONTEXT() REPRESENTATION_CONTEXT('2D SPACE',''
  ) );
#4856 = ORIENTED_EDGE('',*,*,#2290,.F.);
#4857 = ADVANCED_FACE('',(#4858),#2332,.F.);
#4858 = FACE_BOUND('',#4859,.F.);
#4859 = EDGE_LOOP('',(#4860,#4861));
#4860 = ORIENTED_EDGE('',*,*,#4838,.T.);
#4861 = ORIENTED_EDGE('',*,*,#2316,.T.);
#4862 = ADVANCED_FACE('',(#4863),#2251,.T.);
#4863 = FACE_BOUND('',#4864,.T.);
#4864 = EDGE_LOOP('',(#4865,#4866,#4867,#4888,#4889,#4890));
#4865 = ORIENTED_EDGE('',*,*,#2236,.F.);
#4866 = ORIENTED_EDGE('',*,*,#4789,.T.);
#4867 = ORIENTED_EDGE('',*,*,#4868,.T.);
#4868 = EDGE_CURVE('',#4790,#2719,#4869,.T.);
#4869 = SURFACE_CURVE('',#4870,(#4874,#4881),.PCURVE_S1.);
#4870 = LINE('',#4871,#4872);
#4871 = CARTESIAN_POINT('',(-21.,3.,-2.));
#4872 = VECTOR('',#4873,1.);
#4873 = DIRECTION('',(0.,0.,1.));
#4874 = PCURVE('',#2251,#4875);
#4875 = DEFINITIONAL_REPRESENTATION('',(#4876),#4880);
#4876 = LINE('',#4877,#4878);
#4877 = CARTESIAN_POINT('',(0.,-6.));
#4878 = VECTOR('',#4879,1.);
#4879 = DIRECTION('',(1.,0.));
#4880 = ( GEOMETRIC_REPRESENTATION_CONTEXT(2) 
PARAMETRIC_REPRESENTATION_CONTEXT() REPRESENTATION_CONTEXT('2D SPACE',''
  ) );
#4881 = PCURVE('',#2733,#4882);
#4882 = DEFINITIONAL_REPRESENTATION('',(#4883),#4887);
#4883 = LINE('',#4884,#4885);
#4884 = CARTESIAN_POINT('',(0.,8.));
#4885 = VECTOR('',#4886,1.);
#4886 = DIRECTION('',(1.,0.));
#4887 = ( GEOMETRIC_REPRESENTATION_CONTEXT(2) 
PARAMETRIC_REPRESENTATION_CONTEXT() REPRESENTATION_CONTEXT('2D SPACE',''
  ) );
#4888 = ORIENTED_EDGE('',*,*,#2744,.F.);
#4889 = ORIENTED_EDGE('',*,*,#4688,.F.);
#4890 = ORIENTED_EDGE('',*,*,#2671,.F.);
#4891 = ADVANCED_FACE('',(#4892),#2628,.F.);
#4892 = FACE_BOUND('',#4893,.F.);
#4893 = EDGE_LOOP('',(#4894,#4915,#4916,#4917));
#4894 = ORIENTED_EDGE('',*,*,#4895,.F.);
#4895 = EDGE_CURVE('',#2695,#4896,#4898,.T.);
#4896 = VERTEX_POINT('',#4897);
#4897 = CARTESIAN_POINT('',(-21.40770372063,3.,2.));
#4898 = SURFACE_CURVE('',#4899,(#4903,#4909),.PCURVE_S1.);
#4899 = LINE('',#4900,#4901);
#4900 = CARTESIAN_POINT('',(-21.40770372063,3.,-12.));
#4901 = VECTOR('',#4902,1.);
#4902 = DIRECTION('',(0.,0.,1.));
#4903 = PCURVE('',#2628,#4904);
#4904 = DEFINITIONAL_REPRESENTATION('',(#4905),#4908);
#4905 = B_SPLINE_CURVE_WITH_KNOTS('',1,(#4906,#4907),.UNSPECIFIED.,.F.,
  .F.,(2,2),(11.9999976,14.0000024),.PIECEWISE_BEZIER_KNOTS.);
#4906 = CARTESIAN_POINT('',(7.699914065682E-02,11.9999976));
#4907 = CARTESIAN_POINT('',(7.699914065682E-02,14.0000024));
#4908 = ( GEOMETRIC_REPRESENTATION_CONTEXT(2) 
PARAMETRIC_REPRESENTATION_CONTEXT() REPRESENTATION_CONTEXT('2D SPACE',''
  ) );
#4909 = PCURVE('',#2733,#4910);
#4910 = DEFINITIONAL_REPRESENTATION('',(#4911),#4914);
#4911 = B_SPLINE_CURVE_WITH_KNOTS('',1,(#4912,#4913),.UNSPECIFIED.,.F.,
  .F.,(2,2),(11.9999976,14.0000024),.PIECEWISE_BEZIER_KNOTS.);
#4912 = CARTESIAN_POINT('',(1.9999976,7.592296279363));
#4913 = CARTESIAN_POINT('',(4.0000024,7.592296279363));
#4914 = ( GEOMETRIC_REPRESENTATION_CONTEXT(2) 
PARAMETRIC_REPRESENTATION_CONTEXT() REPRESENTATION_CONTEXT('2D SPACE',''
  ) );
#4915 = ORIENTED_EDGE('',*,*,#2694,.T.);
#4916 = ORIENTED_EDGE('',*,*,#2594,.T.);
#4917 = ORIENTED_EDGE('',*,*,#4918,.F.);
#4918 = EDGE_CURVE('',#4896,#2569,#4919,.T.);
#4919 = SURFACE_CURVE('',#4920,(#4925,#4932),.PCURVE_S1.);
#4920 = CIRCLE('',#4921,2.6);
#4921 = AXIS2_PLACEMENT_3D('',#4922,#4923,#4924);
#4922 = CARTESIAN_POINT('',(-24.,2.8,2.));
#4923 = DIRECTION('',(0.,0.,1.));
#4924 = DIRECTION('',(1.,0.,0.));
#4925 = PCURVE('',#2628,#4926);
#4926 = DEFINITIONAL_REPRESENTATION('',(#4927),#4931);
#4927 = LINE('',#4928,#4929);
#4928 = CARTESIAN_POINT('',(0.,14.));
#4929 = VECTOR('',#4930,1.);
#4930 = DIRECTION('',(1.,0.));
#4931 = ( GEOMETRIC_REPRESENTATION_CONTEXT(2) 
PARAMETRIC_REPRESENTATION_CONTEXT() REPRESENTATION_CONTEXT('2D SPACE',''
  ) );
#4932 = PCURVE('',#2583,#4933);
#4933 = DEFINITIONAL_REPRESENTATION('',(#4934),#4938);
#4934 = CIRCLE('',#4935,2.6);
#4935 = AXIS2_PLACEMENT_2D('',#4936,#4937);
#4936 = CARTESIAN_POINT('',(0.,0.));
#4937 = DIRECTION('',(1.,0.));
#4938 = ( GEOMETRIC_REPRESENTATION_CONTEXT(2) 
PARAMETRIC_REPRESENTATION_CONTEXT() REPRESENTATION_CONTEXT('2D SPACE',''
  ) );
#4939 = ADVANCED_FACE('',(#4940),#2583,.F.);
#4940 = FACE_BOUND('',#4941,.F.);
#4941 = EDGE_LOOP('',(#4942,#4963,#4964,#4965));
#4942 = ORIENTED_EDGE('',*,*,#4943,.F.);
#4943 = EDGE_CURVE('',#4896,#4944,#4946,.T.);
#4944 = VERTEX_POINT('',#4945);
#4945 = CARTESIAN_POINT('',(-26.59229627936,3.,2.));
#4946 = SURFACE_CURVE('',#4947,(#4951,#4957),.PCURVE_S1.);
#4947 = LINE('',#4948,#4949);
#4948 = CARTESIAN_POINT('',(-26.5,3.,2.));
#4949 = VECTOR('',#4950,1.);
#4950 = DIRECTION('',(-1.,0.,0.));
#4951 = PCURVE('',#2583,#4952);
#4952 = DEFINITIONAL_REPRESENTATION('',(#4953),#4956);
#4953 = B_SPLINE_CURVE_WITH_KNOTS('',1,(#4954,#4955),.UNSPECIFIED.,.F.,
  .F.,(2,2),(-5.1,0.1),.PIECEWISE_BEZIER_KNOTS.);
#4954 = CARTESIAN_POINT('',(2.6,0.2));
#4955 = CARTESIAN_POINT('',(-2.6,0.2));
#4956 = ( GEOMETRIC_REPRESENTATION_CONTEXT(2) 
PARAMETRIC_REPRESENTATION_CONTEXT() REPRESENTATION_CONTEXT('2D SPACE',''
  ) );
#4957 = PCURVE('',#2733,#4958);
#4958 = DEFINITIONAL_REPRESENTATION('',(#4959),#4962);
#4959 = B_SPLINE_CURVE_WITH_KNOTS('',1,(#4960,#4961),.UNSPECIFIED.,.F.,
  .F.,(2,2),(-5.1,0.1),.PIECEWISE_BEZIER_KNOTS.);
#4960 = CARTESIAN_POINT('',(4.,7.6));
#4961 = CARTESIAN_POINT('',(4.,2.4));
#4962 = ( GEOMETRIC_REPRESENTATION_CONTEXT(2) 
PARAMETRIC_REPRESENTATION_CONTEXT() REPRESENTATION_CONTEXT('2D SPACE',''
  ) );
#4963 = ORIENTED_EDGE('',*,*,#4918,.T.);
#4964 = ORIENTED_EDGE('',*,*,#2568,.F.);
#4965 = ORIENTED_EDGE('',*,*,#4966,.T.);
#4966 = EDGE_CURVE('',#2514,#4944,#4967,.T.);
#4967 = SURFACE_CURVE('',#4968,(#4973,#4980),.PCURVE_S1.);
#4968 = CIRCLE('',#4969,2.6);
#4969 = AXIS2_PLACEMENT_3D('',#4970,#4971,#4972);
#4970 = CARTESIAN_POINT('',(-24.,2.8,2.));
#4971 = DIRECTION('',(0.,0.,1.));
#4972 = DIRECTION('',(1.,0.,0.));
#4973 = PCURVE('',#2583,#4974);
#4974 = DEFINITIONAL_REPRESENTATION('',(#4975),#4979);
#4975 = CIRCLE('',#4976,2.6);
#4976 = AXIS2_PLACEMENT_2D('',#4977,#4978);
#4977 = CARTESIAN_POINT('',(0.,0.));
#4978 = DIRECTION('',(1.,0.));
#4979 = ( GEOMETRIC_REPRESENTATION_CONTEXT(2) 
PARAMETRIC_REPRESENTATION_CONTEXT() REPRESENTATION_CONTEXT('2D SPACE',''
  ) );
#4980 = PCURVE('',#2547,#4981);
#4981 = DEFINITIONAL_REPRESENTATION('',(#4982),#4986);
#4982 = LINE('',#4983,#4984);
#4983 = CARTESIAN_POINT('',(0.,14.));
#4984 = VECTOR('',#4985,1.);
#4985 = DIRECTION('',(1.,0.));
#4986 = ( GEOMETRIC_REPRESENTATION_CONTEXT(2) 
PARAMETRIC_REPRESENTATION_CONTEXT() REPRESENTATION_CONTEXT('2D SPACE',''
  ) );
#4987 = ADVANCED_FACE('',(#4988),#2547,.F.);
#4988 = FACE_BOUND('',#4989,.F.);
#4989 = EDGE_LOOP('',(#4990,#4991,#4992,#5011));
#4990 = ORIENTED_EDGE('',*,*,#2513,.F.);
#4991 = ORIENTED_EDGE('',*,*,#2878,.T.);
#4992 = ORIENTED_EDGE('',*,*,#4993,.T.);
#4993 = EDGE_CURVE('',#2858,#4944,#4994,.T.);
#4994 = SURFACE_CURVE('',#4995,(#4999,#5005),.PCURVE_S1.);
#4995 = LINE('',#4996,#4997);
#4996 = CARTESIAN_POINT('',(-26.59229627936,3.,-12.));
#4997 = VECTOR('',#4998,1.);
#4998 = DIRECTION('',(0.,0.,1.));
#4999 = PCURVE('',#2547,#5000);
#5000 = DEFINITIONAL_REPRESENTATION('',(#5001),#5004);
#5001 = B_SPLINE_CURVE_WITH_KNOTS('',1,(#5002,#5003),.UNSPECIFIED.,.F.,
  .F.,(2,2),(11.9999976,14.0000024),.PIECEWISE_BEZIER_KNOTS.);
#5002 = CARTESIAN_POINT('',(3.064593512933,11.9999976));
#5003 = CARTESIAN_POINT('',(3.064593512933,14.0000024));
#5004 = ( GEOMETRIC_REPRESENTATION_CONTEXT(2) 
PARAMETRIC_REPRESENTATION_CONTEXT() REPRESENTATION_CONTEXT('2D SPACE',''
  ) );
#5005 = PCURVE('',#2733,#5006);
#5006 = DEFINITIONAL_REPRESENTATION('',(#5007),#5010);
#5007 = B_SPLINE_CURVE_WITH_KNOTS('',1,(#5008,#5009),.UNSPECIFIED.,.F.,
  .F.,(2,2),(11.9999976,14.0000024),.PIECEWISE_BEZIER_KNOTS.);
#5008 = CARTESIAN_POINT('',(1.9999976,2.407703720637));
#5009 = CARTESIAN_POINT('',(4.0000024,2.407703720637));
#5010 = ( GEOMETRIC_REPRESENTATION_CONTEXT(2) 
PARAMETRIC_REPRESENTATION_CONTEXT() REPRESENTATION_CONTEXT('2D SPACE',''
  ) );
#5011 = ORIENTED_EDGE('',*,*,#4966,.F.);
#5012 = ADVANCED_FACE('',(#5013),#2733,.T.);
#5013 = FACE_BOUND('',#5014,.T.);
#5014 = EDGE_LOOP('',(#5015,#5016,#5017,#5018,#5019,#5020,#5021,#5022));
#5015 = ORIENTED_EDGE('',*,*,#4868,.F.);
#5016 = ORIENTED_EDGE('',*,*,#4812,.F.);
#5017 = ORIENTED_EDGE('',*,*,#4739,.T.);
#5018 = ORIENTED_EDGE('',*,*,#2857,.F.);
#5019 = ORIENTED_EDGE('',*,*,#4993,.T.);
#5020 = ORIENTED_EDGE('',*,*,#4943,.F.);
#5021 = ORIENTED_EDGE('',*,*,#4895,.F.);
#5022 = ORIENTED_EDGE('',*,*,#2718,.F.);
#5023 = ADVANCED_FACE('',(#5024),#2803,.F.);
#5024 = FACE_BOUND('',#5025,.F.);
#5025 = EDGE_LOOP('',(#5026,#5027,#5028,#5050));
#5026 = ORIENTED_EDGE('',*,*,#2786,.T.);
#5027 = ORIENTED_EDGE('',*,*,#4597,.T.);
#5028 = ORIENTED_EDGE('',*,*,#5029,.F.);
#5029 = EDGE_CURVE('',#4480,#4572,#5030,.T.);
#5030 = SURFACE_CURVE('',#5031,(#5036,#5043),.PCURVE_S1.);
#5031 = CIRCLE('',#5032,2.6);
#5032 = AXIS2_PLACEMENT_3D('',#5033,#5034,#5035);
#5033 = CARTESIAN_POINT('',(-24.,2.8,2.));
#5034 = DIRECTION('',(0.,0.,1.));
#5035 = DIRECTION('',(1.,0.,0.));
#5036 = PCURVE('',#2803,#5037);
#5037 = DEFINITIONAL_REPRESENTATION('',(#5038),#5042);
#5038 = LINE('',#5039,#5040);
#5039 = CARTESIAN_POINT('',(0.,14.));
#5040 = VECTOR('',#5041,1.);
#5041 = DIRECTION('',(1.,0.));
#5042 = ( GEOMETRIC_REPRESENTATION_CONTEXT(2) 
PARAMETRIC_REPRESENTATION_CONTEXT() REPRESENTATION_CONTEXT('2D SPACE',''
  ) );
#5043 = PCURVE('',#4586,#5044);
#5044 = DEFINITIONAL_REPRESENTATION('',(#5045),#5049);
#5045 = CIRCLE('',#5046,2.6);
#5046 = AXIS2_PLACEMENT_2D('',#5047,#5048);
#5047 = CARTESIAN_POINT('',(0.,0.));
#5048 = DIRECTION('',(1.,0.));
#5049 = ( GEOMETRIC_REPRESENTATION_CONTEXT(2) 
PARAMETRIC_REPRESENTATION_CONTEXT() REPRESENTATION_CONTEXT('2D SPACE',''
  ) );
#5050 = ORIENTED_EDGE('',*,*,#4479,.F.);
#5051 = ADVANCED_FACE('',(#5052),#2989,.F.);
#5052 = FACE_BOUND('',#5053,.F.);
#5053 = EDGE_LOOP('',(#5054,#5077,#5105,#5133,#5161,#5182,#5183,#5184));
#5054 = ORIENTED_EDGE('',*,*,#5055,.F.);
#5055 = EDGE_CURVE('',#5056,#3099,#5058,.T.);
#5056 = VERTEX_POINT('',#5057);
#5057 = CARTESIAN_POINT('',(-6.,-16.,-23.));
#5058 = SURFACE_CURVE('',#5059,(#5063,#5070),.PCURVE_S1.);
#5059 = LINE('',#5060,#5061);
#5060 = CARTESIAN_POINT('',(-6.,-16.,-23.));
#5061 = VECTOR('',#5062,1.);
#5062 = DIRECTION('',(0.,1.,0.));
#5063 = PCURVE('',#2989,#5064);
#5064 = DEFINITIONAL_REPRESENTATION('',(#5065),#5069);
#5065 = LINE('',#5066,#5067);
#5066 = CARTESIAN_POINT('',(32.,0.));
#5067 = VECTOR('',#5068,1.);
#5068 = DIRECTION('',(0.,-1.));
#5069 = ( GEOMETRIC_REPRESENTATION_CONTEXT(2) 
PARAMETRIC_REPRESENTATION_CONTEXT() REPRESENTATION_CONTEXT('2D SPACE',''
  ) );
#5070 = PCURVE('',#2963,#5071);
#5071 = DEFINITIONAL_REPRESENTATION('',(#5072),#5076);
#5072 = LINE('',#5073,#5074);
#5073 = CARTESIAN_POINT('',(0.,0.));
#5074 = VECTOR('',#5075,1.);
#5075 = DIRECTION('',(0.,1.));
#5076 = ( GEOMETRIC_REPRESENTATION_CONTEXT(2) 
PARAMETRIC_REPRESENTATION_CONTEXT() REPRESENTATION_CONTEXT('2D SPACE',''
  ) );
#5077 = ORIENTED_EDGE('',*,*,#5078,.F.);
#5078 = EDGE_CURVE('',#5079,#5056,#5081,.T.);
#5079 = VERTEX_POINT('',#5080);
#5080 = CARTESIAN_POINT('',(-6.,-16.,-55.));
#5081 = SURFACE_CURVE('',#5082,(#5086,#5093),.PCURVE_S1.);
#5082 = LINE('',#5083,#5084);
#5083 = CARTESIAN_POINT('',(-6.,-16.,-55.));
#5084 = VECTOR('',#5085,1.);
#5085 = DIRECTION('',(0.,0.,1.));
#5086 = PCURVE('',#2989,#5087);
#5087 = DEFINITIONAL_REPRESENTATION('',(#5088),#5092);
#5088 = LINE('',#5089,#5090);
#5089 = CARTESIAN_POINT('',(0.,0.));
#5090 = VECTOR('',#5091,1.);
#5091 = DIRECTION('',(1.,0.));
#5092 = ( GEOMETRIC_REPRESENTATION_CONTEXT(2) 
PARAMETRIC_REPRESENTATION_CONTEXT() REPRESENTATION_CONTEXT('2D SPACE',''
  ) );
#5093 = PCURVE('',#5094,#5099);
#5094 = PLANE('',#5095);
#5095 = AXIS2_PLACEMENT_3D('',#5096,#5097,#5098);
#5096 = CARTESIAN_POINT('',(-6.,-16.,-55.));
#5097 = DIRECTION('',(0.,1.,0.));
#5098 = DIRECTION('',(0.,0.,1.));
#5099 = DEFINITIONAL_REPRESENTATION('',(#5100),#5104);
#5100 = LINE('',#5101,#5102);
#5101 = CARTESIAN_POINT('',(0.,0.));
#5102 = VECTOR('',#5103,1.);
#5103 = DIRECTION('',(1.,0.));
#5104 = ( GEOMETRIC_REPRESENTATION_CONTEXT(2) 
PARAMETRIC_REPRESENTATION_CONTEXT() REPRESENTATION_CONTEXT('2D SPACE',''
  ) );
#5105 = ORIENTED_EDGE('',*,*,#5106,.T.);
#5106 = EDGE_CURVE('',#5079,#5107,#5109,.T.);
#5107 = VERTEX_POINT('',#5108);
#5108 = CARTESIAN_POINT('',(-6.,16.,-55.));
#5109 = SURFACE_CURVE('',#5110,(#5114,#5121),.PCURVE_S1.);
#5110 = LINE('',#5111,#5112);
#5111 = CARTESIAN_POINT('',(-6.,-16.,-55.));
#5112 = VECTOR('',#5113,1.);
#5113 = DIRECTION('',(0.,1.,0.));
#5114 = PCURVE('',#2989,#5115);
#5115 = DEFINITIONAL_REPRESENTATION('',(#5116),#5120);
#5116 = LINE('',#5117,#5118);
#5117 = CARTESIAN_POINT('',(0.,0.));
#5118 = VECTOR('',#5119,1.);
#5119 = DIRECTION('',(0.,-1.));
#5120 = ( GEOMETRIC_REPRESENTATION_CONTEXT(2) 
PARAMETRIC_REPRESENTATION_CONTEXT() REPRESENTATION_CONTEXT('2D SPACE',''
  ) );
#5121 = PCURVE('',#5122,#5127);
#5122 = PLANE('',#5123);
#5123 = AXIS2_PLACEMENT_3D('',#5124,#5125,#5126);
#5124 = CARTESIAN_POINT('',(-6.,-16.,-55.));
#5125 = DIRECTION('',(0.,0.,1.));
#5126 = DIRECTION('',(1.,0.,0.));
#5127 = DEFINITIONAL_REPRESENTATION('',(#5128),#5132);
#5128 = LINE('',#5129,#5130);
#5129 = CARTESIAN_POINT('',(0.,0.));
#5130 = VECTOR('',#5131,1.);
#5131 = DIRECTION('',(0.,1.));
#5132 = ( GEOMETRIC_REPRESENTATION_CONTEXT(2) 
PARAMETRIC_REPRESENTATION_CONTEXT() REPRESENTATION_CONTEXT('2D SPACE',''
  ) );
#5133 = ORIENTED_EDGE('',*,*,#5134,.T.);
#5134 = EDGE_CURVE('',#5107,#5135,#5137,.T.);
#5135 = VERTEX_POINT('',#5136);
#5136 = CARTESIAN_POINT('',(-6.,16.,-23.));
#5137 = SURFACE_CURVE('',#5138,(#5142,#5149),.PCURVE_S1.);
#5138 = LINE('',#5139,#5140);
#5139 = CARTESIAN_POINT('',(-6.,16.,-55.));
#5140 = VECTOR('',#5141,1.);
#5141 = DIRECTION('',(0.,0.,1.));
#5142 = PCURVE('',#2989,#5143);
#5143 = DEFINITIONAL_REPRESENTATION('',(#5144),#5148);
#5144 = LINE('',#5145,#5146);
#5145 = CARTESIAN_POINT('',(0.,-32.));
#5146 = VECTOR('',#5147,1.);
#5147 = DIRECTION('',(1.,0.));
#5148 = ( GEOMETRIC_REPRESENTATION_CONTEXT(2) 
PARAMETRIC_REPRESENTATION_CONTEXT() REPRESENTATION_CONTEXT('2D SPACE',''
  ) );
#5149 = PCURVE('',#5150,#5155);
#5150 = PLANE('',#5151);
#5151 = AXIS2_PLACEMENT_3D('',#5152,#5153,#5154);
#5152 = CARTESIAN_POINT('',(-6.,16.,-55.));
#5153 = DIRECTION('',(0.,1.,0.));
#5154 = DIRECTION('',(0.,0.,1.));
#5155 = DEFINITIONAL_REPRESENTATION('',(#5156),#5160);
#5156 = LINE('',#5157,#5158);
#5157 = CARTESIAN_POINT('',(0.,0.));
#5158 = VECTOR('',#5159,1.);
#5159 = DIRECTION('',(1.,0.));
#5160 = ( GEOMETRIC_REPRESENTATION_CONTEXT(2) 
PARAMETRIC_REPRESENTATION_CONTEXT() REPRESENTATION_CONTEXT('2D SPACE',''
  ) );
#5161 = ORIENTED_EDGE('',*,*,#5162,.F.);
#5162 = EDGE_CURVE('',#2949,#5135,#5163,.T.);
#5163 = SURFACE_CURVE('',#5164,(#5168,#5175),.PCURVE_S1.);
#5164 = LINE('',#5165,#5166);
#5165 = CARTESIAN_POINT('',(-6.,-16.,-23.));
#5166 = VECTOR('',#5167,1.);
#5167 = DIRECTION('',(0.,1.,0.));
#5168 = PCURVE('',#2989,#5169);
#5169 = DEFINITIONAL_REPRESENTATION('',(#5170),#5174);
#5170 = LINE('',#5171,#5172);
#5171 = CARTESIAN_POINT('',(32.,0.));
#5172 = VECTOR('',#5173,1.);
#5173 = DIRECTION('',(0.,-1.));
#5174 = ( GEOMETRIC_REPRESENTATION_CONTEXT(2) 
PARAMETRIC_REPRESENTATION_CONTEXT() REPRESENTATION_CONTEXT('2D SPACE',''
  ) );
#5175 = PCURVE('',#2963,#5176);
#5176 = DEFINITIONAL_REPRESENTATION('',(#5177),#5181);
#5177 = LINE('',#5178,#5179);
#5178 = CARTESIAN_POINT('',(0.,0.));
#5179 = VECTOR('',#5180,1.);
#5180 = DIRECTION('',(0.,1.));
#5181 = ( GEOMETRIC_REPRESENTATION_CONTEXT(2) 
PARAMETRIC_REPRESENTATION_CONTEXT() REPRESENTATION_CONTEXT('2D SPACE',''
  ) );
#5182 = ORIENTED_EDGE('',*,*,#2974,.T.);
#5183 = ORIENTED_EDGE('',*,*,#3051,.F.);
#5184 = ORIENTED_EDGE('',*,*,#3119,.F.);
#5185 = ADVANCED_FACE('',(#5186),#2963,.T.);
#5186 = FACE_BOUND('',#5187,.T.);
#5187 = EDGE_LOOP('',(#5188,#5189,#5212,#5240,#5261,#5262,#5263,#5264));
#5188 = ORIENTED_EDGE('',*,*,#5055,.F.);
#5189 = ORIENTED_EDGE('',*,*,#5190,.T.);
#5190 = EDGE_CURVE('',#5056,#5191,#5193,.T.);
#5191 = VERTEX_POINT('',#5192);
#5192 = CARTESIAN_POINT('',(0.,-16.,-23.));
#5193 = SURFACE_CURVE('',#5194,(#5198,#5205),.PCURVE_S1.);
#5194 = LINE('',#5195,#5196);
#5195 = CARTESIAN_POINT('',(-6.,-16.,-23.));
#5196 = VECTOR('',#5197,1.);
#5197 = DIRECTION('',(1.,0.,0.));
#5198 = PCURVE('',#2963,#5199);
#5199 = DEFINITIONAL_REPRESENTATION('',(#5200),#5204);
#5200 = LINE('',#5201,#5202);
#5201 = CARTESIAN_POINT('',(0.,0.));
#5202 = VECTOR('',#5203,1.);
#5203 = DIRECTION('',(1.,0.));
#5204 = ( GEOMETRIC_REPRESENTATION_CONTEXT(2) 
PARAMETRIC_REPRESENTATION_CONTEXT() REPRESENTATION_CONTEXT('2D SPACE',''
  ) );
#5205 = PCURVE('',#5094,#5206);
#5206 = DEFINITIONAL_REPRESENTATION('',(#5207),#5211);
#5207 = LINE('',#5208,#5209);
#5208 = CARTESIAN_POINT('',(32.,0.));
#5209 = VECTOR('',#5210,1.);
#5210 = DIRECTION('',(0.,1.));
#5211 = ( GEOMETRIC_REPRESENTATION_CONTEXT(2) 
PARAMETRIC_REPRESENTATION_CONTEXT() REPRESENTATION_CONTEXT('2D SPACE',''
  ) );
#5212 = ORIENTED_EDGE('',*,*,#5213,.T.);
#5213 = EDGE_CURVE('',#5191,#5214,#5216,.T.);
#5214 = VERTEX_POINT('',#5215);
#5215 = CARTESIAN_POINT('',(0.,16.,-23.));
#5216 = SURFACE_CURVE('',#5217,(#5221,#5228),.PCURVE_S1.);
#5217 = LINE('',#5218,#5219);
#5218 = CARTESIAN_POINT('',(0.,-16.,-23.));
#5219 = VECTOR('',#5220,1.);
#5220 = DIRECTION('',(0.,1.,0.));
#5221 = PCURVE('',#2963,#5222);
#5222 = DEFINITIONAL_REPRESENTATION('',(#5223),#5227);
#5223 = LINE('',#5224,#5225);
#5224 = CARTESIAN_POINT('',(6.,0.));
#5225 = VECTOR('',#5226,1.);
#5226 = DIRECTION('',(0.,1.));
#5227 = ( GEOMETRIC_REPRESENTATION_CONTEXT(2) 
PARAMETRIC_REPRESENTATION_CONTEXT() REPRESENTATION_CONTEXT('2D SPACE',''
  ) );
#5228 = PCURVE('',#5229,#5234);
#5229 = PLANE('',#5230);
#5230 = AXIS2_PLACEMENT_3D('',#5231,#5232,#5233);
#5231 = CARTESIAN_POINT('',(0.,-16.,-55.));
#5232 = DIRECTION('',(1.,0.,0.));
#5233 = DIRECTION('',(0.,0.,1.));
#5234 = DEFINITIONAL_REPRESENTATION('',(#5235),#5239);
#5235 = LINE('',#5236,#5237);
#5236 = CARTESIAN_POINT('',(32.,0.));
#5237 = VECTOR('',#5238,1.);
#5238 = DIRECTION('',(0.,-1.));
#5239 = ( GEOMETRIC_REPRESENTATION_CONTEXT(2) 
PARAMETRIC_REPRESENTATION_CONTEXT() REPRESENTATION_CONTEXT('2D SPACE',''
  ) );
#5240 = ORIENTED_EDGE('',*,*,#5241,.F.);
#5241 = EDGE_CURVE('',#5135,#5214,#5242,.T.);
#5242 = SURFACE_CURVE('',#5243,(#5247,#5254),.PCURVE_S1.);
#5243 = LINE('',#5244,#5245);
#5244 = CARTESIAN_POINT('',(-6.,16.,-23.));
#5245 = VECTOR('',#5246,1.);
#5246 = DIRECTION('',(1.,0.,0.));
#5247 = PCURVE('',#2963,#5248);
#5248 = DEFINITIONAL_REPRESENTATION('',(#5249),#5253);
#5249 = LINE('',#5250,#5251);
#5250 = CARTESIAN_POINT('',(0.,32.));
#5251 = VECTOR('',#5252,1.);
#5252 = DIRECTION('',(1.,0.));
#5253 = ( GEOMETRIC_REPRESENTATION_CONTEXT(2) 
PARAMETRIC_REPRESENTATION_CONTEXT() REPRESENTATION_CONTEXT('2D SPACE',''
  ) );
#5254 = PCURVE('',#5150,#5255);
#5255 = DEFINITIONAL_REPRESENTATION('',(#5256),#5260);
#5256 = LINE('',#5257,#5258);
#5257 = CARTESIAN_POINT('',(32.,0.));
#5258 = VECTOR('',#5259,1.);
#5259 = DIRECTION('',(0.,1.));
#5260 = ( GEOMETRIC_REPRESENTATION_CONTEXT(2) 
PARAMETRIC_REPRESENTATION_CONTEXT() REPRESENTATION_CONTEXT('2D SPACE',''
  ) );
#5261 = ORIENTED_EDGE('',*,*,#5162,.F.);
#5262 = ORIENTED_EDGE('',*,*,#2948,.T.);
#5263 = ORIENTED_EDGE('',*,*,#3268,.T.);
#5264 = ORIENTED_EDGE('',*,*,#3098,.F.);
#5265 = ADVANCED_FACE('',(#5266),#3230,.F.);
#5266 = FACE_BOUND('',#5267,.F.);
#5267 = EDGE_LOOP('',(#5268,#5269,#5290,#5291));
#5268 = ORIENTED_EDGE('',*,*,#3609,.F.);
#5269 = ORIENTED_EDGE('',*,*,#5270,.T.);
#5270 = EDGE_CURVE('',#3582,#3686,#5271,.T.);
#5271 = SURFACE_CURVE('',#5272,(#5276,#5283),.PCURVE_S1.);
#5272 = LINE('',#5273,#5274);
#5273 = CARTESIAN_POINT('',(-22.,-6.,8.));
#5274 = VECTOR('',#5275,1.);
#5275 = DIRECTION('',(1.,0.,0.));
#5276 = PCURVE('',#3230,#5277);
#5277 = DEFINITIONAL_REPRESENTATION('',(#5278),#5282);
#5278 = LINE('',#5279,#5280);
#5279 = CARTESIAN_POINT('',(0.,0.));
#5280 = VECTOR('',#5281,1.);
#5281 = DIRECTION('',(1.,0.));
#5282 = ( GEOMETRIC_REPRESENTATION_CONTEXT(2) 
PARAMETRIC_REPRESENTATION_CONTEXT() REPRESENTATION_CONTEXT('2D SPACE',''
  ) );
#5283 = PCURVE('',#3597,#5284);
#5284 = DEFINITIONAL_REPRESENTATION('',(#5285),#5289);
#5285 = LINE('',#5286,#5287);
#5286 = CARTESIAN_POINT('',(0.,0.));
#5287 = VECTOR('',#5288,1.);
#5288 = DIRECTION('',(0.,1.));
#5289 = ( GEOMETRIC_REPRESENTATION_CONTEXT(2) 
PARAMETRIC_REPRESENTATION_CONTEXT() REPRESENTATION_CONTEXT('2D SPACE',''
  ) );
#5290 = ORIENTED_EDGE('',*,*,#3708,.T.);
#5291 = ORIENTED_EDGE('',*,*,#3215,.F.);
#5292 = ADVANCED_FACE('',(#5293),#3439,.T.);
#5293 = FACE_BOUND('',#5294,.T.);
#5294 = EDGE_LOOP('',(#5295,#5296,#5297,#5320));
#5295 = ORIENTED_EDGE('',*,*,#3423,.F.);
#5296 = ORIENTED_EDGE('',*,*,#3534,.T.);
#5297 = ORIENTED_EDGE('',*,*,#5298,.T.);
#5298 = EDGE_CURVE('',#3481,#5299,#5301,.T.);
#5299 = VERTEX_POINT('',#5300);
#5300 = CARTESIAN_POINT('',(0.,16.,52.));
#5301 = SURFACE_CURVE('',#5302,(#5306,#5313),.PCURVE_S1.);
#5302 = LINE('',#5303,#5304);
#5303 = CARTESIAN_POINT('',(-6.,16.,52.));
#5304 = VECTOR('',#5305,1.);
#5305 = DIRECTION('',(1.,0.,0.));
#5306 = PCURVE('',#3439,#5307);
#5307 = DEFINITIONAL_REPRESENTATION('',(#5308),#5312);
#5308 = LINE('',#5309,#5310);
#5309 = CARTESIAN_POINT('',(32.,0.));
#5310 = VECTOR('',#5311,1.);
#5311 = DIRECTION('',(0.,1.));
#5312 = ( GEOMETRIC_REPRESENTATION_CONTEXT(2) 
PARAMETRIC_REPRESENTATION_CONTEXT() REPRESENTATION_CONTEXT('2D SPACE',''
  ) );
#5313 = PCURVE('',#3496,#5314);
#5314 = DEFINITIONAL_REPRESENTATION('',(#5315),#5319);
#5315 = LINE('',#5316,#5317);
#5316 = CARTESIAN_POINT('',(0.,32.));
#5317 = VECTOR('',#5318,1.);
#5318 = DIRECTION('',(1.,0.));
#5319 = ( GEOMETRIC_REPRESENTATION_CONTEXT(2) 
PARAMETRIC_REPRESENTATION_CONTEXT() REPRESENTATION_CONTEXT('2D SPACE',''
  ) );
#5320 = ORIENTED_EDGE('',*,*,#5321,.F.);
#5321 = EDGE_CURVE('',#3396,#5299,#5322,.T.);
#5322 = SURFACE_CURVE('',#5323,(#5327,#5334),.PCURVE_S1.);
#5323 = LINE('',#5324,#5325);
#5324 = CARTESIAN_POINT('',(0.,16.,20.));
#5325 = VECTOR('',#5326,1.);
#5326 = DIRECTION('',(0.,0.,1.));
#5327 = PCURVE('',#3439,#5328);
#5328 = DEFINITIONAL_REPRESENTATION('',(#5329),#5333);
#5329 = LINE('',#5330,#5331);
#5330 = CARTESIAN_POINT('',(0.,6.));
#5331 = VECTOR('',#5332,1.);
#5332 = DIRECTION('',(1.,0.));
#5333 = ( GEOMETRIC_REPRESENTATION_CONTEXT(2) 
PARAMETRIC_REPRESENTATION_CONTEXT() REPRESENTATION_CONTEXT('2D SPACE',''
  ) );
#5334 = PCURVE('',#3411,#5335);
#5335 = DEFINITIONAL_REPRESENTATION('',(#5336),#5340);
#5336 = LINE('',#5337,#5338);
#5337 = CARTESIAN_POINT('',(0.,-32.));
#5338 = VECTOR('',#5339,1.);
#5339 = DIRECTION('',(1.,0.));
#5340 = ( GEOMETRIC_REPRESENTATION_CONTEXT(2) 
PARAMETRIC_REPRESENTATION_CONTEXT() REPRESENTATION_CONTEXT('2D SPACE',''
  ) );
#5341 = ADVANCED_FACE('',(#5342),#3411,.T.);
#5342 = FACE_BOUND('',#5343,.T.);
#5343 = EDGE_LOOP('',(#5344,#5367,#5368,#5369));
#5344 = ORIENTED_EDGE('',*,*,#5345,.F.);
#5345 = EDGE_CURVE('',#3368,#5346,#5348,.T.);
#5346 = VERTEX_POINT('',#5347);
#5347 = CARTESIAN_POINT('',(0.,-16.,52.));
#5348 = SURFACE_CURVE('',#5349,(#5353,#5360),.PCURVE_S1.);
#5349 = LINE('',#5350,#5351);
#5350 = CARTESIAN_POINT('',(0.,-16.,20.));
#5351 = VECTOR('',#5352,1.);
#5352 = DIRECTION('',(0.,0.,1.));
#5353 = PCURVE('',#3411,#5354);
#5354 = DEFINITIONAL_REPRESENTATION('',(#5355),#5359);
#5355 = LINE('',#5356,#5357);
#5356 = CARTESIAN_POINT('',(0.,0.));
#5357 = VECTOR('',#5358,1.);
#5358 = DIRECTION('',(1.,0.));
#5359 = ( GEOMETRIC_REPRESENTATION_CONTEXT(2) 
PARAMETRIC_REPRESENTATION_CONTEXT() REPRESENTATION_CONTEXT('2D SPACE',''
  ) );
#5360 = PCURVE('',#3383,#5361);
#5361 = DEFINITIONAL_REPRESENTATION('',(#5362),#5366);
#5362 = LINE('',#5363,#5364);
#5363 = CARTESIAN_POINT('',(0.,6.));
#5364 = VECTOR('',#5365,1.);
#5365 = DIRECTION('',(1.,0.));
#5366 = ( GEOMETRIC_REPRESENTATION_CONTEXT(2) 
PARAMETRIC_REPRESENTATION_CONTEXT() REPRESENTATION_CONTEXT('2D SPACE',''
  ) );
#5367 = ORIENTED_EDGE('',*,*,#3395,.T.);
#5368 = ORIENTED_EDGE('',*,*,#5321,.T.);
#5369 = ORIENTED_EDGE('',*,*,#5370,.F.);
#5370 = EDGE_CURVE('',#5346,#5299,#5371,.T.);
#5371 = SURFACE_CURVE('',#5372,(#5376,#5383),.PCURVE_S1.);
#5372 = LINE('',#5373,#5374);
#5373 = CARTESIAN_POINT('',(0.,-16.,52.));
#5374 = VECTOR('',#5375,1.);
#5375 = DIRECTION('',(0.,1.,0.));
#5376 = PCURVE('',#3411,#5377);
#5377 = DEFINITIONAL_REPRESENTATION('',(#5378),#5382);
#5378 = LINE('',#5379,#5380);
#5379 = CARTESIAN_POINT('',(32.,0.));
#5380 = VECTOR('',#5381,1.);
#5381 = DIRECTION('',(0.,-1.));
#5382 = ( GEOMETRIC_REPRESENTATION_CONTEXT(2) 
PARAMETRIC_REPRESENTATION_CONTEXT() REPRESENTATION_CONTEXT('2D SPACE',''
  ) );
#5383 = PCURVE('',#3496,#5384);
#5384 = DEFINITIONAL_REPRESENTATION('',(#5385),#5389);
#5385 = LINE('',#5386,#5387);
#5386 = CARTESIAN_POINT('',(6.,0.));
#5387 = VECTOR('',#5388,1.);
#5388 = DIRECTION('',(0.,1.));
#5389 = ( GEOMETRIC_REPRESENTATION_CONTEXT(2) 
PARAMETRIC_REPRESENTATION_CONTEXT() REPRESENTATION_CONTEXT('2D SPACE',''
  ) );
#5390 = ADVANCED_FACE('',(#5391),#3383,.F.);
#5391 = FACE_BOUND('',#5392,.F.);
#5392 = EDGE_LOOP('',(#5393,#5394,#5395,#5416));
#5393 = ORIENTED_EDGE('',*,*,#3367,.F.);
#5394 = ORIENTED_EDGE('',*,*,#3508,.T.);
#5395 = ORIENTED_EDGE('',*,*,#5396,.T.);
#5396 = EDGE_CURVE('',#3479,#5346,#5397,.T.);
#5397 = SURFACE_CURVE('',#5398,(#5402,#5409),.PCURVE_S1.);
#5398 = LINE('',#5399,#5400);
#5399 = CARTESIAN_POINT('',(-6.,-16.,52.));
#5400 = VECTOR('',#5401,1.);
#5401 = DIRECTION('',(1.,0.,0.));
#5402 = PCURVE('',#3383,#5403);
#5403 = DEFINITIONAL_REPRESENTATION('',(#5404),#5408);
#5404 = LINE('',#5405,#5406);
#5405 = CARTESIAN_POINT('',(32.,0.));
#5406 = VECTOR('',#5407,1.);
#5407 = DIRECTION('',(0.,1.));
#5408 = ( GEOMETRIC_REPRESENTATION_CONTEXT(2) 
PARAMETRIC_REPRESENTATION_CONTEXT() REPRESENTATION_CONTEXT('2D SPACE',''
  ) );
#5409 = PCURVE('',#3496,#5410);
#5410 = DEFINITIONAL_REPRESENTATION('',(#5411),#5415);
#5411 = LINE('',#5412,#5413);
#5412 = CARTESIAN_POINT('',(0.,0.));
#5413 = VECTOR('',#5414,1.);
#5414 = DIRECTION('',(1.,0.));
#5415 = ( GEOMETRIC_REPRESENTATION_CONTEXT(2) 
PARAMETRIC_REPRESENTATION_CONTEXT() REPRESENTATION_CONTEXT('2D SPACE',''
  ) );
#5416 = ORIENTED_EDGE('',*,*,#5345,.F.);
#5417 = ADVANCED_FACE('',(#5418),#3496,.T.);
#5418 = FACE_BOUND('',#5419,.T.);
#5419 = EDGE_LOOP('',(#5420,#5421,#5422,#5423));
#5420 = ORIENTED_EDGE('',*,*,#3478,.F.);
#5421 = ORIENTED_EDGE('',*,*,#5396,.T.);
#5422 = ORIENTED_EDGE('',*,*,#5370,.T.);
#5423 = ORIENTED_EDGE('',*,*,#5298,.F.);
#5424 = ADVANCED_FACE('',(#5425,#5431),#3597,.F.);
#5425 = FACE_BOUND('',#5426,.F.);
#5426 = EDGE_LOOP('',(#5427,#5428,#5429,#5430));
#5427 = ORIENTED_EDGE('',*,*,#5270,.F.);
#5428 = ORIENTED_EDGE('',*,*,#3581,.T.);
#5429 = ORIENTED_EDGE('',*,*,#3636,.T.);
#5430 = ORIENTED_EDGE('',*,*,#3685,.F.);
#5431 = FACE_BOUND('',#5432,.F.);
#5432 = EDGE_LOOP('',(#5433));
#5433 = ORIENTED_EDGE('',*,*,#5434,.T.);
#5434 = EDGE_CURVE('',#5435,#5435,#5437,.T.);
#5435 = VERTEX_POINT('',#5436);
#5436 = CARTESIAN_POINT('',(-13.4,-6.,12.));
#5437 = SURFACE_CURVE('',#5438,(#5443,#5454),.PCURVE_S1.);
#5438 = CIRCLE('',#5439,1.6);
#5439 = AXIS2_PLACEMENT_3D('',#5440,#5441,#5442);
#5440 = CARTESIAN_POINT('',(-15.,-6.,12.));
#5441 = DIRECTION('',(0.,-1.,2.22044604925E-16));
#5442 = DIRECTION('',(1.,0.,0.));
#5443 = PCURVE('',#3597,#5444);
#5444 = DEFINITIONAL_REPRESENTATION('',(#5445),#5453);
#5445 = ( BOUNDED_CURVE() B_SPLINE_CURVE(2,(#5446,#5447,#5448,#5449,
#5450,#5451,#5452),.UNSPECIFIED.,.T.,.F.) B_SPLINE_CURVE_WITH_KNOTS((1,2
    ,2,2,2,1),(-2.094395102393,0.,2.094395102393,4.188790204786,
6.28318530718,8.377580409573),.UNSPECIFIED.) CURVE() 
GEOMETRIC_REPRESENTATION_ITEM() RATIONAL_B_SPLINE_CURVE((1.,0.5,1.,0.5,
1.,0.5,1.)) REPRESENTATION_ITEM('') );
#5446 = CARTESIAN_POINT('',(4.,8.6));
#5447 = CARTESIAN_POINT('',(6.77128129211,8.6));
#5448 = CARTESIAN_POINT('',(5.385640646055,6.2));
#5449 = CARTESIAN_POINT('',(4.,3.8));
#5450 = CARTESIAN_POINT('',(2.614359353945,6.2));
#5451 = CARTESIAN_POINT('',(1.22871870789,8.6));
#5452 = CARTESIAN_POINT('',(4.,8.6));
#5453 = ( GEOMETRIC_REPRESENTATION_CONTEXT(2) 
PARAMETRIC_REPRESENTATION_CONTEXT() REPRESENTATION_CONTEXT('2D SPACE',''
  ) );
#5454 = PCURVE('',#5455,#5460);
#5455 = CYLINDRICAL_SURFACE('',#5456,1.6);
#5456 = AXIS2_PLACEMENT_3D('',#5457,#5458,#5459);
#5457 = CARTESIAN_POINT('',(-15.,7.,12.));
#5458 = DIRECTION('',(0.,-1.,2.22044604925E-16));
#5459 = DIRECTION('',(1.,0.,0.));
#5460 = DEFINITIONAL_REPRESENTATION('',(#5461),#5465);
#5461 = LINE('',#5462,#5463);
#5462 = CARTESIAN_POINT('',(0.,13.));
#5463 = VECTOR('',#5464,1.);
#5464 = DIRECTION('',(1.,0.));
#5465 = ( GEOMETRIC_REPRESENTATION_CONTEXT(2) 
PARAMETRIC_REPRESENTATION_CONTEXT() REPRESENTATION_CONTEXT('2D SPACE',''
  ) );
#5466 = ADVANCED_FACE('',(#5467,#5473),#3796,.T.);
#5467 = FACE_BOUND('',#5468,.T.);
#5468 = EDGE_LOOP('',(#5469,#5470,#5471,#5472));
#5469 = ORIENTED_EDGE('',*,*,#3913,.F.);
#5470 = ORIENTED_EDGE('',*,*,#3782,.T.);
#5471 = ORIENTED_EDGE('',*,*,#3836,.T.);
#5472 = ORIENTED_EDGE('',*,*,#3886,.F.);
#5473 = FACE_BOUND('',#5474,.T.);
#5474 = EDGE_LOOP('',(#5475));
#5475 = ORIENTED_EDGE('',*,*,#5476,.T.);
#5476 = EDGE_CURVE('',#5477,#5477,#5479,.T.);
#5477 = VERTEX_POINT('',#5478);
#5478 = CARTESIAN_POINT('',(-13.4,6.,12.));
#5479 = SURFACE_CURVE('',#5480,(#5485,#5496),.PCURVE_S1.);
#5480 = CIRCLE('',#5481,1.6);
#5481 = AXIS2_PLACEMENT_3D('',#5482,#5483,#5484);
#5482 = CARTESIAN_POINT('',(-15.,6.,12.));
#5483 = DIRECTION('',(0.,-1.,2.22044604925E-16));
#5484 = DIRECTION('',(1.,0.,0.));
#5485 = PCURVE('',#3796,#5486);
#5486 = DEFINITIONAL_REPRESENTATION('',(#5487),#5495);
#5487 = ( BOUNDED_CURVE() B_SPLINE_CURVE(2,(#5488,#5489,#5490,#5491,
#5492,#5493,#5494),.UNSPECIFIED.,.T.,.F.) B_SPLINE_CURVE_WITH_KNOTS((1,2
    ,2,2,2,1),(-2.094395102393,0.,2.094395102393,4.188790204786,
6.28318530718,8.377580409573),.UNSPECIFIED.) CURVE() 
GEOMETRIC_REPRESENTATION_ITEM() RATIONAL_B_SPLINE_CURVE((1.,0.5,1.,0.5,
1.,0.5,1.)) REPRESENTATION_ITEM('') );
#5488 = CARTESIAN_POINT('',(4.,8.6));
#5489 = CARTESIAN_POINT('',(6.77128129211,8.6));
#5490 = CARTESIAN_POINT('',(5.385640646055,6.2));
#5491 = CARTESIAN_POINT('',(4.,3.8));
#5492 = CARTESIAN_POINT('',(2.614359353945,6.2));
#5493 = CARTESIAN_POINT('',(1.22871870789,8.6));
#5494 = CARTESIAN_POINT('',(4.,8.6));
#5495 = ( GEOMETRIC_REPRESENTATION_CONTEXT(2) 
PARAMETRIC_REPRESENTATION_CONTEXT() REPRESENTATION_CONTEXT('2D SPACE',''
  ) );
#5496 = PCURVE('',#5497,#5502);
#5497 = CYLINDRICAL_SURFACE('',#5498,1.6);
#5498 = AXIS2_PLACEMENT_3D('',#5499,#5500,#5501);
#5499 = CARTESIAN_POINT('',(-15.,7.,12.));
#5500 = DIRECTION('',(0.,-1.,2.22044604925E-16));
#5501 = DIRECTION('',(1.,0.,0.));
#5502 = DEFINITIONAL_REPRESENTATION('',(#5503),#5507);
#5503 = LINE('',#5504,#5505);
#5504 = CARTESIAN_POINT('',(0.,1.));
#5505 = VECTOR('',#5506,1.);
#5506 = DIRECTION('',(1.,0.));
#5507 = ( GEOMETRIC_REPRESENTATION_CONTEXT(2) 
PARAMETRIC_REPRESENTATION_CONTEXT() REPRESENTATION_CONTEXT('2D SPACE',''
  ) );
#5508 = ADVANCED_FACE('',(#5509),#4586,.F.);
#5509 = FACE_BOUND('',#5510,.F.);
#5510 = EDGE_LOOP('',(#5511,#5512));
#5511 = ORIENTED_EDGE('',*,*,#5029,.T.);
#5512 = ORIENTED_EDGE('',*,*,#4571,.F.);
#5513 = ADVANCED_FACE('',(#5514),#5150,.T.);
#5514 = FACE_BOUND('',#5515,.T.);
#5515 = EDGE_LOOP('',(#5516,#5539,#5540,#5541));
#5516 = ORIENTED_EDGE('',*,*,#5517,.F.);
#5517 = EDGE_CURVE('',#5107,#5518,#5520,.T.);
#5518 = VERTEX_POINT('',#5519);
#5519 = CARTESIAN_POINT('',(0.,16.,-55.));
#5520 = SURFACE_CURVE('',#5521,(#5525,#5532),.PCURVE_S1.);
#5521 = LINE('',#5522,#5523);
#5522 = CARTESIAN_POINT('',(-6.,16.,-55.));
#5523 = VECTOR('',#5524,1.);
#5524 = DIRECTION('',(1.,0.,0.));
#5525 = PCURVE('',#5150,#5526);
#5526 = DEFINITIONAL_REPRESENTATION('',(#5527),#5531);
#5527 = LINE('',#5528,#5529);
#5528 = CARTESIAN_POINT('',(0.,0.));
#5529 = VECTOR('',#5530,1.);
#5530 = DIRECTION('',(0.,1.));
#5531 = ( GEOMETRIC_REPRESENTATION_CONTEXT(2) 
PARAMETRIC_REPRESENTATION_CONTEXT() REPRESENTATION_CONTEXT('2D SPACE',''
  ) );
#5532 = PCURVE('',#5122,#5533);
#5533 = DEFINITIONAL_REPRESENTATION('',(#5534),#5538);
#5534 = LINE('',#5535,#5536);
#5535 = CARTESIAN_POINT('',(0.,32.));
#5536 = VECTOR('',#5537,1.);
#5537 = DIRECTION('',(1.,0.));
#5538 = ( GEOMETRIC_REPRESENTATION_CONTEXT(2) 
PARAMETRIC_REPRESENTATION_CONTEXT() REPRESENTATION_CONTEXT('2D SPACE',''
  ) );
#5539 = ORIENTED_EDGE('',*,*,#5134,.T.);
#5540 = ORIENTED_EDGE('',*,*,#5241,.T.);
#5541 = ORIENTED_EDGE('',*,*,#5542,.F.);
#5542 = EDGE_CURVE('',#5518,#5214,#5543,.T.);
#5543 = SURFACE_CURVE('',#5544,(#5548,#5555),.PCURVE_S1.);
#5544 = LINE('',#5545,#5546);
#5545 = CARTESIAN_POINT('',(0.,16.,-55.));
#5546 = VECTOR('',#5547,1.);
#5547 = DIRECTION('',(0.,0.,1.));
#5548 = PCURVE('',#5150,#5549);
#5549 = DEFINITIONAL_REPRESENTATION('',(#5550),#5554);
#5550 = LINE('',#5551,#5552);
#5551 = CARTESIAN_POINT('',(0.,6.));
#5552 = VECTOR('',#5553,1.);
#5553 = DIRECTION('',(1.,0.));
#5554 = ( GEOMETRIC_REPRESENTATION_CONTEXT(2) 
PARAMETRIC_REPRESENTATION_CONTEXT() REPRESENTATION_CONTEXT('2D SPACE',''
  ) );
#5555 = PCURVE('',#5229,#5556);
#5556 = DEFINITIONAL_REPRESENTATION('',(#5557),#5561);
#5557 = LINE('',#5558,#5559);
#5558 = CARTESIAN_POINT('',(0.,-32.));
#5559 = VECTOR('',#5560,1.);
#5560 = DIRECTION('',(1.,0.));
#5561 = ( GEOMETRIC_REPRESENTATION_CONTEXT(2) 
PARAMETRIC_REPRESENTATION_CONTEXT() REPRESENTATION_CONTEXT('2D SPACE',''
  ) );
#5562 = ADVANCED_FACE('',(#5563),#5122,.F.);
#5563 = FACE_BOUND('',#5564,.F.);
#5564 = EDGE_LOOP('',(#5565,#5566,#5589,#5610));
#5565 = ORIENTED_EDGE('',*,*,#5106,.F.);
#5566 = ORIENTED_EDGE('',*,*,#5567,.T.);
#5567 = EDGE_CURVE('',#5079,#5568,#5570,.T.);
#5568 = VERTEX_POINT('',#5569);
#5569 = CARTESIAN_POINT('',(0.,-16.,-55.));
#5570 = SURFACE_CURVE('',#5571,(#5575,#5582),.PCURVE_S1.);
#5571 = LINE('',#5572,#5573);
#5572 = CARTESIAN_POINT('',(-6.,-16.,-55.));
#5573 = VECTOR('',#5574,1.);
#5574 = DIRECTION('',(1.,0.,0.));
#5575 = PCURVE('',#5122,#5576);
#5576 = DEFINITIONAL_REPRESENTATION('',(#5577),#5581);
#5577 = LINE('',#5578,#5579);
#5578 = CARTESIAN_POINT('',(0.,0.));
#5579 = VECTOR('',#5580,1.);
#5580 = DIRECTION('',(1.,0.));
#5581 = ( GEOMETRIC_REPRESENTATION_CONTEXT(2) 
PARAMETRIC_REPRESENTATION_CONTEXT() REPRESENTATION_CONTEXT('2D SPACE',''
  ) );
#5582 = PCURVE('',#5094,#5583);
#5583 = DEFINITIONAL_REPRESENTATION('',(#5584),#5588);
#5584 = LINE('',#5585,#5586);
#5585 = CARTESIAN_POINT('',(0.,0.));
#5586 = VECTOR('',#5587,1.);
#5587 = DIRECTION('',(0.,1.));
#5588 = ( GEOMETRIC_REPRESENTATION_CONTEXT(2) 
PARAMETRIC_REPRESENTATION_CONTEXT() REPRESENTATION_CONTEXT('2D SPACE',''
  ) );
#5589 = ORIENTED_EDGE('',*,*,#5590,.T.);
#5590 = EDGE_CURVE('',#5568,#5518,#5591,.T.);
#5591 = SURFACE_CURVE('',#5592,(#5596,#5603),.PCURVE_S1.);
#5592 = LINE('',#5593,#5594);
#5593 = CARTESIAN_POINT('',(0.,-16.,-55.));
#5594 = VECTOR('',#5595,1.);
#5595 = DIRECTION('',(0.,1.,0.));
#5596 = PCURVE('',#5122,#5597);
#5597 = DEFINITIONAL_REPRESENTATION('',(#5598),#5602);
#5598 = LINE('',#5599,#5600);
#5599 = CARTESIAN_POINT('',(6.,0.));
#5600 = VECTOR('',#5601,1.);
#5601 = DIRECTION('',(0.,1.));
#5602 = ( GEOMETRIC_REPRESENTATION_CONTEXT(2) 
PARAMETRIC_REPRESENTATION_CONTEXT() REPRESENTATION_CONTEXT('2D SPACE',''
  ) );
#5603 = PCURVE('',#5229,#5604);
#5604 = DEFINITIONAL_REPRESENTATION('',(#5605),#5609);
#5605 = LINE('',#5606,#5607);
#5606 = CARTESIAN_POINT('',(0.,0.));
#5607 = VECTOR('',#5608,1.);
#5608 = DIRECTION('',(0.,-1.));
#5609 = ( GEOMETRIC_REPRESENTATION_CONTEXT(2) 
PARAMETRIC_REPRESENTATION_CONTEXT() REPRESENTATION_CONTEXT('2D SPACE',''
  ) );
#5610 = ORIENTED_EDGE('',*,*,#5517,.F.);
#5611 = ADVANCED_FACE('',(#5612),#5094,.F.);
#5612 = FACE_BOUND('',#5613,.F.);
#5613 = EDGE_LOOP('',(#5614,#5615,#5616,#5617));
#5614 = ORIENTED_EDGE('',*,*,#5567,.F.);
#5615 = ORIENTED_EDGE('',*,*,#5078,.T.);
#5616 = ORIENTED_EDGE('',*,*,#5190,.T.);
#5617 = ORIENTED_EDGE('',*,*,#5618,.F.);
#5618 = EDGE_CURVE('',#5568,#5191,#5619,.T.);
#5619 = SURFACE_CURVE('',#5620,(#5624,#5631),.PCURVE_S1.);
#5620 = LINE('',#5621,#5622);
#5621 = CARTESIAN_POINT('',(0.,-16.,-55.));
#5622 = VECTOR('',#5623,1.);
#5623 = DIRECTION('',(0.,0.,1.));
#5624 = PCURVE('',#5094,#5625);
#5625 = DEFINITIONAL_REPRESENTATION('',(#5626),#5630);
#5626 = LINE('',#5627,#5628);
#5627 = CARTESIAN_POINT('',(0.,6.));
#5628 = VECTOR('',#5629,1.);
#5629 = DIRECTION('',(1.,0.));
#5630 = ( GEOMETRIC_REPRESENTATION_CONTEXT(2) 
PARAMETRIC_REPRESENTATION_CONTEXT() REPRESENTATION_CONTEXT('2D SPACE',''
  ) );
#5631 = PCURVE('',#5229,#5632);
#5632 = DEFINITIONAL_REPRESENTATION('',(#5633),#5637);
#5633 = LINE('',#5634,#5635);
#5634 = CARTESIAN_POINT('',(0.,0.));
#5635 = VECTOR('',#5636,1.);
#5636 = DIRECTION('',(1.,0.));
#5637 = ( GEOMETRIC_REPRESENTATION_CONTEXT(2) 
PARAMETRIC_REPRESENTATION_CONTEXT() REPRESENTATION_CONTEXT('2D SPACE',''
  ) );
#5638 = ADVANCED_FACE('',(#5639),#5229,.T.);
#5639 = FACE_BOUND('',#5640,.T.);
#5640 = EDGE_LOOP('',(#5641,#5642,#5643,#5644));
#5641 = ORIENTED_EDGE('',*,*,#5618,.F.);
#5642 = ORIENTED_EDGE('',*,*,#5590,.T.);
#5643 = ORIENTED_EDGE('',*,*,#5542,.T.);
#5644 = ORIENTED_EDGE('',*,*,#5213,.F.);
#5645 = ADVANCED_FACE('',(#5646),#5455,.F.);
#5646 = FACE_BOUND('',#5647,.F.);
#5647 = EDGE_LOOP('',(#5648,#5671,#5672,#5673));
#5648 = ORIENTED_EDGE('',*,*,#5649,.T.);
#5649 = EDGE_CURVE('',#5650,#5435,#5652,.T.);
#5650 = VERTEX_POINT('',#5651);
#5651 = CARTESIAN_POINT('',(-13.4,-3.,12.));
#5652 = SEAM_CURVE('',#5653,(#5657,#5664),.PCURVE_S1.);
#5653 = LINE('',#5654,#5655);
#5654 = CARTESIAN_POINT('',(-13.4,7.,12.));
#5655 = VECTOR('',#5656,1.);
#5656 = DIRECTION('',(0.,-1.,2.22044604925E-16));
#5657 = PCURVE('',#5455,#5658);
#5658 = DEFINITIONAL_REPRESENTATION('',(#5659),#5663);
#5659 = LINE('',#5660,#5661);
#5660 = CARTESIAN_POINT('',(6.28318530718,-0.));
#5661 = VECTOR('',#5662,1.);
#5662 = DIRECTION('',(0.,1.));
#5663 = ( GEOMETRIC_REPRESENTATION_CONTEXT(2) 
PARAMETRIC_REPRESENTATION_CONTEXT() REPRESENTATION_CONTEXT('2D SPACE',''
  ) );
#5664 = PCURVE('',#5455,#5665);
#5665 = DEFINITIONAL_REPRESENTATION('',(#5666),#5670);
#5666 = LINE('',#5667,#5668);
#5667 = CARTESIAN_POINT('',(0.,-0.));
#5668 = VECTOR('',#5669,1.);
#5669 = DIRECTION('',(0.,1.));
#5670 = ( GEOMETRIC_REPRESENTATION_CONTEXT(2) 
PARAMETRIC_REPRESENTATION_CONTEXT() REPRESENTATION_CONTEXT('2D SPACE',''
  ) );
#5671 = ORIENTED_EDGE('',*,*,#5434,.F.);
#5672 = ORIENTED_EDGE('',*,*,#5649,.F.);
#5673 = ORIENTED_EDGE('',*,*,#5674,.T.);
#5674 = EDGE_CURVE('',#5650,#5650,#5675,.T.);
#5675 = SURFACE_CURVE('',#5676,(#5681,#5688),.PCURVE_S1.);
#5676 = CIRCLE('',#5677,1.6);
#5677 = AXIS2_PLACEMENT_3D('',#5678,#5679,#5680);
#5678 = CARTESIAN_POINT('',(-15.,-3.,12.));
#5679 = DIRECTION('',(0.,-1.,2.22044604925E-16));
#5680 = DIRECTION('',(1.,0.,0.));
#5681 = PCURVE('',#5455,#5682);
#5682 = DEFINITIONAL_REPRESENTATION('',(#5683),#5687);
#5683 = LINE('',#5684,#5685);
#5684 = CARTESIAN_POINT('',(0.,10.));
#5685 = VECTOR('',#5686,1.);
#5686 = DIRECTION('',(1.,0.));
#5687 = ( GEOMETRIC_REPRESENTATION_CONTEXT(2) 
PARAMETRIC_REPRESENTATION_CONTEXT() REPRESENTATION_CONTEXT('2D SPACE',''
  ) );
#5688 = PCURVE('',#5689,#5694);
#5689 = PLANE('',#5690);
#5690 = AXIS2_PLACEMENT_3D('',#5691,#5692,#5693);
#5691 = CARTESIAN_POINT('',(-28.,-3.,7.));
#5692 = DIRECTION('',(0.,1.,0.));
#5693 = DIRECTION('',(0.,0.,1.));
#5694 = DEFINITIONAL_REPRESENTATION('',(#5695),#5703);
#5695 = ( BOUNDED_CURVE() B_SPLINE_CURVE(2,(#5696,#5697,#5698,#5699,
#5700,#5701,#5702),.UNSPECIFIED.,.T.,.F.) B_SPLINE_CURVE_WITH_KNOTS((1,2
    ,2,2,2,1),(-2.094395102393,0.,2.094395102393,4.188790204786,
6.28318530718,8.377580409573),.UNSPECIFIED.) CURVE() 
GEOMETRIC_REPRESENTATION_ITEM() RATIONAL_B_SPLINE_CURVE((1.,0.5,1.,0.5,
1.,0.5,1.)) REPRESENTATION_ITEM('') );
#5696 = CARTESIAN_POINT('',(5.,14.6));
#5697 = CARTESIAN_POINT('',(7.77128129211,14.6));
#5698 = CARTESIAN_POINT('',(6.385640646055,12.2));
#5699 = CARTESIAN_POINT('',(5.,9.8));
#5700 = CARTESIAN_POINT('',(3.614359353945,12.2));
#5701 = CARTESIAN_POINT('',(2.22871870789,14.6));
#5702 = CARTESIAN_POINT('',(5.,14.6));
#5703 = ( GEOMETRIC_REPRESENTATION_CONTEXT(2) 
PARAMETRIC_REPRESENTATION_CONTEXT() REPRESENTATION_CONTEXT('2D SPACE',''
  ) );
#5704 = ADVANCED_FACE('',(#5705),#5497,.F.);
#5705 = FACE_BOUND('',#5706,.F.);
#5706 = EDGE_LOOP('',(#5707,#5740,#5761,#5762));
#5707 = ORIENTED_EDGE('',*,*,#5708,.F.);
#5708 = EDGE_CURVE('',#5709,#5709,#5711,.T.);
#5709 = VERTEX_POINT('',#5710);
#5710 = CARTESIAN_POINT('',(-13.4,3.,12.));
#5711 = SURFACE_CURVE('',#5712,(#5717,#5724),.PCURVE_S1.);
#5712 = CIRCLE('',#5713,1.6);
#5713 = AXIS2_PLACEMENT_3D('',#5714,#5715,#5716);
#5714 = CARTESIAN_POINT('',(-15.,3.,12.));
#5715 = DIRECTION('',(0.,-1.,2.22044604925E-16));
#5716 = DIRECTION('',(1.,0.,0.));
#5717 = PCURVE('',#5497,#5718);
#5718 = DEFINITIONAL_REPRESENTATION('',(#5719),#5723);
#5719 = LINE('',#5720,#5721);
#5720 = CARTESIAN_POINT('',(0.,4.));
#5721 = VECTOR('',#5722,1.);
#5722 = DIRECTION('',(1.,0.));
#5723 = ( GEOMETRIC_REPRESENTATION_CONTEXT(2) 
PARAMETRIC_REPRESENTATION_CONTEXT() REPRESENTATION_CONTEXT('2D SPACE',''
  ) );
#5724 = PCURVE('',#5725,#5730);
#5725 = PLANE('',#5726);
#5726 = AXIS2_PLACEMENT_3D('',#5727,#5728,#5729);
#5727 = CARTESIAN_POINT('',(-28.,3.,7.));
#5728 = DIRECTION('',(0.,1.,0.));
#5729 = DIRECTION('',(0.,0.,1.));
#5730 = DEFINITIONAL_REPRESENTATION('',(#5731),#5739);
#5731 = ( BOUNDED_CURVE() B_SPLINE_CURVE(2,(#5732,#5733,#5734,#5735,
#5736,#5737,#5738),.UNSPECIFIED.,.T.,.F.) B_SPLINE_CURVE_WITH_KNOTS((1,2
    ,2,2,2,1),(-2.094395102393,0.,2.094395102393,4.188790204786,
6.28318530718,8.377580409573),.UNSPECIFIED.) CURVE() 
GEOMETRIC_REPRESENTATION_ITEM() RATIONAL_B_SPLINE_CURVE((1.,0.5,1.,0.5,
1.,0.5,1.)) REPRESENTATION_ITEM('') );
#5732 = CARTESIAN_POINT('',(5.,14.6));
#5733 = CARTESIAN_POINT('',(7.77128129211,14.6));
#5734 = CARTESIAN_POINT('',(6.385640646055,12.2));
#5735 = CARTESIAN_POINT('',(5.,9.8));
#5736 = CARTESIAN_POINT('',(3.614359353945,12.2));
#5737 = CARTESIAN_POINT('',(2.22871870789,14.6));
#5738 = CARTESIAN_POINT('',(5.,14.6));
#5739 = ( GEOMETRIC_REPRESENTATION_CONTEXT(2) 
PARAMETRIC_REPRESENTATION_CONTEXT() REPRESENTATION_CONTEXT('2D SPACE',''
  ) );
#5740 = ORIENTED_EDGE('',*,*,#5741,.F.);
#5741 = EDGE_CURVE('',#5477,#5709,#5742,.T.);
#5742 = SEAM_CURVE('',#5743,(#5747,#5754),.PCURVE_S1.);
#5743 = LINE('',#5744,#5745);
#5744 = CARTESIAN_POINT('',(-13.4,7.,12.));
#5745 = VECTOR('',#5746,1.);
#5746 = DIRECTION('',(0.,-1.,2.22044604925E-16));
#5747 = PCURVE('',#5497,#5748);
#5748 = DEFINITIONAL_REPRESENTATION('',(#5749),#5753);
#5749 = LINE('',#5750,#5751);
#5750 = CARTESIAN_POINT('',(6.28318530718,-0.));
#5751 = VECTOR('',#5752,1.);
#5752 = DIRECTION('',(0.,1.));
#5753 = ( GEOMETRIC_REPRESENTATION_CONTEXT(2) 
PARAMETRIC_REPRESENTATION_CONTEXT() REPRESENTATION_CONTEXT('2D SPACE',''
  ) );
#5754 = PCURVE('',#5497,#5755);
#5755 = DEFINITIONAL_REPRESENTATION('',(#5756),#5760);
#5756 = LINE('',#5757,#5758);
#5757 = CARTESIAN_POINT('',(0.,-0.));
#5758 = VECTOR('',#5759,1.);
#5759 = DIRECTION('',(0.,1.));
#5760 = ( GEOMETRIC_REPRESENTATION_CONTEXT(2) 
PARAMETRIC_REPRESENTATION_CONTEXT() REPRESENTATION_CONTEXT('2D SPACE',''
  ) );
#5761 = ORIENTED_EDGE('',*,*,#5476,.T.);
#5762 = ORIENTED_EDGE('',*,*,#5741,.T.);
#5763 = ADVANCED_FACE('',(#5764),#5689,.F.);
#5764 = FACE_BOUND('',#5765,.F.);
#5765 = EDGE_LOOP('',(#5766));
#5766 = ORIENTED_EDGE('',*,*,#5674,.F.);
#5767 = ADVANCED_FACE('',(#5768),#5725,.T.);
#5768 = FACE_BOUND('',#5769,.T.);
#5769 = EDGE_LOOP('',(#5770));
#5770 = ORIENTED_EDGE('',*,*,#5708,.F.);
#5771 = ( GEOMETRIC_REPRESENTATION_CONTEXT(3) 
GLOBAL_UNCERTAINTY_ASSIGNED_CONTEXT((#5775)) 
GLOBAL_UNIT_ASSIGNED_CONTEXT((#5772,#5773,#5774)) REPRESENTATION_CONTEXT
('Context #1','3D Context with UNIT and UNCERTAINTY') );
#5772 = ( LENGTH_UNIT() NAMED_UNIT(*) SI_UNIT(.MILLI.,.METRE.) );
#5773 = ( NAMED_UNIT(*) PLANE_ANGLE_UNIT() SI_UNIT($,.RADIAN.) );
#5774 = ( NAMED_UNIT(*) SI_UNIT($,.STERADIAN.) SOLID_ANGLE_UNIT() );
#5775 = UNCERTAINTY_MEASURE_WITH_UNIT(LENGTH_MEASURE(2.E-07),#5772,
  'distance_accuracy_value','confusion accuracy');
#5776 = PRODUCT_RELATED_PRODUCT_CATEGORY('part',$,(#7));
ENDSEC;
END-ISO-10303-21;
